sofascore_player_id,player_name,position,position_category,league,matches_played,total_minutes,avg_rating,goals_p90,assists_p90,shots_p90,xg_p90,xa_p90,passes_p90,key_passes_p90,pass_accuracy,duels_won_p90,interceptions_p90,tackles_p90,total_injuries,total_days_absent,total_matches_missed,avg_days_per_injury,injuries_2y,days_absent_2y,currently_injured,max_days_single_injury,contract_years_left,free_agent,tm_id,team_tm,position_tm,nationality,birth_year,age,match_score,market_value_eur,market_value_sofascore,target_value_eur,log_target_value,saves_p90
2087085,Yan Diomande,M,MID,La Liga,7,507.0,7.414285714285714,0.3469387755102041,0.2040816326530612,1.401591144932549,0.276512397094431,0.1193621982704946,25.913178830854378,2.4424074714631616,0.9053875489589774,8.599100657212038,1.5714285714285714,2.1020408163265305,1.0,12.0,2.0,12.0,0.0,0.0,False,12.0,5.0,False,1390649.0,CD Leganés,Extremo derecho,RB Leipzig,2006.0,19.0,100.0,1500000.0,82000000.0,1500000.0,14.220976332738882,0.0
3041,Raúl Albiol,D,DEF,La Liga,14,1184.0,6.692857142857143,0.0,0.0,0.1428571428571428,0.0501,0.0092135925630252,60.60504201680673,0.0,0.8956997353933612,3.273109243697479,0.5357142857142857,0.7142857142857143,12.0,314.0,60.0,26.166666666666668,1.0,36.0,False,79.0,,True,15452.0,Villarreal CF,Defensa central,Sin equipo,1985.0,40.0,100.0,1000000.0,760000.0,1000000.0,13.815511557963774,0.0
3577,Dante,D,DEF,Ligue 1,22,1854.0,6.886363636363637,0.0,0.0,0.4096016343207354,0.0579786516853932,0.025522502675943,67.22680349116341,0.1818181818181818,0.8871158495460758,4.500492025907911,1.5227179230663148,1.6131162887455794,18.0,934.0,138.0,51.888888888888886,4.0,63.0,False,213.0,,False,16136.0,OGC Niza,Defensa central,Retirado,1983.0,42.0,100.0,500000.0,550000.0,500000.0,13.122365377402328,0.0
8959,Manuel Neuer,G,GK,Bundesliga,21,1890.0,6.9523809523809526,0.0,0.0,0.0,,0.0022881819047619,38.42857142857143,0.0476190476190476,0.8426566576455853,0.3333333333333333,0.0,0.0476190476190476,40.0,1205.0,201.0,30.125,6.0,124.0,False,312.0,2.0,False,17259.0,Bayern Múnich,Portero,Bayern Múnich,1986.0,39.0,100.0,4000000.0,4099999.0,4000000.0,15.201805169084134,1.4285714285714284
10589,Ashley Young,D,DEF,Premier League,18,1479.0,7.016666666666667,0.0555555555555555,0.1666666666666666,0.2907153729071537,0.0563506849315068,0.1369255492467778,35.43749184220093,1.1817501735999256,0.7111091545116319,4.987568225187518,1.3209646389626584,2.880655873806558,14.0,752.0,103.0,53.71428571428572,1.0,46.0,False,184.0,,False,14086.0,Everton FC,Lateral derecho,Retirado,1985.0,40.0,100.0,500000.0,440000.0,500000.0,13.122365377402328,0.0
14718,Lorenzo De Silvestri,D,DEF,Serie A,13,948.0,6.753846153846154,0.0769230769230769,0.0,0.7368809479767914,0.1645071017568827,0.0322515264842369,36.38686759587454,0.4690431519699812,0.7882832407153354,2.7270843240679143,1.0480697591656023,0.7601177695250575,24.0,505.0,54.0,21.041666666666668,3.0,34.0,False,128.0,2.0,False,33571.0,Bolonia,Lateral derecho,Bolonia,1988.0,37.0,100.0,800000.0,630000.0,800000.0,13.592368256649284,0.0
15219,Lukáš Hrádecký,G,GK,Bundesliga,28,2520.0,6.932142857142857,0.0,0.0,0.0,,0.0010034689285714,27.642857142857142,0.0,0.7302696503979611,0.0714285714285714,0.0,0.0,8.0,249.0,45.0,31.125,1.0,6.0,False,71.0,2.0,False,48015.0,Bayer 04 Leverkusen,Portero,AS Mónaco,1989.0,36.0,100.0,2000000.0,1900000.0,2000000.0,14.508658238524095,3.0
15466,Luka Modrić,M,MID,La Liga,19,1530.0,7.815789473684211,0.0550795593635251,0.2637492607924305,0.9331751361546584,0.073682467432257,0.3034234262351547,87.09095362579565,3.449111232653058,0.917227300593376,3.170034272961043,1.4563187345778783,1.391358217693003,31.0,564.0,103.0,18.193548387096776,1.0,6.0,False,113.0,2.0,False,27992.0,Real Madrid CF,Mediocentro,AC Milan,1985.0,40.0,100.0,4000000.0,4400000.0,4000000.0,15.201805169084134,0.0
15479,Łukasz Fabiański,G,GK,Premier League,13,1071.0,7.06923076923077,0.0,0.0,0.0,,0.00103384,33.19230769230769,0.0,0.6306036376055352,0.6923076923076923,0.0,0.0,16.0,896.0,152.0,56.0,1.0,15.0,False,313.0,,False,29692.0,West Ham United,Portero,Retirado,1985.0,40.0,100.0,500000.0,260000.0,500000.0,13.122365377402328,3.949579831932773
16206,Yann Sommer,G,GK,Serie A,33,2970.0,7.093939393939394,0.0,0.0,0.0,,0.0006542742424242,36.03030303030303,0.0,0.8771869686325044,0.1515151515151515,0.0,0.0,11.0,121.0,19.0,11.0,3.0,29.0,False,26.0,4.0,False,42205.0,Inter de Milán,Portero,Club Brujas KV,1988.0,37.0,100.0,4000000.0,2300000.0,4000000.0,15.201805169084134,2.5757575757575757
1495844,Mikel Jauregizar,M,MID,La Liga,28,2101.0,6.967857142857143,0.0859375,0.0502232142857142,0.7417440607218972,0.0778516127072884,0.0401347799924092,43.38374088959927,0.9165804057790458,0.8143313606670375,7.219533488115814,1.2224170918367343,3.4255373165992045,1.0,10.0,1.0,10.0,0.0,0.0,False,10.0,6.0,False,938729.0,Athletic Club,Mediocentro,Athletic Club,2003.0,22.0,100.0,30000000.0,36000000.0,30000000.0,17.216707972959764,0.0
1495876,Mamadou Diakhon,F,FWD,Ligue 1,10,562.0,7.07,0.1525423728813559,0.1525423728813559,2.2727848320351054,0.167561997641809,0.0849042021264325,20.08364434738307,1.5837517884657717,0.8502443634796576,6.094119187264349,0.1607142857142857,0.8045454545454545,3.0,32.0,5.0,10.666666666666666,2.0,25.0,False,13.0,4.0,False,1054839.0,Stade de Reims,Extremo izquierdo,Club Brujas KV,2005.0,20.0,100.0,3000000.0,9700000.0,3000000.0,14.914123179965662,0.0
1500627,Hiroki Sekine,D,DEF,Ligue 1,10,834.0,6.859999999999999,0.0,0.0,0.4608695652173913,0.0590695652173913,0.0489240532608695,40.88260869565217,0.3304347826086956,0.8139584840087624,3.1608695652173915,0.7304347826086957,0.7304347826086957,0.0,0.0,0.0,0.0,0.0,0.0,False,0.0,2.0,False,1137808.0,Stade de Reims,Lateral derecho,Holstein Kiel,2002.0,23.0,100.0,1200000.0,1400000.0,1200000.0,13.997832948091215,0.0
1506932,Marius Courcoul,M,MID,Ligue 1,3,238.0,6.833333333333333,0.0,0.0,1.0776255707762556,0.0549520547945205,0.0090780062648401,36.94977168949772,0.3333333333333333,0.9274097007223944,2.221917808219178,1.9662100456621003,1.0776255707762556,2.0,156.0,30.0,78.0,1.0,116.0,False,116.0,2.0,False,1075575.0,Angers SCO,Pivote,Angers SCO,2007.0,18.0,100.0,300000.0,53000.0,300000.0,12.611541086966117,0.0
1513451,Juanma Herzog,D,DEF,La Liga,16,1289.0,6.8375,0.0,0.0,0.649537852112676,0.1322990903755868,0.0032724588750607,41.815899708596405,0.0,0.8385787241461061,4.1159088149587175,1.416263204225352,1.0078125,0.0,0.0,0.0,0.0,0.0,0.0,False,0.0,3.0,False,1146029.0,UD Las Palmas,Defensa central,UD Las Palmas,2004.0,21.0,100.0,2500000.0,1500000.0,2500000.0,14.731801689838347,0.0
1514916,Sidiki Cherif,F,FWD,Ligue 1,3,244.0,6.333333333333333,0.0,0.0,1.507422402159244,0.1651019568151147,0.0767989829959514,14.280701754385964,0.7280701754385964,0.5003205128205128,4.906882591093117,0.0,0.7793522267206477,5.0,273.0,30.0,54.6,2.0,235.0,False,124.0,5.0,False,986288.0,Angers SCO,Delantero centro,Fenerbahce,2006.0,19.0,100.0,800000.0,16900000.0,800000.0,13.592368256649284,0.0
1468090,Alfon González,F,FWD,La Liga,18,1239.0,6.944444444444445,0.2393373152866824,0.115079365079365,2.6641479386083837,0.2248936030805459,0.1196062314428641,20.56417022265618,1.3866997035222166,0.738044423899687,4.077018102484178,0.2961729154537099,0.4501185733551303,5.0,138.0,16.0,27.6,1.0,20.0,False,49.0,3.0,False,357628.0,RC Celta de Vigo,Extremo izquierdo,Sevilla FC,1999.0,26.0,100.0,5000000.0,3300000.0,5000000.0,15.424948670398354,0.0
1469180,Moise Bombito,D,DEF,Ligue 1,25,2149.0,6.904,0.0,0.0,0.3590163934426229,0.1115047570257611,0.0230266764596459,58.03637846191772,0.08,0.895587412875461,4.560912305985645,0.74,1.5665001090367787,6.0,444.0,77.0,74.0,3.0,76.0,False,238.0,3.0,False,1089202.0,OGC Niza,Defensa central,OGC Niza,2000.0,25.0,100.0,10000000.0,7800000.0,10000000.0,16.118095750958314,0.0
1471671,Jaydee Canvot,D,DEF,Ligue 1,11,958.0,6.818181818181818,0.0,0.0,0.4652406417112299,0.0550617647058823,0.0284482961987629,38.0433061391697,0.4634146341463415,0.8508613905086876,3.631412841205312,0.7516005121638923,1.7516005121638925,0.0,0.0,0.0,0.0,0.0,0.0,False,0.0,4.0,False,1006411.0,Toulouse FC,Defensa central,Crystal Palace,2006.0,19.0,100.0,4000000.0,18100000.0,4000000.0,15.201805169084134,0.0
1473137,Giovanni Leoni,D,DEF,Serie A,17,1203.0,6.711764705882352,0.0594844679444811,0.0,0.1183079973562458,0.1132505617977528,0.0039878903395634,45.871250560678895,0.0840336134453781,0.8707316959604148,3.0117186987465274,1.0577381142055955,1.0232853729218565,2.0,386.0,50.0,193.0,1.0,44.0,True,342.0,6.0,False,1086619.0,Parma,Defensa central,Liverpool FC,2006.0,19.0,100.0,18000000.0,27000000.0,18000000.0,16.705882371415992,0.0
1473491,Senny Mayulu,M,MID,Ligue 1,9,683.0,7.122222222222222,0.2603648424543947,0.4444444444444444,2.7744205643150543,0.3835633340846349,0.2584036577556954,45.67443045840109,1.4832664331356975,0.9094862432242732,5.404759401332163,0.4860969242991715,2.0232954549928,5.0,87.0,15.0,17.4,1.0,25.0,False,29.0,2.0,False,903693.0,París Saint-Germain FC,Mediocentro,París Saint-Germain FC,2006.0,19.0,100.0,15000000.0,38000000.0,15000000.0,16.52356082573315,0.0
1492676,Rabby Nzingoula,M,MID,Ligue 1,22,1539.0,6.8,0.0601604278074866,0.0,0.954716821784792,0.1079017596125887,0.0837197138521673,32.72850081526266,0.573442082111437,0.7648665095476983,7.688546678031186,1.496143744377144,3.352537957002593,1.0,6.0,0.0,6.0,0.0,0.0,False,6.0,2.0,False,1068110.0,Montpellier HSC,Pivote,Racing Club de Estrasburgo,2005.0,20.0,100.0,2500000.0,2100000.0,2500000.0,14.731801689838347,0.0
1493157,Alieu Njie,F,FWD,Serie A,3,151.0,6.6000000000000005,0.0,0.0,1.575757575757576,0.1271545454545454,0.0187265623993358,16.783727687837274,0.9090909090909092,0.7380952380952381,8.115400581154006,0.0,0.8219178082191781,5.0,221.0,19.0,44.2,3.0,194.0,True,159.0,4.0,False,934527.0,Torino FC,Extremo izquierdo,Torino FC,2005.0,20.0,100.0,2500000.0,2400000.0,2500000.0,14.731801689838347,0.0
1493689,Assane Diao,F,FWD,Serie A,18,1428.0,7.066666666666666,0.4648033185306799,0.2447916666666666,1.9848056665951483,0.3009233768175346,0.0673733307139767,19.602601036411432,0.9356404128155904,0.8154172482546984,7.295612853702211,0.186431876121235,1.693980176181759,5.0,221.0,46.0,44.2,1.0,68.0,True,71.0,4.0,False,1061282.0,Como 1907,Extremo izquierdo,Como 1907,2005.0,20.0,100.0,30000000.0,31000000.0,30000000.0,17.216707972959764,0.0
1457536,Andrés García,D,DEF,Premier League,3,180.0,6.333333333333333,0.0,0.0,0.6666666666666666,0.0414,0.1597558333333333,35.333333333333336,0.6666666666666666,0.8311507936507937,4.333333333333333,0.0,2.333333333333333,4.0,284.0,41.0,71.0,1.0,116.0,False,135.0,2.0,False,1063329.0,Aston Villa,Lateral derecho,Getafe CF,2003.0,22.0,100.0,7000000.0,7600000.0,7000000.0,15.76142084987672,0.0
1462434,George Ilenikhena,F,FWD,Ligue 1,7,443.0,6.714285714285714,0.2857142857142857,0.1495016611295681,2.4424120370964224,0.9884109230492952,0.0404677089980975,12.714421644902131,0.5576649264356905,0.7550235478806907,3.6040501963048697,0.0,0.7253171538885824,4.0,90.0,9.0,22.5,1.0,33.0,False,33.0,4.0,False,1004834.0,AS Mónaco,Delantero centro,Al-Ittihad Club,2006.0,19.0,100.0,15000000.0,11100000.0,15000000.0,16.52356082573315,0.0
1462778,Lilian Raolisoa,D,DEF,Ligue 1,12,979.0,6.683333333333334,0.0,0.1,0.8339174957596011,0.0649671545024176,0.1020165542061226,26.21778590365571,0.8524534789857908,0.7648971209616294,5.277336383627152,0.8156385281385282,2.600502417107889,2.0,28.0,2.0,14.0,1.0,20.0,False,20.0,3.0,False,829874.0,Angers SCO,Lateral derecho,Angers SCO,2000.0,25.0,100.0,800000.0,1900000.0,800000.0,13.592368256649284,0.0
1463265,Antoine Joujou,M,MID,Ligue 1,10,695.0,6.83,0.0,0.3817047817047817,0.9205360750855844,0.09846539103263,0.3515304468860767,20.46303194706406,1.352899052899053,0.650890220890221,5.297167228300145,0.9326403326403326,1.5885221837496593,1.0,55.0,6.0,55.0,1.0,55.0,False,55.0,3.0,False,1028162.0,Le Havre AC,Extremo izquierdo,Parma,2003.0,22.0,100.0,2000000.0,2100000.0,2000000.0,14.508658238524095,0.0
1464648,Peio Canales,M,MID,La Liga,3,189.0,6.733333333333333,0.0,0.0,0.8823529411764706,0.2207647058823529,0.0645790568529899,29.997805092186127,1.7910447761194028,0.8672961499048455,2.340015608233343,0.5555555555555555,0.4477611940298507,2.0,19.0,3.0,9.5,1.0,15.0,False,15.0,2.0,False,1056966.0,Athletic Club,Mediocentro ofensivo,Athletic Club,2005.0,20.0,100.0,1000000.0,4900000.0,1000000.0,13.815511557963774,0.0
1466116,Jon Martin,D,DEF,La Liga,13,900.0,6.923076923076923,0.0,0.1193633952254641,1.111919226490973,0.1973263440860214,0.0135921727927022,48.94514828886353,0.3501326259946949,0.8266763211223113,6.232829461972955,0.9230769230769232,0.979020979020979,1.0,17.0,2.0,17.0,0.0,0.0,False,17.0,7.0,False,1018938.0,Real Sociedad,Defensa central,Real Sociedad,2006.0,19.0,100.0,8000000.0,19300000.0,8000000.0,15.894952224644102,0.0
1466124,Adam Aznou,D,DEF,La Liga,11,823.0,6.654545454545455,0.0,0.0,0.3636363636363636,0.1419,0.0166748928473111,26.31858194622279,0.3636363636363636,0.6635582091662072,7.532330345710627,1.0738636363636365,2.88868437900128,2.0,171.0,13.0,85.5,0.0,0.0,False,139.0,4.0,False,938146.0,Bayern Múnich,Lateral izquierdo,Everton FC,2006.0,19.0,100.0,4000000.0,7200000.0,4000000.0,15.201805169084134,0.0
1468046,Santiago Mouriño,D,DEF,La Liga,22,1818.0,6.959090909090909,0.0,0.0454545454545454,0.5935828877005348,0.0879858823529411,0.0242274841677807,30.94836229946524,0.2272727272727272,0.767604347764317,5.159090909090909,1.3970588235294117,1.9318181818181817,3.0,73.0,8.0,24.33333333333333,1.0,27.0,False,32.0,5.0,False,953901.0,Deportivo Alavés,Lateral derecho,Villarreal CF,2002.0,23.0,100.0,3000000.0,9700000.0,3000000.0,14.914123179965662,0.0
1423711,Myles Lewis-Skelly,D,DEF,Premier League,8,602.0,6.95,0.1264044943820224,0.0,0.1264044943820224,0.042876404494382,0.0348082795769251,42.29986951585613,0.4130434782608695,0.9487248709697974,7.020609251883898,0.7702485966319166,2.5187225818451053,1.0,17.0,3.0,17.0,1.0,17.0,False,17.0,5.0,False,890721.0,Arsenal FC,Lateral izquierdo,Arsenal FC,2006.0,19.0,100.0,45000000.0,37000000.0,45000000.0,17.622173069956816,0.0
1426221,Nhoa Sangui,D,DEF,Ligue 1,14,940.0,6.642857142857143,0.0,0.2551020408163265,0.1428571428571428,0.0110999999999999,0.0498472773633837,38.575267797665376,0.6836734693877551,0.8314433154506684,3.4991050235037355,0.6871745765754983,1.6385370200785894,3.0,65.0,11.0,21.666666666666668,2.0,18.0,False,47.0,5.0,False,955281.0,Stade de Reims,Lateral izquierdo,Paris FC,2006.0,19.0,100.0,2500000.0,9400000.0,2500000.0,14.731801689838347,0.0
1426224,Mathis Amougou,M,MID,Ligue 1,8,609.0,6.55,0.0,0.0,0.6952141143760563,0.0815130447582183,0.0197896096141536,24.241146767635072,0.25,0.7441472034157792,2.8417363160896114,1.5205235940530055,1.7804573173106129,3.0,54.0,6.0,18.0,1.0,28.0,False,28.0,5.0,False,1010854.0,Chelsea FC,Mediocentro,Racing Club de Estrasburgo,2006.0,19.0,100.0,10000000.0,10600000.0,10000000.0,16.118095750958314,0.0
1440948,Can Uzun,F,FWD,Bundesliga,8,481.0,7.1875,0.1584507042253521,0.1323529411764706,4.048172710288227,0.3798400069317859,0.222374902829243,36.76982551989117,2.4408514095299667,0.8157197523318251,6.118049375205172,0.1584507042253521,1.450459749820039,9.0,157.0,21.0,17.444444444444443,5.0,69.0,False,41.0,4.0,False,816585.0,Eintracht Fráncfort​​,Mediocentro ofensivo,Eintracht Fráncfort​​,2005.0,20.0,100.0,18000000.0,44000000.0,18000000.0,16.705882371415992,0.0
1442036,Emmanuel Biumla,D,DEF,Ligue 1,14,1215.0,6.807142857142857,0.0714285714285714,0.0,0.2857142857142857,0.3505999999999999,0.0056875942857142,34.357142857142854,0.0714285714285714,0.8875286507626916,3.7142857142857135,0.5714285714285714,1.3571428571428572,8.0,257.0,36.0,32.125,5.0,209.0,False,62.0,3.0,False,1071956.0,Angers SCO,Defensa central,Angers SCO,2005.0,20.0,100.0,4000000.0,3200000.0,4000000.0,15.201805169084134,0.0
1444690,Arthur Atta,M,MID,Serie A,12,908.0,6.766666666666667,0.0,0.1171875,1.5387399634020762,0.1323012275220214,0.1297635055163787,38.5090547088675,1.4490530303030305,0.8180869883800982,4.60982356729818,0.2738095238095238,1.0530115012106538,3.0,60.0,10.0,20.0,1.0,22.0,False,34.0,6.0,False,855308.0,Udinese,Mediocentro,Fiorentina,2003.0,22.0,100.0,8000000.0,16300000.0,8000000.0,15.894952224644102,0.0
1445625,Jérémy Jacquet,D,DEF,Ligue 1,11,929.0,7.145454545454545,0.0,0.0909090909090909,0.7272727272727273,0.14382,0.059758131012385,46.63353718073899,0.3636363636363636,0.8429713527880985,5.334755126162701,2.7346729019990748,2.507168919266149,5.0,165.0,19.0,33.0,3.0,40.0,False,113.0,6.0,False,1004301.0,Stade Rennais FC,Defensa central,Liverpool FC,2005.0,20.0,100.0,10000000.0,57000000.0,10000000.0,16.118095750958314,0.0
1445628,Djaoui Cissé,M,MID,Ligue 1,14,1129.0,7.107142857142857,0.0714285714285714,0.0,1.147621259608247,0.0521664995936743,0.0597657969785704,48.94291709240296,0.4791280148423005,0.8824714514947046,5.222385713678597,1.0443140531710242,2.716221087796364,0.0,0.0,0.0,0.0,0.0,0.0,False,0.0,5.0,False,931160.0,Stade Rennais FC,Mediocentro,Stade Rennais FC,2004.0,21.0,100.0,8000000.0,14000000.0,8000000.0,15.894952224644102,0.0
50490,Wojciech Szczęsny,G,GK,La Liga,14,1260.0,6.921428571428572,0.0,0.0,0.0,,0.0003921378571428,25.928571428571427,0.0,0.8675070736299698,0.1428571428571428,0.0,0.0714285714285714,14.0,271.0,23.0,19.357142857142858,1.0,7.0,False,50.0,2.0,False,44058.0,FC Barcelona,Portero,FC Barcelona,1990.0,35.0,100.0,1000000.0,820000.0,1000000.0,13.815511557963774,1.5
51640,Wahbi Khazri,F,FWD,Ligue 1,10,684.0,6.75,0.1046511627906976,0.1323529411764706,2.6229398273526945,0.2392326650734174,0.1513796392245648,21.79821220870772,1.5934477286376831,0.74231813264708,4.823502749281963,0.3421090387374462,1.5071917287902117,21.0,287.0,33.0,13.666666666666666,4.0,83.0,False,36.0,,False,103565.0,Montpellier HSC,Extremo izquierdo,Retirado,1991.0,34.0,100.0,1000000.0,,1000000.0,13.815511557963774,0.0
51665,Benjamin André,M,MID,Ligue 1,29,2603.0,7.224137931034483,0.0,0.1034482758620689,0.5517241379310345,0.1260909090909091,0.092510838782717,63.28084752804321,0.7270461154964686,0.8367781637376486,8.594931449937683,1.557540506855006,3.523057748234317,15.0,239.0,31.0,15.933333333333334,1.0,18.0,False,64.0,3.0,False,84301.0,LOSC Lille,Pivote,LOSC Lille,1990.0,35.0,100.0,5000000.0,4099999.0,5000000.0,15.424948670398354,0.0
52663,Óscar de Marcos,D,DEF,La Liga,19,1503.0,7.005263157894737,0.0,0.304542069992554,0.5368421052631579,0.1495285714285714,0.122161939644648,44.81266076018933,1.2008876345604502,0.7788759518483953,2.858037927345306,1.0334649314871152,1.8887159055238036,24.0,653.0,82.0,27.20833333333333,4.0,62.0,False,183.0,,False,96718.0,Athletic Club,Lateral derecho,Retirado,1989.0,36.0,100.0,1500000.0,,1500000.0,14.220976332738882,0.0
53739,Kiko Femenía,D,DEF,La Liga,25,2092.0,6.916,0.0,0.04,0.12,0.1196666666666666,0.0848019028399869,50.66030608922175,0.6520221426245523,0.8977871154646178,3.3320221426245524,1.6172972972972974,1.9686486486486487,8.0,223.0,31.0,27.875,0.0,0.0,False,74.0,2.0,False,76467.0,Villarreal CF,Lateral derecho,Getafe CF,1991.0,34.0,100.0,900000.0,840000.0,900000.0,13.71015115341694,0.0
54308,Loic Négo,D,DEF,Ligue 1,27,2336.0,6.722222222222222,0.0,0.0,0.3638420724094881,0.0755425461476725,0.0606935841651247,35.77662126241771,0.4846050870147255,0.7585111856178062,4.318984098765288,1.13258954797586,2.145569013790543,3.0,39.0,4.0,13.0,2.0,27.0,False,24.0,2.92,False,122840.0,Le Havre AC,Lateral derecho,Omonia Nicosia,1991.0,34.0,100.0,700000.0,650000.0,700000.0,13.45883704259595,0.0
57627,Karol Mets,D,DEF,Bundesliga,10,900.0,6.92,0.0,0.0,0.3,0.0423666666666666,0.036989587,62.3,0.3,0.8238038574368733,4.2,1.2,1.3,5.0,383.0,46.0,76.6,1.0,257.0,True,257.0,3.0,False,139304.0,FC St. Pauli,Defensa central,VfL Bochum,1993.0,32.0,100.0,1300000.0,825000.0,1300000.0,14.077875591662238,0.0
58351,Christian Kabasele,D,DEF,Serie A,15,1148.0,7.026666666666667,0.1333333333333333,0.0,1.1276392966825284,0.2147804887617697,0.0366210868650735,41.78722765651036,0.4134656272147413,0.8211324219955607,5.4815960446039895,1.1815213243755898,1.558351635447387,5.0,103.0,16.0,20.6,1.0,14.0,False,39.0,2.0,False,81512.0,Udinese,Defensa central,Udinese,1991.0,34.0,100.0,700000.0,860000.0,700000.0,13.45883704259595,0.0
48480,Pascal Groß,M,MID,Bundesliga,29,2316.0,7.131034482758621,0.0,0.3880670855390095,1.0506951730156815,0.1371512657414144,0.2403407836549105,67.2210473472636,2.278967031747775,0.8503644529776788,3.219822671952553,0.3639162561576354,1.7420129017844272,6.0,167.0,17.0,27.83333333333333,1.0,13.0,False,83.0,2.0,False,82873.0,Borussia Dortmund,Mediocentro,Brighton & Hove Albion,1991.0,34.0,100.0,5000000.0,3200000.0,5000000.0,15.424948670398354,0.0
48535,Anthony Lopes,G,GK,Ligue 1,17,1474.0,6.964705882352941,0.0,0.0,0.0,,0.0009511384429065,28.24567474048443,0.0,0.6244793632400764,0.5882352941176471,0.0588235294117647,0.0588235294117647,10.0,157.0,27.0,15.7,2.0,34.0,False,38.0,3.0,False,60561.0,FC Nantes,Portero,Angers SCO,1990.0,35.0,100.0,1200000.0,1000000.0,1200000.0,13.997832948091215,2.6865671641791042
48557,Christopher Trimmel,M,MID,Bundesliga,20,1561.0,6.995,0.0,0.1758802816901408,0.4964285714285714,0.0412583333333333,0.164457268471107,25.962739631557604,1.6999874857714936,0.6294262600734502,3.578441021004312,1.0118131868131868,2.057511475865906,17.0,259.0,34.0,15.235294117647058,0.0,0.0,False,72.0,2.0,False,75921.0,1.FC Unión Berlín,Lateral derecho,1.FC Unión Berlín,1987.0,38.0,100.0,600000.0,555000.0,600000.0,13.304686600863562,0.0
48660,Kevin Vogt,D,DEF,Bundesliga,15,1164.0,6.819999999999999,0.1,0.0,0.1,1.1826,0.0156633878950086,56.97745266781411,0.272289156626506,0.8641994162411678,2.209064830751578,0.6,0.7454388984509467,45.0,822.0,100.0,18.266666666666666,6.0,114.0,False,130.0,,False,84435.0,1.FC Unión Berlín,Defensa central,Retirado,1991.0,34.0,100.0,1000000.0,415000.0,1000000.0,13.815511557963774,0.0
49639,Nicolas Höfler,M,MID,Bundesliga,7,585.0,6.985714285714286,0.0,0.0,0.4285714285714285,0.08195,0.0255984085714285,39.285714285714285,0.2857142857142857,0.8476861050805741,8.285714285714286,1.8571428571428568,4.571428571428571,12.0,265.0,29.0,22.08333333333333,0.0,0.0,False,109.0,,False,55099.0,SC Friburgo,Pivote,SC Freiburg II,1990.0,35.0,100.0,500000.0,475000.0,500000.0,13.122365377402328,0.0
50027,Craig Dawson,D,DEF,Premier League,11,933.0,6.709090909090909,0.0,0.0,0.4685314685314685,0.1244673076923077,0.0085720846853146,52.87412587412587,0.1818181818181818,0.8713485852972108,3.8461538461538463,0.6363636363636364,1.3776223776223775,6.0,197.0,31.0,32.833333333333336,3.0,75.0,False,67.0,,True,121477.0,Wolverhampton Wanderers,Defensa central,Sin equipo,1990.0,35.0,100.0,1500000.0,980000.0,1500000.0,14.220976332738882,0.0
50070,Alexandre Lacazette,F,FWD,Ligue 1,23,1871.0,7.130434782608695,0.7086644825869869,0.0869565217391304,2.6269079050381654,0.877016047607872,0.1907586462334743,21.93120150254444,1.0008993531833963,0.7232359644045634,3.236744464365398,0.3551317048158385,0.5230424921266336,36.0,494.0,64.0,13.72222222222222,5.0,44.0,False,49.0,2.0,False,93720.0,Olympique de Lyon,Delantero centro,NEOM SC,1991.0,34.0,100.0,6000000.0,5300000.0,6000000.0,15.607270193858982,0.0
50480,Chris Wood,F,FWD,Premier League,27,2253.0,7.1037037037037045,0.7320328448979585,0.1210573287301251,2.088768750425307,0.5274630968544913,0.0415849869147539,14.584377391552923,0.590522110902649,0.6532032325418977,3.9836306220703137,0.1607126113455227,0.157063772385893,15.0,493.0,82.0,32.86666666666667,2.0,53.0,False,96.0,2.0,False,108725.0,Nottingham Forest,Delantero centro,Nottingham Forest,1991.0,34.0,100.0,10000000.0,6300000.0,10000000.0,16.118095750958314,0.0
44566,Adam Smith,D,DEF,Premier League,13,911.0,6.523076923076923,0.0,0.0,0.0769230769230769,0.5978,0.0105106375727213,27.65035552682611,0.1923076923076923,0.7881541474817306,3.2835164835164834,1.0802197802197802,1.303296703296703,18.0,689.0,90.0,38.27777777777778,2.0,97.0,False,91.0,2.0,False,61841.0,AFC Bournemouth,Lateral derecho,AFC Bournemouth,1991.0,34.0,100.0,750000.0,515000.0,750000.0,13.527829818844936,0.0
44614,Kyle Walker,D,DEF,Premier League,19,1491.0,6.842105263157895,0.0,0.0,0.5060728744939271,0.0618711538461538,0.1006834489778955,60.21282554527058,0.6178957617998257,0.8889947887496144,3.7871758398074182,0.586275816122585,1.914213808950651,17.0,482.0,85.0,28.352941176470587,4.0,60.0,False,109.0,2.0,False,95424.0,AC Milan,Lateral derecho,Burnley FC,1990.0,35.0,100.0,4000000.0,2300000.0,4000000.0,15.201805169084134,0.0
44864,Daley Blind,D,DEF,La Liga,31,2709.0,7.070967741935483,0.0,0.086021505376344,0.3225806451612903,0.04844,0.0879643415053763,78.87096774193549,0.6021505376344085,0.8940333558120143,3.096774193548387,0.967741935483871,1.5806451612903225,10.0,351.0,58.0,35.1,1.0,22.0,False,90.0,2.0,False,12282.0,Girona FC,Defensa central,Ajax de Ámsterdam,1990.0,35.0,100.0,1500000.0,1500000.0,1500000.0,14.220976332738882,0.0
45502,Alex McCarthy,G,GK,Premier League,5,450.0,7.140000000000001,0.0,0.0,0.0,,0.000838204,25.2,0.0,0.7101688914314772,0.6,0.0,0.0,8.0,823.0,116.0,102.875,0.0,0.0,False,292.0,3.0,False,95976.0,Southampton FC,Portero,Leicester City,1989.0,36.0,100.0,350000.0,330000.0,350000.0,12.765691290604371,4.800000000000001
45853,İlkay Gündoğan,M,MID,Premier League,16,1339.0,7.175,0.0,0.1308316430020284,1.046859039836568,0.1850562932697764,0.1395561839993475,66.58794832692891,1.5730771203611726,0.93071902063361,3.5356532236746894,0.839496567441544,0.9653082376975304,35.0,1142.0,203.0,32.628571428571426,1.0,8.0,False,429.0,2.0,False,53622.0,Manchester City,Mediocentro,Galatasaray,1990.0,35.0,100.0,5000000.0,2300000.0,5000000.0,15.424948670398354,0.0
45925,Stephan El Shaarawy,F,FWD,Serie A,14,881.0,7.128571428571428,0.2857142857142857,0.2381669535283993,2.3471359632766235,0.2675208864661569,0.1732100900954269,33.604318047672066,0.9676436957108588,0.822865532952919,4.209455929183909,1.0136525458940848,1.219721806956486,26.0,628.0,111.0,24.153846153846157,1.0,23.0,False,112.0,,True,94529.0,AS Roma,Extremo izquierdo,Sin equipo,1992.0,33.0,100.0,3500000.0,2300000.0,3500000.0,15.068273812173889,0.0
47743,Juan Cuadrado,M,MID,Serie A,14,695.0,7.071428571428571,0.0,0.1785714285714285,2.2717603220024527,0.2044555041944872,0.2011327148507447,49.55234193459542,1.738557749756297,0.8359588128518526,7.440166433716572,0.9579061979183044,1.9691912204018744,24.0,717.0,119.0,29.875,9.0,260.0,False,120.0,,True,91970.0,Atalanta de Bérgamo,Interior derecho,Sin equipo,1988.0,37.0,100.0,1000000.0,950000.0,1000000.0,13.815511557963774,0.0
47772,Michail Antonio,F,FWD,Premier League,13,816.0,6.653846153846154,0.0989010989010989,0.0923076923076923,1.9903805083289892,0.2575134759331791,0.0922948884472148,16.260415113599603,0.9463188030416892,0.7231268731268732,3.278923894065993,0.0,0.1956371986222732,18.0,935.0,114.0,51.94444444444444,2.0,264.0,False,177.0,,True,104124.0,West Ham United,Delantero centro,Sin equipo,1990.0,35.0,100.0,700000.0,515000.0,700000.0,13.45883704259595,0.0
41013,Aridane Hernández,D,DEF,La Liga,12,981.0,7.016666666666667,0.0,0.0,0.6056338028169014,0.1116549295774647,0.0070960732629107,49.51696542893726,0.1666666666666666,0.8700811518035914,5.70913358941528,0.5446009389671361,1.2112676056338028,9.0,266.0,30.0,29.55555555555556,0.0,0.0,False,63.0,,True,82503.0,Rayo Vallecano,Defensa central,Sin equipo,1989.0,36.0,100.0,300000.0,105000.0,300000.0,12.611541086966117,0.0
41157,Darko Lazović,M,MID,Serie A,20,1340.0,6.76,0.0592105263157894,0.2,0.9547082647638624,0.2562248936170747,0.1017934650899807,23.78352517100956,1.101827295864902,0.6376948128521749,2.839778591617168,0.7637002398467556,1.3553082348066623,13.0,477.0,63.0,36.69230769230769,2.0,63.0,False,197.0,,True,70411.0,Hellas Verona,Interior izquierdo,Sin equipo,1990.0,35.0,100.0,800000.0,740000.0,800000.0,13.592368256649284,0.0
41789,Robert Lewandowski,F,FWD,La Liga,33,2659.0,7.266666666666667,0.902086587569319,0.0768855920732037,3.848007242520177,0.9324497038511712,0.0486665817238229,17.228803007834216,0.5983124247066073,0.7431319947630108,3.473928155140801,0.1094422259770513,0.3229023229023229,26.0,295.0,44.0,11.346153846153848,4.0,62.0,False,29.0,3.0,False,38253.0,FC Barcelona,Delantero centro,Chicago Fire FC,1988.0,37.0,100.0,12000000.0,7500000.0,12000000.0,16.300417291085605,0.0
42209,Martin Dúbravka,G,GK,Premier League,10,900.0,7.109999999999999,0.0,0.0,0.0,,0.0004067679999999,27.8,0.0,0.7500670652876535,0.5,0.0,0.0,9.0,281.0,43.0,31.22222222222222,3.0,38.0,False,119.0,2.0,False,74960.0,Newcastle United,Portero,Tottenham Hotspur,1989.0,36.0,100.0,1000000.0,725000.0,1000000.0,13.815511557963774,2.9
43215,Nathaniel Clyne,D,DEF,Premier League,5,369.0,6.640000000000001,0.0,0.0,0.2465753424657534,0.011958904109589,0.030382539253038,34.093598099867435,0.45,0.7336928104575163,2.980650684931507,0.7806451612903226,2.218150684931507,8.0,703.0,111.0,87.875,0.0,0.0,False,343.0,1.0,False,85177.0,Crystal Palace,Lateral derecho,Crystal Palace,1991.0,34.0,100.0,1000000.0,465000.0,1000000.0,13.815511557963774,0.0
43443,Aaron Cresswell,D,DEF,Premier League,4,323.0,6.95,0.0,0.0,0.5172413793103449,0.079551724137931,0.1051202051108374,41.75738916256158,0.5086206896551724,0.8610730524093695,2.062192118226601,0.6517857142857142,0.5086206896551724,16.0,252.0,28.0,15.75,1.0,11.0,False,85.0,2.0,False,92571.0,West Ham United,Lateral izquierdo,Stoke City,1989.0,36.0,100.0,500000.0,480000.0,500000.0,13.122365377402328,0.0
43970,Marco Silvestri,G,GK,Serie A,5,450.0,6.659999999999999,0.0,0.0,0.0,,0.0031672199999999,26.4,0.0,0.5886122970260901,0.2,0.0,0.0,6.0,142.0,10.0,23.666666666666668,4.0,118.0,False,100.0,,False,85528.0,Empoli FC,Portero,Fatih Karagümrük,1991.0,34.0,100.0,500000.0,525000.0,500000.0,13.122365377402328,3.2
44241,Nemanja Matić,M,MID,Ligue 1,24,1871.0,6.933333333333334,0.0,0.048076923076923,0.0944835680751173,0.0382260563380281,0.0783605572926604,62.42831212405094,0.7402606678654532,0.8759096928941634,3.175327875194049,0.7908198142648718,1.79308145371474,22.0,315.0,42.0,14.318181818181818,4.0,57.0,False,60.0,2.0,False,74683.0,Olympique de Lyon,Pivote,US Sassuolo,1988.0,37.0,100.0,2000000.0,1700000.0,2000000.0,14.508658238524095,0.0
84531,Yuri Berchiche,D,DEF,La Liga,24,1988.0,7.029166666666666,0.0,0.0833333333333333,0.6666666666666666,0.0509916666666666,0.0983750849999999,48.970238095238095,0.875,0.8531135444921724,3.732142857142857,1.0833333333333333,1.482142857142857,22.0,641.0,67.0,29.13636363636364,6.0,108.0,False,243.0,2.0,False,61812.0,Athletic Club,Lateral izquierdo,Athletic Club,1990.0,35.0,100.0,1400000.0,1100000.0,1400000.0,14.151983508870948,0.0
84539,Koke,M,MID,La Liga,25,1761.0,6.916,0.1161290322580645,0.0,0.5125768975318993,0.2961530451961659,0.106192136879366,78.8927304355907,0.743276155380341,0.8870073440816257,3.39805086588125,1.065241678089005,2.0360710721076605,16.0,346.0,61.0,21.625,2.0,84.0,False,45.0,2.0,False,74229.0,Atlético de Madrid,Mediocentro,Atlético de Madrid,1992.0,33.0,100.0,8000000.0,6400000.0,8000000.0,15.894952224644102,0.0
84744,Andy Delort,F,FWD,Ligue 1,8,560.0,6.6875,0.0,0.0,2.800268006450072,0.2361457895365504,0.0888472212999805,17.334491086359293,0.9812208850931676,0.5340034965034965,7.659754986860965,0.0,0.8181774068322981,3.0,60.0,7.0,20.0,0.0,0.0,False,37.0,2.0,False,122797.0,Montpellier HSC,Delantero centro,AC Ajaccio,1991.0,34.0,100.0,1500000.0,1500000.0,1500000.0,14.220976332738882,0.0
84972,Kike García,F,FWD,La Liga,31,2479.0,7.070967741935483,0.3806158411681853,0.0,2.0599636248044377,0.4557328496419382,0.0566656170149116,19.749403738869177,0.5195874758506278,0.6767084031418658,6.89778464583936,0.032258064516129,0.6309893906110771,10.0,400.0,42.0,40.0,1.0,10.0,False,135.0,2.0,False,93936.0,Deportivo Alavés,Delantero centro,RCD Espanyol,1989.0,36.0,100.0,900000.0,825000.0,900000.0,13.71015115341694,0.0
85859,Antoine Griezmann,F,FWD,La Liga,31,2267.0,7.22258064516129,0.2484377947557064,0.1829943234232116,1.7104587370357616,0.3488704700052153,0.2191727675241876,47.20720472710591,1.7496699908863027,0.7949078289439078,3.3849959484474503,0.2287179617068208,1.103631779518803,9.0,154.0,24.0,17.11111111111111,1.0,21.0,False,47.0,3.0,False,125781.0,Atlético de Madrid,Mediapunta,Orlando City SC,1991.0,34.0,100.0,18000000.0,9500000.0,18000000.0,16.705882371415992,0.0
88528,Florian Lejeune,D,DEF,La Liga,36,3236.0,7.1,0.0555555555555555,0.0833333333333333,1.5568475452196384,0.1338237030411449,0.0262478173191214,55.51162790697674,0.3624031007751938,0.8281242711243066,4.366279069767442,1.0833333333333333,1.2525839793281657,8.0,554.0,61.0,69.25,0.0,0.0,False,213.0,3.0,False,127108.0,Rayo Vallecano,Defensa central,Rayo Vallecano,1991.0,34.0,100.0,2500000.0,1900000.0,2500000.0,14.731801689838347,0.0
88625,Marc-André Ter Stegen,G,GK,La Liga,8,675.0,6.8125,0.0,0.0,0.0,,0.0009140662499999,28.25,0.0,0.927817944250871,0.5,0.0,0.0,23.0,975.0,161.0,42.391304347826086,2.0,300.0,False,214.0,3.0,False,74857.0,FC Barcelona,Portero,FC Barcelona,1992.0,33.0,100.0,12000000.0,4200000.0,12000000.0,16.300417291085605,1.8666666666666667
91046,Stefan de Vrij,D,DEF,Serie A,20,1659.0,7.18,0.16,0.0,0.6599999999999999,0.1581971428571428,0.0172015885079365,73.70460317460318,0.05,0.924494650546708,4.935079365079365,1.1714285714285713,0.9584126984126984,35.0,844.0,140.0,24.114285714285717,5.0,81.0,False,298.0,2.0,False,111196.0,Inter de Milán,Defensa central,Panathinaikos,1992.0,33.0,100.0,5000000.0,3200000.0,5000000.0,15.424948670398354,0.0
78893,Romelu Lukaku,F,FWD,Serie A,35,2842.0,6.982857142857143,0.4093757552644171,0.3164204802933265,1.928955024738504,0.4658149033808649,0.0814100366812034,15.338380190205408,1.0975893171482218,0.7097974200535111,2.7440987196513107,0.0299003322259136,0.1176470588235294,22.0,581.0,107.0,26.40909090909091,2.0,17.0,False,123.0,2.0,False,96341.0,SSC Nápoles,Delantero centro,SSC Nápoles,1993.0,32.0,100.0,22000000.0,14500000.0,22000000.0,16.906553056777135,0.0
79645,Mattia Perin,G,GK,Serie A,5,450.0,7.06,0.0,0.0,0.0,,0.001156836,30.4,0.0,0.774632382867677,0.2,0.0,0.0,18.0,929.0,99.0,51.61111111111112,3.0,160.0,True,217.0,2.0,False,110923.0,Juventus de Turín,Portero,Juventus de Turín,1992.0,33.0,100.0,2500000.0,1900000.0,2500000.0,14.731801689838347,2.6
79680,José Luis Palomino,D,DEF,Serie A,12,931.0,6.833333333333333,0.0,0.0,0.0833333333333333,0.0194,0.0157464946710452,44.60691078328065,0.0833333333333333,0.8843508130943971,3.525641025641025,1.49056023884791,2.025641025641025,17.0,362.0,45.0,21.294117647058822,3.0,99.0,False,120.0,1.5,False,125020.0,Cagliari,Defensa central,CA Talleres,1990.0,35.0,100.0,700000.0,515000.0,700000.0,13.45883704259595,0.0
81992,Leandro Cabrera,D,DEF,La Liga,31,2690.0,7.006451612903225,0.1290322580645161,0.064516129032258,0.5846774193548387,0.0819089285714285,0.0211513886693548,43.41129032258065,0.2580645161290322,0.7405008256662535,4.008064516129032,1.0040322580645162,1.3266129032258065,10.0,169.0,19.0,16.9,1.0,19.0,False,36.0,2.0,False,102423.0,RCD Espanyol,Defensa central,RCD Espanyol,1991.0,34.0,100.0,1000000.0,1000000.0,1000000.0,13.815511557963774,0.0
82566,Tom Cairney,M,MID,Premier League,3,170.0,7.033333333333334,0.0,0.0,0.8709273182957392,0.0302340225563909,0.1836531146818659,105.45213841054247,1.83866925377961,0.9132371992783892,4.138168000646778,0.3947368421052631,0.0,21.0,685.0,105.0,32.61904761904762,3.0,29.0,False,289.0,2.0,False,123275.0,Fulham FC,Mediocentro,Fulham FC,1991.0,34.0,100.0,1500000.0,795000.0,1500000.0,14.220976332738882,0.0
82943,Rafael Tolói,D,DEF,Serie A,8,416.0,6.8125,0.0,0.0,0.8394657258064516,0.0526231182795698,0.0755211963635916,54.29425034421715,0.399390243902439,0.8841872089898406,3.852810287175452,1.086890243902439,1.87605109166011,36.0,745.0,118.0,20.694444444444443,8.0,196.0,False,92.0,1.5,False,72441.0,Atalanta de Bérgamo,Defensa central,São Paulo FC,1990.0,35.0,100.0,1400000.0,1000000.0,1400000.0,14.151983508870948,0.0
84251,Kevin Kampl,M,MID,Bundesliga,19,1411.0,6.989473684210527,0.0532229450029568,0.0,0.371391323047148,0.1375820650323459,0.1015971656225743,64.38458837170371,0.725793554942904,0.8943640607434721,2.7286048771141203,1.3491957348487524,1.541868661361279,47.0,740.0,108.0,15.74468085106383,4.0,46.0,False,109.0,,False,53418.0,RB Leipzig,Mediocentro,Retirado,1990.0,35.0,100.0,2500000.0,,2500000.0,14.731801689838347,0.0
69408,Marcos Alonso,D,DEF,La Liga,30,2640.0,7.13,0.1023809523809523,0.0,1.1555322128851542,0.2139829500221141,0.0688368364446778,78.1110294117647,0.7086834733893557,0.8994109012855656,5.069012605042017,1.1926470588235294,1.1767156862745096,12.0,482.0,84.0,40.16666666666666,3.0,128.0,False,112.0,3.0,False,112515.0,RC Celta de Vigo,Defensa central,RC Celta de Vigo,1990.0,35.0,100.0,1500000.0,1500000.0,1500000.0,14.220976332738882,0.0
69416,Oriol Romeu,M,MID,La Liga,18,1263.0,6.788888888888889,0.0,0.0,0.3833542746596981,0.0375098756503899,0.0396749814369577,58.585779099908095,0.5927385969691629,0.9028865381156854,4.165665648396534,1.0124661285453775,2.212301307127305,11.0,480.0,116.0,43.63636363636363,2.0,39.0,False,145.0,,False,66100.0,Girona FC,Pivote,Avispa Fukuoka,1991.0,34.0,100.0,1200000.0,740000.0,1200000.0,13.997832948091215,0.0
69768,Jan Oblak,G,GK,La Liga,35,3150.0,7.051428571428572,0.0,0.0,0.0,,0.000743822,21.17142857142857,0.0,0.7799548735831158,0.2,0.0,0.0,9.0,248.0,36.0,27.55555555555556,0.0,0.0,False,93.0,3.0,False,121483.0,Atlético de Madrid,Portero,Atlético de Madrid,1993.0,32.0,100.0,20000000.0,18100000.0,20000000.0,16.811242881518265,2.428571428571429
70988,Thibaut Courtois,G,GK,La Liga,29,2610.0,7.124137931034483,0.0,0.0,0.0,,0.0005728789655172,28.20689655172414,0.0344827586206896,0.8145080800133981,0.3448275862068966,0.0344827586206896,0.0,28.0,723.0,134.0,25.821428571428573,7.0,365.0,False,235.0,2.0,False,108390.0,Real Madrid CF,Portero,Real Madrid CF,1992.0,33.0,100.0,20000000.0,17400000.0,20000000.0,16.811242881518265,2.5172413793103448
70996,Kevin De Bruyne,M,MID,Premier League,12,984.0,7.825,0.1856210142726996,0.5903829190346044,2.9616978811267844,0.1906066930977945,0.3739228708354135,55.98094766149148,3.5165578515134306,0.8360916354041655,2.5516180273285363,0.4703989703989704,0.7149877149877151,29.0,852.0,186.0,29.379310344827587,5.0,195.0,False,129.0,2.0,False,88755.0,Manchester City,Mediocentro ofensivo,SSC Nápoles,1991.0,34.0,100.0,20000000.0,10400000.0,20000000.0,16.811242881518265,0.0
72998,Rémy Cabella,M,MID,Ligue 1,12,873.0,7.391666666666667,0.0842696629213483,0.0,2.609461401301543,0.3258686354802192,0.2418045009867531,55.72360397282866,1.856534845808964,0.8595703476894315,5.888059470786044,0.3724269401247089,2.57601978822241,21.0,837.0,96.0,39.85714285714285,3.0,36.0,False,214.0,2.0,False,113707.0,LOSC Lille,Mediocentro ofensivo,Olympiacos El Pireo,1990.0,35.0,100.0,2500000.0,1400000.0,2500000.0,14.731801689838347,0.0
78152,Matz Sels,G,GK,Premier League,28,2520.0,7.182142857142857,0.0,0.0,0.0,,0.0042301625,23.75,0.0357142857142857,0.4747842044853903,0.7857142857142857,0.0,0.0357142857142857,4.0,234.0,28.0,58.5,1.0,8.0,False,190.0,3.0,False,127202.0,Nottingham Forest,Portero,Nottingham Forest,1992.0,33.0,100.0,7000000.0,4200000.0,7000000.0,15.76142084987672,3.142857142857143
78352,Ismaily,D,DEF,Ligue 1,11,859.0,7.081818181818182,0.0,0.1818181818181818,1.0615875857772432,0.0948334695573245,0.1227729284626027,51.58502303363094,0.660082797815547,0.8730813128707584,5.226650009929693,1.1691954423678024,3.288324983223126,21.0,653.0,88.0,31.09523809523809,3.0,88.0,False,232.0,,False,124028.0,LOSC Lille,Lateral izquierdo,Retirado,1990.0,35.0,100.0,1200000.0,725000.0,1200000.0,13.997832948091215,0.0
66492,David Alaba,D,DEF,La Liga,4,267.0,6.775,0.0,0.0,0.0,,0.0073515910308799,61.92477362433249,0.0,0.9143519690754712,1.0,1.3940677966101696,0.25,50.0,1282.0,231.0,25.64,4.0,516.0,True,384.0,,True,59016.0,Real Madrid CF,Defensa central,Sin equipo,1992.0,33.0,100.0,6000000.0,3200000.0,6000000.0,15.607270193858982,0.0
66518,Mario Götze,M,MID,Bundesliga,19,1381.0,7.005263157894737,0.1255060728744939,0.1137877778450729,0.398384759810476,0.6094345211117996,0.0909632919769684,45.716039115825104,2.185335213437044,0.8104467808590328,4.133942927859011,0.4960750102105813,2.4455631460876064,55.0,1009.0,162.0,18.345454545454544,4.0,80.0,False,130.0,3.0,False,74842.0,Eintracht Fráncfort​​,Mediocentro ofensivo,Eintracht Fráncfort​​,1992.0,33.0,100.0,4000000.0,3600000.0,4000000.0,15.201805169084134,0.0
67647,Andrej Kramarić,M,MID,Bundesliga,31,2698.0,7.15483870967742,0.3592892605173766,0.2606431388411366,2.280768025082082,0.4449168939031946,0.1898218852913175,37.56743253612301,1.6595716556158011,0.8318124360084928,2.332944122178879,0.2284024146996912,0.4798512794229938,21.0,365.0,47.0,17.38095238095238,3.0,50.0,False,85.0,3.0,False,46580.0,TSG 1899 Hoffenheim,Mediapunta,TSG 1899 Hoffenheim,1991.0,34.0,100.0,4000000.0,3200000.0,4000000.0,15.201805169084134,0.0
67769,Ricardo Rodríguez,D,DEF,La Liga,16,1234.0,6.8375,0.0,0.0625,0.323051948051948,0.0461896103896103,0.0486110375650219,43.724083880295005,0.5190217391304348,0.8421681546199499,4.257930498174845,0.6461038961038961,1.9065960319613309,26.0,398.0,51.0,15.307692307692308,3.0,25.0,False,58.0,,True,86784.0,Real Betis Balompié,Lateral izquierdo,Sin equipo,1992.0,33.0,100.0,2000000.0,1600000.0,2000000.0,14.508658238524095,0.0
68076,Nikola Maksimović,D,DEF,Ligue 1,7,583.0,6.828571428571428,0.0,0.0,0.1461038961038961,0.0182045454545454,0.0107601228760632,46.00166910554235,0.2889610389610389,0.9183332071567366,3.587982440095116,0.8986189866471557,1.3239436619718308,15.0,658.0,89.0,43.86666666666667,2.0,209.0,True,178.0,,True,124715.0,Montpellier HSC,Defensa central,Sin equipo,1991.0,34.0,100.0,300000.0,275000.0,300000.0,12.611541086966117,0.0
68332,Nemanja Gudelj,M,MID,La Liga,30,2475.0,6.836666666666667,0.0333333333333333,0.0333333333333333,0.9220846233230132,0.1166142002063983,0.0327092839604741,46.952390162052666,0.5215686274509804,0.8754768036219613,4.092848347780796,0.9433650974256864,1.4884640473713284,8.0,243.0,37.0,30.375,3.0,96.0,False,127.0,,True,74294.0,Sevilla FC,Pivote,Sin equipo,1991.0,34.0,100.0,3000000.0,2400000.0,3000000.0,14.914123179965662,0.0
69256,Kieran Trippier,D,DEF,Premier League,7,436.0,6.814285714285715,0.0,0.0,0.1648351648351648,0.0293076923076923,0.0588406369603265,64.08281071294063,1.0433073745361263,0.8552760005353882,5.011832951973797,1.2893192548364962,2.509587148671656,12.0,407.0,68.0,33.916666666666664,3.0,124.0,False,78.0,3.0,False,95810.0,Newcastle United,Lateral derecho,Wolverhampton Wanderers,1990.0,35.0,100.0,4000000.0,2300000.0,4000000.0,15.201805169084134,0.0
69378,David De Gea,G,GK,Serie A,34,3060.0,7.167647058823529,0.0,0.0294117647058823,0.0,,0.0013788526470588,28.705882352941178,0.088235294117647,0.7127908259392,0.2647058823529412,0.0,0.0294117647058823,7.0,55.0,6.0,7.857142857142857,0.0,0.0,False,23.0,3.0,False,59377.0,Fiorentina,Portero,Fiorentina,1990.0,35.0,100.0,5000000.0,3300000.0,5000000.0,15.424948670398354,2.852941176470588
100389,Marten de Roon,M,MID,Serie A,35,3042.0,7.162857142857143,0.1142857142857142,0.1214285714285714,0.3714285714285714,0.0943333333333333,0.0838863651428571,64.29285714285714,0.8285714285714286,0.8663921990287262,4.307142857142857,1.3142857142857145,2.1214285714285714,13.0,226.0,28.0,17.384615384615383,1.0,65.0,False,65.0,2.0,False,133179.0,Atalanta de Bérgamo,Pivote,Atalanta de Bérgamo,1991.0,34.0,100.0,5000000.0,3400000.0,5000000.0,15.424948670398354,0.0
100390,Marco Bizot,G,GK,Ligue 1,31,2790.0,7.016129032258065,0.0,0.0,0.0,,0.0015418129032258,30.806451612903224,0.0,0.6632045296543643,0.3548387096774194,0.0,0.064516129032258,2.0,95.0,19.0,47.5,1.0,9.0,False,86.0,2.0,False,124884.0,Stade Brestois 29,Portero,Aston Villa,1991.0,34.0,100.0,3000000.0,2300000.0,3000000.0,14.914123179965662,2.4516129032258065
100565,Luca Caldirola,D,DEF,Serie A,12,849.0,6.75,0.0,0.0,0.5777116402116401,0.0903194444444444,0.0241334095564069,67.60244738921209,0.3039215686274509,0.9042927458401026,4.324106245062128,1.0476190476190477,1.3012566137566135,17.0,594.0,78.0,34.94117647058823,4.0,107.0,False,113.0,2.0,False,88680.0,AC Monza,Defensa central,Benevento,1991.0,34.0,100.0,700000.0,415000.0,700000.0,13.45883704259595,0.0
100621,Joshua King,F,FWD,Ligue 1,21,1489.0,7.009523809523809,0.3498634602862679,0.1396035108958837,2.702237284646811,0.4257865626966001,0.0948660577140082,17.217753257542718,0.9330380124553144,0.7129563032604684,5.355600281208901,0.3279139180924895,0.6299028065332413,29.0,576.0,86.0,19.86206896551724,6.0,149.0,False,68.0,2.0,False,91059.0,Toulouse FC,Delantero centro,Al-Khaleej FC,1992.0,33.0,100.0,1800000.0,1400000.0,1800000.0,14.403297778421797,0.0
101882,Fabian Schar,D,DEF,Premier League,22,1935.0,6.9409090909090905,0.0909090909090909,0.0,0.9545454545454546,0.1074933333333333,0.0357507181818181,60.36363636363637,0.1363636363636363,0.8296047554780842,3.1818181818181817,1.4545454545454546,1.181818181818182,36.0,736.0,100.0,20.444444444444443,3.0,30.0,False,93.0,2.0,False,135343.0,Newcastle United,Defensa central,Newcastle United,1991.0,34.0,100.0,7000000.0,5800000.0,7000000.0,15.76142084987672,0.0
103045,Jordan Ayew,M,MID,Premier League,15,1193.0,6.58,0.0666666666666666,0.0,1.2703006297944142,0.1117135310363057,0.0755891138272998,24.94407744289296,0.7081005867417232,0.7795859177723045,7.818820690181029,0.7981475462537155,1.5543975698678518,2.0,22.0,2.0,11.0,0.0,0.0,False,11.0,,True,108354.0,Leicester City,Delantero centro,Sin equipo,1991.0,34.0,100.0,2500000.0,1900000.0,2500000.0,14.731801689838347,0.0
103335,Bernd Leno,G,GK,Premier League,28,2520.0,6.95,0.0,0.0357142857142857,0.0,,0.001649265,33.67857142857143,0.0714285714285714,0.798357255139441,0.4285714285714285,0.0,0.0714285714285714,6.0,148.0,21.0,24.666666666666668,1.0,17.0,False,68.0,2.0,False,72476.0,Fulham FC,Portero,Fulham FC,1992.0,33.0,100.0,10000000.0,7400000.0,10000000.0,16.118095750958314,2.7857142857142856
103417,Isco,M,MID,La Liga,20,1521.0,7.645,0.515772804991784,0.5951854076291598,2.4305994665756714,0.5535906621532698,0.2370596284285465,64.30815217888438,3.9066161261033456,0.8602928246331512,6.029997991075952,0.6483577994563143,1.1902136773354788,25.0,758.0,144.0,30.32,3.0,254.0,False,138.0,3.0,False,85288.0,Real Betis Balompié,Mediocentro ofensivo,Real Betis Balompié,1992.0,33.0,100.0,6000000.0,4099999.0,6000000.0,15.607270193858982,0.0
98059,Nicola Leali,G,GK,Serie A,28,2520.0,7.15,0.0,0.0,0.0,,0.0013102157142857,28.678571428571427,0.0,0.6767671328482836,0.4285714285714285,0.0,0.0,4.0,113.0,15.0,28.25,1.0,5.0,False,62.0,3.0,False,136111.0,Génova,Portero,Hellas Verona,1993.0,32.0,100.0,1500000.0,1400000.0,1500000.0,14.220976332738882,2.928571428571429
98212,Charalampos Lykogiannis,D,DEF,Serie A,12,954.0,7.016666666666667,0.0,0.3486842105263157,0.6833333333333332,0.08192,0.1503199768066482,44.92244489815828,1.597355820041299,0.7945039893826342,4.973832344995947,0.786675272518646,1.6682927778203618,14.0,283.0,47.0,20.214285714285715,3.0,29.0,False,52.0,,True,136514.0,Bolonia,Lateral izquierdo,Sin equipo,1993.0,32.0,100.0,1500000.0,1500000.0,1500000.0,14.220976332738882,0.0
98427,Sam Johnstone,G,GK,Premier League,7,630.0,6.842857142857143,0.0,0.0,0.0,,0.0014620628571428,35.57142857142857,0.1428571428571428,0.6308031880039994,0.5714285714285714,0.0,0.0,6.0,369.0,40.0,61.5,3.0,232.0,True,113.0,3.0,False,110864.0,Wolverhampton Wanderers,Portero,Wolverhampton Wanderers,1993.0,32.0,100.0,6000000.0,3200000.0,6000000.0,15.607270193858982,3.285714285714286
98435,Ross Barkley,M,MID,Premier League,6,377.0,7.333333333333333,0.6973684210526315,0.3333333333333333,2.211941143180532,0.571485246179966,0.0816644781975099,57.30772495755517,1.6344086021505375,0.8661808049862693,4.410724391624222,0.7587719298245613,2.0598471986417657,14.0,587.0,123.0,41.92857142857143,3.0,121.0,False,135.0,2.0,False,131978.0,Aston Villa,Mediocentro,Aston Villa,1993.0,32.0,100.0,6000000.0,4500000.0,6000000.0,15.607270193858982,0.0
98440,Matija Nastasić,D,DEF,La Liga,26,2112.0,6.857692307692308,0.0384615384615384,0.0,0.0769230769230769,0.02905,0.0229342855473372,35.19859467455621,0.1153846153846153,0.8353171098034096,3.139238165680473,0.886094674556213,1.075628698224852,23.0,1159.0,168.0,50.391304347826086,0.0,0.0,False,274.0,,False,143559.0,CD Leganés,Defensa central,Al-Ula FC,1993.0,32.0,100.0,800000.0,740000.0,800000.0,13.592368256649284,0.0
98449,Conor Coady,D,DEF,Premier League,8,706.0,6.6,0.0,0.0,0.0,,0.0603376395134243,54.5893879064369,0.125,0.8886899874216717,2.004213483146067,0.7621951219512195,0.8764044943820225,1.0,19.0,4.0,19.0,0.0,0.0,False,19.0,2.0,False,128901.0,Leicester City,Defensa central,Wrexham AFC,1993.0,32.0,100.0,2200000.0,1400000.0,2200000.0,14.603968372873895,0.0
99090,Dan Burn,D,DEF,Premier League,26,2340.0,6.869230769230769,0.0,0.0,0.5384615384615384,0.0906583333333333,0.0265878715384615,52.73076923076923,0.1538461538461538,0.8825069644198666,5.269230769230769,0.6153846153846154,1.1538461538461535,8.0,281.0,42.0,35.125,1.0,38.0,False,80.0,2.0,False,134270.0,Newcastle United,Defensa central,Newcastle United,1992.0,33.0,100.0,6000000.0,5200000.0,6000000.0,15.607270193858982,0.0
99519,Marc Bartra,D,DEF,La Liga,24,2081.0,7.05,0.1488095238095238,0.0416666666666666,0.840232683982684,0.1142557745825603,0.0113174586249657,49.72722186994405,0.1666666666666666,0.8084284459960998,4.36000156528191,1.395342722282079,1.4211008706966812,17.0,436.0,83.0,25.647058823529413,2.0,188.0,False,150.0,2.0,False,99922.0,Real Betis Balompié,Defensa central,Real Betis Balompié,1991.0,34.0,100.0,1000000.0,1000000.0,1000000.0,13.815511557963774,0.0
96373,José Campaña,M,MID,La Liga,16,1048.0,6.84375,0.0,0.2711202330508474,0.3223148634453781,0.0519447478991596,0.0607106522027621,57.01247981770236,0.9057567134870508,0.8543492248607918,4.585948155480377,1.611041049337488,1.3834396801532498,11.0,697.0,87.0,63.36363636363637,0.0,0.0,False,211.0,2.0,False,120095.0,UD Las Palmas,Mediocentro,AD Ceuta FC,1993.0,32.0,100.0,900000.0,725000.0,900000.0,13.71015115341694,0.0
96531,Alphonse Aréola,G,GK,Premier League,15,1269.0,6.886666666666667,0.0,0.0,0.0,,0.0012763595555555,36.8,0.0,0.6938809789959215,0.311111111111111,0.0,0.1333333333333333,4.0,56.0,10.0,14.0,1.0,19.0,False,19.0,2.0,False,120629.0,West Ham United,Portero,West Ham United,1993.0,32.0,100.0,9000000.0,4600000.0,9000000.0,16.012735246411598,3.2624113475177303
96535,Abdoulaye Doucouré,M,MID,Premier League,22,1826.0,6.777272727272727,0.0959595959595959,0.0505050505050505,0.993438255983234,0.2322830705497951,0.042913130982346,31.55922595137564,0.9949343078545936,0.8179442478761877,3.5144800620599166,0.2784090909090909,1.638311236955815,6.0,437.0,45.0,72.83333333333333,1.0,27.0,False,223.0,,True,127187.0,Everton FC,Mediocentro ofensivo,Sin equipo,1993.0,32.0,100.0,7000000.0,5800000.0,7000000.0,15.76142084987672,0.0
96538,Lucas Digne,D,DEF,Premier League,26,1970.0,6.961538461538462,0.0,0.1655518394648829,0.5561250104593758,0.0887166488159986,0.1703623233843898,39.48134542244422,1.5109499765181338,0.8313350794096548,4.834270253335839,1.192578521684135,2.490621340560378,17.0,320.0,42.0,18.823529411764707,1.0,43.0,False,47.0,3.0,False,126664.0,Aston Villa,Lateral izquierdo,Aston Villa,1993.0,32.0,100.0,10000000.0,7400000.0,10000000.0,16.118095750958314,0.0
96544,Geoffrey Kondogbia,D,DEF,Ligue 1,22,1955.0,7.027272727272727,0.0,0.0,0.3367261071117415,0.0948925254309357,0.050479220763291,78.5604272658481,0.2336018411967779,0.9219537232034856,5.122972639006284,1.014772392752964,2.7118158093589155,31.0,755.0,111.0,24.35483870967742,6.0,132.0,False,117.0,2.0,False,127189.0,Olympique de Marsella,Pivote,Olympique de Marsella,1993.0,32.0,100.0,7000000.0,3900000.0,7000000.0,15.76142084987672,0.0
97923,Timo Horn,G,GK,Bundesliga,13,1170.0,6.807692307692308,0.0,0.0,0.0,,0.0060718392307692,36.07692307692308,0.0769230769230769,0.5438489395220164,0.3846153846153846,0.0,0.0,12.0,259.0,30.0,21.58333333333333,1.0,22.0,False,103.0,3.0,False,84938.0,VfL Bochum,Portero,VfL Bochum,1993.0,32.0,100.0,800000.0,660000.0,800000.0,13.592368256649284,2.5384615384615383
97926,Danny da Costa,D,DEF,Bundesliga,22,1890.0,6.8090909090909095,0.0,0.0511363636363636,0.2272727272727272,0.01974,0.0591562530752751,51.74892346383125,0.4602272727272727,0.7786388287488734,3.994873466697237,1.2383927547861977,1.8095498251748248,20.0,625.0,70.0,31.25,4.0,56.0,False,243.0,2.0,False,85906.0,1.FSV Mainz 05,Defensa central,1.FSV Mainz 05,1993.0,32.0,100.0,1500000.0,1100000.0,1500000.0,14.220976332738882,0.0
97978,Jesse Joronen,G,GK,Serie A,8,702.0,6.8625,0.0,0.0,0.0,,0.000949510625,32.75,0.0,0.6880763710541895,0.40625,0.0,0.0,12.0,423.0,78.0,35.25,2.0,72.0,False,215.0,2.0,False,131758.0,Venezia FC,Portero,Palermo FC,1993.0,32.0,100.0,500000.0,485000.0,500000.0,13.122365377402328,3.4615384615384617
94527,Marko Dmitrović,G,GK,La Liga,32,2880.0,7.00625,0.0,0.0,0.0,,0.0025261796875,29.15625,0.03125,0.3894619483542946,0.65625,0.0,0.03125,5.0,148.0,21.0,29.6,1.0,3.0,False,65.0,3.0,False,94308.0,CD Leganés,Portero,RCD Espanyol,1992.0,33.0,100.0,800000.0,740000.0,800000.0,13.592368256649284,3.2499999999999996
94539,Darko Brašanac,M,MID,La Liga,19,1393.0,6.71578947368421,0.131578947368421,0.1064458900059136,0.7294012446147125,0.234471140697487,0.0184727851930497,25.42508152584072,0.4621734441854802,0.7307184976749962,3.105532166051023,0.9610806395145288,1.491986433268881,14.0,673.0,86.0,48.07142857142857,1.0,31.0,False,175.0,,True,95641.0,CD Leganés,Mediocentro,Sin equipo,1992.0,33.0,100.0,500000.0,210000.0,500000.0,13.122365377402328,0.0
94758,Ben Davies,D,DEF,Premier League,6,540.0,7.2,0.0,0.0,0.3333333333333333,0.08345,0.0325261533333333,76.33333333333333,0.1666666666666666,0.8925476213494647,4.833333333333333,1.0,0.6666666666666666,21.0,759.0,120.0,36.142857142857146,5.0,165.0,False,134.0,2.0,False,192765.0,Tottenham Hotspur,Defensa central,Tottenham Hotspur,1993.0,32.0,100.0,6000000.0,4600000.0,6000000.0,15.607270193858982,0.0
95381,Kevin Stöger,M,MID,Bundesliga,17,1306.0,7.305882352941176,0.1294117647058823,0.2534829721362229,1.4476069764710489,0.3386965999539991,0.2176483287961967,53.69291155241286,3.0442107850914666,0.8126197235267052,5.60493391281308,0.8855605656896905,2.272112452818892,8.0,708.0,63.0,88.5,1.0,6.0,False,299.0,2.0,False,106872.0,Borussia Mönchengladbach,Mediocentro ofensivo,Borussia Mönchengladbach,1993.0,32.0,100.0,3500000.0,3100000.0,3500000.0,15.068273812173889,0.0
96365,Iñigo Ruiz de Galarreta,M,MID,La Liga,22,1404.0,7.0,0.0,0.3197035412405431,0.6533834097067235,0.0765055553123723,0.1502014840448911,50.11477841074838,1.7724336422811635,0.8349816328872623,4.939494576126426,1.013723454060537,2.3293916104790706,18.0,1022.0,140.0,56.77777777777778,6.0,108.0,False,244.0,2.0,False,126751.0,Athletic Club,Mediocentro,Athletic Club,1993.0,32.0,100.0,3000000.0,2300000.0,3000000.0,14.914123179965662,0.0
96368,Juan Bernat,M,MID,La Liga,12,794.0,6.675,0.0,0.1209677419354838,0.4284726152298308,0.0220414167138275,0.0931193355958436,25.582617993835257,1.005669313394271,0.7319651699063464,6.031089622728689,0.3818681318681318,2.37718252029637,22.0,906.0,156.0,41.18181818181818,1.0,145.0,False,348.0,2.0,False,126719.0,Getafe CF,Lateral izquierdo,SD Eibar,1993.0,32.0,100.0,2000000.0,545000.0,2000000.0,14.508658238524095,0.0
96369,Juanmi,F,FWD,La Liga,12,784.0,6.616666666666667,0.0,0.0,1.6261213492623667,0.3837246158556515,0.0216677170527425,17.132977313738447,0.5049714245242415,0.7872354497354497,5.2042602303803145,0.4319765422832626,1.9096104341215625,3.0,420.0,48.0,140.0,0.0,0.0,False,272.0,2.0,False,126737.0,Getafe CF,Extremo izquierdo,Getafe CF,1993.0,32.0,100.0,2000000.0,1100000.0,2000000.0,14.508658238524095,0.0
96370,Suso,M,MID,La Liga,7,443.0,7.2,0.0,0.2906403940886699,2.8160451519739618,0.1814063453667458,0.184581487957117,50.07462834492868,2.798439212232316,0.8463001010680953,6.854543526401146,0.8433179723502304,1.985621089069365,14.0,421.0,73.0,30.071428571428573,3.0,91.0,False,131.0,4.0,False,111961.0,Sevilla FC,Extremo derecho,Cádiz CF,1993.0,32.0,100.0,1500000.0,1200000.0,1500000.0,14.220976332738882,0.0
121908,Kevin Muller,G,GK,Bundesliga,32,2850.0,6.903125,0.0,0.0,0.0,,0.00238959640625,35.375,0.0,0.7272112233422406,0.453125,0.0,0.09375,6.0,61.0,7.0,10.166666666666666,1.0,12.0,False,24.0,,False,43824.0,1.FC Heidenheim 1846,Portero,FC Schalke 04,1991.0,34.0,100.0,700000.0,280000.0,700000.0,13.45883704259595,3.189473684210526
122573,Steven Skrzybski,F,FWD,Bundesliga,17,1121.0,6.982352941176471,0.338845215505557,0.1505588116650452,2.146073701438468,0.2444302722979228,0.1787255983021172,27.656020252133136,1.1938301739373778,0.7241958887282164,3.9951441142001367,0.8705977610308696,1.285645151425035,25.0,789.0,90.0,31.56,6.0,91.0,False,125.0,2.0,False,93827.0,Holstein Kiel,Delantero centro,Holstein Kiel,1992.0,33.0,100.0,1000000.0,580000.0,1000000.0,13.815511557963774,0.0
122810,Aissa Mandi,D,DEF,Ligue 1,19,1576.0,6.989473684210527,0.0,0.0,0.2105263157894736,0.0479,0.0682115837186583,59.76482952670475,0.2834008097165992,0.8882250086561717,2.781019989383364,0.8649070786358893,1.6111577679710338,6.0,127.0,25.0,21.166666666666668,1.0,27.0,False,44.0,3.0,False,80293.0,LOSC Lille,Defensa central,Levante UD,1991.0,34.0,100.0,1200000.0,1100000.0,1200000.0,13.997832948091215,0.0
122848,Cristiano Biraghi,D,DEF,Serie A,17,1445.0,7.111764705882353,0.0588235294117647,0.0,0.8299292312156432,0.0651573155506836,0.1305742519565201,44.95224930852824,1.5371334612222527,0.8260735440374002,2.920320977325628,0.7122821723921139,1.1764705882352942,13.0,114.0,13.0,8.76923076923077,4.0,30.0,False,15.0,2.0,False,124555.0,Torino FC,Lateral izquierdo,Torino FC,1992.0,33.0,100.0,1800000.0,1300000.0,1800000.0,14.403297778421797,0.0
122951,Casemiro,M,MID,Premier League,13,954.0,7.1923076923076925,0.0769230769230769,0.0,1.6955687872787146,0.1644878031084203,0.1308459260315409,57.37606368800496,1.3738280280379556,0.8106829645627869,8.196139989667701,0.8599016853932585,4.753342381595401,12.0,275.0,61.0,22.916666666666668,1.0,84.0,False,84.0,2.0,False,16306.0,Manchester United,Pivote,Inter Miami CF,1992.0,33.0,100.0,10000000.0,7300000.0,10000000.0,16.118095750958314,0.0
123164,Dennis Appiah,D,DEF,Ligue 1,23,1964.0,6.639130434782608,0.0,0.0434782608695652,0.2178798241328774,0.0407411235955056,0.0797045583021573,39.4413067116315,0.4782608695652174,0.7573368713455438,5.5046094205525,1.0837259876766945,3.0375057125297444,14.0,508.0,67.0,36.285714285714285,3.0,74.0,False,131.0,,False,111038.0,AS Saint-Étienne,Lateral derecho,SM Caen,1992.0,33.0,100.0,800000.0,650000.0,800000.0,13.592368256649284,0.0
123166,Nampalys Mendy,M,MID,Ligue 1,7,553.0,6.842857142857143,0.0,0.1428571428571428,0.4805194805194805,0.0729181818181818,0.0317667660800338,41.795102927396144,0.1428571428571428,0.8940440998916294,4.639326709183988,1.231388291068424,2.247183539352214,14.0,529.0,50.0,37.785714285714285,2.0,31.0,False,162.0,,True,111051.0,RC Lens,Pivote,Sin equipo,1992.0,33.0,100.0,1800000.0,1300000.0,1800000.0,14.403297778421797,0.0
123207,Benjamin Lecomte,G,GK,Ligue 1,29,2583.0,6.927586206896552,0.0,0.0,0.0,,0.0031820508374384,30.098522167487687,0.1527093596059113,0.6579145645406106,0.1724137931034483,0.0,0.0,7.0,280.0,32.0,40.0,1.0,32.0,False,85.0,2.0,False,127181.0,Montpellier HSC,Portero,Fulham FC,1991.0,34.0,100.0,1500000.0,1200000.0,1500000.0,14.220976332738882,3.6585365853658534
115365,Lewis Dunk,D,DEF,Premier League,17,1516.0,6.905882352941177,0.0,0.0,0.5402476780185759,0.0852567669172932,0.0373643858204334,83.46439628482972,0.3529411764705882,0.9101147035552348,3.6904024767801857,0.5882352941176471,0.8823529411764706,6.0,151.0,20.0,25.166666666666668,2.0,62.0,False,53.0,2.0,False,148153.0,Brighton & Hove Albion,Defensa central,Brighton & Hove Albion,1991.0,34.0,100.0,6000000.0,4099999.0,6000000.0,15.607270193858982,0.0
115516,Remo Freuler,M,MID,Serie A,36,3124.0,6.961111111111111,0.03125,0.0555555555555555,0.4760894549674515,0.0888186443749367,0.0449615552554299,53.21852328912707,0.974626471657278,0.8809312907251875,3.65668338619408,0.9955569616714196,2.230152890592499,4.0,83.0,18.0,20.75,1.0,8.0,False,55.0,,True,148252.0,Bolonia,Mediocentro,Sin equipo,1992.0,33.0,100.0,5000000.0,4099999.0,5000000.0,15.424948670398354,0.0
115665,Cedric Bakambu,F,FWD,La Liga,8,411.0,6.7375,0.0,0.52734375,2.629542202515545,0.3717373193087297,0.0191402259828999,16.874408210853588,1.0633324795081966,0.680952380952381,2.41033952798191,0.0,0.36328125,7.0,273.0,36.0,39.0,1.0,141.0,False,141.0,,True,127048.0,Real Betis Balompié,Delantero centro,Sin equipo,1991.0,34.0,100.0,1500000.0,1400000.0,1500000.0,14.220976332738882,0.0
116955,Saúl Ñíguez,M,MID,La Liga,18,1419.0,7.072222222222222,0.0555555555555555,0.2919799498746867,2.7861267701329906,0.226886058100564,0.1329338504529566,36.32928806159725,1.2336861929055087,0.7818031921210072,5.898372084956438,1.1790545675634594,2.6534046121576846,11.0,286.0,46.0,26.0,1.0,57.0,False,96.0,3.5,False,148928.0,Sevilla FC,Mediocentro,CR Flamengo,1994.0,31.0,100.0,3000000.0,1900000.0,3000000.0,14.914123179965662,0.0
117777,Granit Xhaka,M,MID,Bundesliga,32,2801.0,7.359375,0.03125,0.1962481962481962,0.5625,0.0571461538461538,0.1562882601617133,84.8316613941614,1.4616078366078369,0.9001194387641546,4.053286990786991,0.3784722222222222,1.4919212731712732,20.0,315.0,50.0,15.75,0.0,0.0,False,70.0,3.0,False,111455.0,Bayer 04 Leverkusen,Pivote,Sunderland AFC,1992.0,33.0,100.0,12000000.0,10600000.0,12000000.0,16.300417291085605,0.0
119179,Anthony Losilla,M,MID,Bundesliga,14,973.0,6.55,0.0,0.0,0.4462740549697072,0.0476842484777267,0.0617866394682804,34.0200183481708,0.6691740881881726,0.7664744977244977,4.828873522655961,1.4593296714656376,1.7341360456114554,5.0,61.0,7.0,12.2,2.0,15.0,False,30.0,,False,111266.0,VfL Bochum,Pivote,Retirado,1986.0,39.0,100.0,500000.0,,500000.0,13.122365377402328,0.0
120538,Jannik Vestergaard,D,DEF,Premier League,17,1308.0,6.729411764705882,0.0,0.0,0.1176470588235294,0.02035,0.0069362691856899,63.04239740862131,0.1176470588235294,0.9081878183363408,3.677687692867959,1.1653058095183333,1.3698273053111762,25.0,478.0,71.0,19.12,5.0,67.0,False,54.0,,True,99331.0,Leicester City,Defensa central,Sin equipo,1992.0,33.0,100.0,2000000.0,1700000.0,2000000.0,14.508658238524095,0.0
121180,Abdoulaye Bamba,D,DEF,Ligue 1,18,1504.0,6.672222222222222,0.0,0.0,0.0555555555555555,0.0818,0.0215721143252361,34.35739991003149,0.4444444444444444,0.8858309793676531,2.615272154745839,1.1401259559154295,1.362348178137652,12.0,322.0,43.0,26.83333333333333,1.0,2.0,False,98.0,,False,62351.0,Angers SCO,Defensa central,Retirado,1990.0,35.0,100.0,300000.0,260000.0,300000.0,12.611541086966117,0.0
108579,Harry Kane,F,FWD,Bundesliga,27,2216.0,7.718518518518518,0.9102697530528128,0.2926909043744043,4.184881338178369,0.7652466187337287,0.2084714786719272,23.44549967754629,1.3616508446482345,0.8045480395299973,3.1086840376862623,0.074074074074074,0.5102084517240881,21.0,491.0,99.0,23.38095238095238,3.0,50.0,False,68.0,2.0,False,132098.0,Bayern Múnich,Delantero centro,Bayern Múnich,1993.0,32.0,100.0,75000000.0,71000000.0,75000000.0,18.13299868483392,0.0
109296,Pavel Kaderabek,M,MID,Bundesliga,18,1398.0,6.777777777777778,0.1111111111111111,0.0,0.6213450292397661,0.0718552631578947,0.0853452987388955,34.866666409598935,0.8482003129890453,0.7083651968487427,5.299366101496778,1.10983151430652,1.060059563890574,32.0,561.0,89.0,17.53125,7.0,69.0,False,63.0,2.0,False,143798.0,TSG 1899 Hoffenheim,Interior derecho,AC Sparta Praga,1992.0,33.0,100.0,1700000.0,1400000.0,1700000.0,14.346139397261563,0.0
110783,Sergi Darder,M,MID,La Liga,34,2689.0,7.085294117647059,0.060553633217993,0.1858841024843513,1.2473123604042538,0.1099500850923628,0.1638783770460667,35.38260563475186,1.710620999754909,0.8146979490199753,3.915810413328938,0.5550662597208238,1.272407436936362,2.0,13.0,1.0,6.5,0.0,0.0,False,7.0,3.0,False,142021.0,RCD Mallorca,Mediocentro,RCD Mallorca,1993.0,32.0,100.0,4000000.0,3300000.0,4000000.0,15.201805169084134,0.0
110846,Michael Keane,D,DEF,Premier League,9,810.0,6.933333333333334,0.2222222222222222,0.0,0.8888888888888888,0.0724666666666666,0.0034345877777777,33.666666666666664,0.2222222222222222,0.8294341073245738,3.2222222222222223,1.1111111111111112,1.1111111111111112,6.0,59.0,11.0,9.833333333333334,0.0,0.0,False,29.0,2.0,False,118534.0,Everton FC,Defensa central,Everton FC,1993.0,32.0,100.0,5000000.0,3700000.0,5000000.0,15.424948670398354,0.0
111483,Michael Gregoritsch,F,FWD,Bundesliga,7,458.0,6.857142857142857,0.4897959183673469,0.1714285714285714,3.286266668332979,0.4408494940658443,0.0976270963825187,20.04420060737093,0.5183673469387755,0.6267857142857143,6.112148668407963,0.0,0.186335403726708,24.0,365.0,52.0,15.208333333333334,3.0,77.0,False,47.0,2.0,False,120205.0,SC Friburgo,Delantero centro,FC Augsburgo,1994.0,31.0,100.0,3000000.0,1600000.0,3000000.0,14.914123179965662,0.0
111505,Son Heung-min,F,FWD,Premier League,21,1689.0,7.466666666666667,0.3542647828362114,0.5937212722927009,2.764783392487335,0.3201491659583632,0.2352724951447515,35.29916074889549,2.3419169578275265,0.8396101439241226,3.520098907004709,0.1963022412460614,0.8077481324094625,18.0,462.0,63.0,25.666666666666668,4.0,67.0,False,78.0,2.5,False,91845.0,Tottenham Hotspur,Extremo izquierdo,Los Ángeles FC,1992.0,33.0,100.0,20000000.0,18600000.0,20000000.0,16.811242881518265,0.0
111803,Youssouf Sabaly,D,DEF,La Liga,20,1563.0,6.790000000000001,0.0,0.05,0.2850806451612903,0.0519190524193548,0.0509665554716424,44.682906440384514,0.5288306451612903,0.8750649933965666,3.9261633874952,0.8116438356164384,2.208722490455872,9.0,481.0,79.0,53.44444444444444,4.0,184.0,False,111.0,2.0,False,135492.0,Real Betis Balompié,Lateral derecho,Al-Duhail SC,1993.0,32.0,100.0,1800000.0,1400000.0,1800000.0,14.403297778421797,0.0
111969,Leonardo Bittencourt,M,MID,Bundesliga,12,736.0,7.008333333333333,0.4583333333333333,0.0,3.1988510729182367,0.3245062817226996,0.1438611649264955,54.14788630192768,1.171836131840796,0.8820013090681185,4.311809518583552,1.0399427494878548,2.0129819651741294,38.0,741.0,84.0,19.5,3.0,49.0,False,89.0,,False,93844.0,SV Werder Bremen,Mediocentro,FC Energie Cottbus,1993.0,32.0,100.0,1500000.0,1300000.0,1500000.0,14.220976332738882,0.0
103442,Anthony Jung,D,DEF,Bundesliga,21,1739.0,6.79047619047619,0.0,0.0,0.0476190476190476,0.0411,0.0245351042103522,72.45990996821561,0.1450719822812846,0.890502243199611,4.193093727977448,1.1971207087486158,1.545037465303246,5.0,119.0,9.0,23.8,2.0,11.0,False,67.0,2.0,False,58995.0,SV Werder Bremen,Defensa central,SC Friburgo,1991.0,34.0,100.0,1000000.0,675000.0,1000000.0,13.815511557963774,0.0
105734,Christian Eriksen,M,MID,Premier League,7,566.0,7.114285714285714,0.0,0.0,0.4946814168705457,0.0401460784313725,0.1856886042845577,52.08939901697859,2.0225179299905736,0.8799849490886782,2.2051804686902643,0.7100728365963308,1.743340938357583,11.0,516.0,85.0,46.90909090909091,2.0,45.0,False,232.0,2.0,False,69633.0,Manchester United,Mediocentro ofensivo,VfL Wolfsburgo,1992.0,33.0,100.0,4000000.0,2900000.0,4000000.0,15.201805169084134,0.0
106496,Nicolas Pallois,D,DEF,Ligue 1,21,1842.0,6.833333333333333,0.0,0.0952380952380952,0.1428571428571428,0.1414666666666666,0.0187659930581323,38.77736549165121,0.1428571428571428,0.8351096068709315,4.106060606060606,1.255411255411255,2.5703463203463204,14.0,373.0,58.0,26.642857142857142,0.0,0.0,False,141.0,,True,139279.0,FC Nantes,Defensa central,Sin equipo,1987.0,38.0,100.0,400000.0,310000.0,400000.0,12.899222326086994,0.0
106662,Stefan Bell,D,DEF,Bundesliga,17,1348.0,7.029411764705882,0.0,0.0588235294117647,0.8006230101772536,0.1277043313009441,0.0405947927736555,43.24063923507986,0.3412778904665314,0.7680970000706574,7.469054445636296,1.8011424374222158,1.4527400183603731,24.0,763.0,91.0,31.791666666666668,3.0,217.0,False,239.0,2.0,False,82350.0,1.FSV Mainz 05,Defensa central,1.FSV Mainz 05,1991.0,34.0,100.0,800000.0,620000.0,800000.0,13.592368256649284,0.0
107936,Danilo D'Ambrosio,D,DEF,Serie A,13,1004.0,6.715384615384616,0.0,0.0769230769230769,0.813799978419997,0.0933496554528181,0.035993939930626,50.000608842767285,0.5449490268767377,0.8717113328297152,4.948214595616367,1.3360863197625272,2.162344533095875,24.0,903.0,62.0,37.625,9.0,588.0,True,439.0,,False,55769.0,AC Monza,Defensa central,Retirado,1988.0,37.0,100.0,700000.0,,700000.0,13.45883704259595,0.0
108484,Juan Jesus,D,DEF,Serie A,12,1051.0,6.966666666666666,0.0,0.0833333333333333,0.2824367088607595,0.1322162447257384,0.0118234171097046,71.69883966244726,0.0833333333333333,0.8853969422537201,4.62051687763713,0.6666666666666666,2.1041666666666665,16.0,293.0,45.0,18.3125,3.0,86.0,False,62.0,,True,121985.0,SSC Nápoles,Defensa central,Sin equipo,1991.0,34.0,100.0,1500000.0,1500000.0,1500000.0,14.220976332738882,0.0
108515,Sam Morsy,M,MID,Premier League,22,1949.0,6.7681818181818185,0.0454545454545454,0.0454545454545454,0.3646578140960164,0.0510743445692883,0.0466562931128371,48.30666396932995,0.6368743615934627,0.8710314591594323,4.316228459997612,1.017039650849661,2.476738787259727,3.0,23.0,4.0,7.666666666666667,2.0,12.0,False,11.0,,True,123551.0,Ipswich Town,Mediocentro,Sin equipo,1991.0,34.0,100.0,500000.0,380000.0,500000.0,13.122365377402328,0.0
135666,Leandro Trossard,F,FWD,Premier League,21,1627.0,7.152380952380952,0.1542328882523387,0.241431404022283,1.97274785277146,0.2354561831217937,0.1445553158716881,28.76871348396909,1.9028212469177692,0.7777487652966056,3.975272157480767,0.539895049881243,0.9574000800623296,12.0,299.0,45.0,24.916666666666668,0.0,0.0,False,111.0,4.0,False,144028.0,Arsenal FC,Extremo izquierdo,Besiktas JK,1994.0,31.0,100.0,22000000.0,21000000.0,22000000.0,16.906553056777135,0.0
135700,Hakan Çalhanoğlu,M,MID,Serie A,25,1876.0,7.468,0.2299477351916376,0.2380417335473515,2.0703392555037383,0.2471218803944799,0.2396391330652126,71.14771138882598,2.222710087533725,0.8979746698555056,3.4943695080520336,0.8337499871350867,1.990305410868928,38.0,413.0,72.0,10.86842105263158,8.0,127.0,True,50.0,2.0,False,126414.0,Inter de Milán,Pivote,Inter de Milán,1994.0,31.0,100.0,30000000.0,23000000.0,30000000.0,17.216707972959764,0.0
136322,Elseid Hysaj,D,DEF,Serie A,5,346.0,7.18,0.0,0.5271646859083192,0.8,0.3308,0.1075795617117473,42.617410517012814,0.5271646859083192,0.8614686381505603,3.975437821243342,0.6465753424657534,2.128013582342954,16.0,171.0,35.0,10.6875,4.0,55.0,False,40.0,,True,200056.0,SS Lazio,Lateral derecho,Sin equipo,1994.0,31.0,100.0,1500000.0,1500000.0,1500000.0,14.220976332738882,0.0
136710,Mateo Kovačić,M,MID,Premier League,20,1617.0,7.404999999999999,0.2125,0.0625,1.7190111572275124,0.0981638593845286,0.1366075526040722,73.67739956820635,1.4910452588225338,0.931724824827169,5.496536885282248,0.7747059817421942,2.9046237178730654,29.0,751.0,128.0,25.89655172413793,5.0,187.0,True,137.0,2.0,False,51471.0,Manchester City,Mediocentro,Manchester City,1994.0,31.0,100.0,20000000.0,11600000.0,20000000.0,16.811242881518265,0.0
136856,Pietro Terracciano,G,GK,Serie A,3,270.0,7.233333333333333,0.0,0.0,0.0,,0.0004611299999999,25.0,0.0,0.775963974106389,0.0,0.0,0.0,9.0,273.0,42.0,30.33333333333333,0.0,0.0,False,76.0,2.0,False,96254.0,Fiorentina,Portero,AC Milan,1990.0,35.0,100.0,1000000.0,1100000.0,1000000.0,13.815511557963774,3.666666666666667
136924,Willi Orban,D,DEF,Bundesliga,24,2134.0,7.295833333333333,0.1666666666666666,0.0,0.8357843137254902,0.20908,0.0280666591080562,72.13746803069053,0.3333333333333333,0.8674799568732944,6.520886615515772,0.8509164535379369,1.5514705882352942,15.0,468.0,74.0,31.2,3.0,167.0,False,193.0,2.0,False,93740.0,RB Leipzig,Defensa central,RB Leipzig,1992.0,33.0,100.0,8000000.0,6600000.0,8000000.0,15.894952224644102,0.0
136933,Marius Muller,G,GK,Bundesliga,5,450.0,7.4,0.0,0.0,0.0,,0.00328483,34.8,0.0,0.6755053959568323,0.8,0.0,0.0,13.0,403.0,56.0,31.0,3.0,147.0,False,120.0,,False,118161.0,VfL Wolfsburgo,Portero,Aberdeen FC,1993.0,32.0,100.0,1500000.0,1100000.0,1500000.0,14.220976332738882,3.4177215189873418
132607,Patrick Drewes,G,GK,Bundesliga,18,1620.0,6.755555555555556,0.0,0.0,0.0,,0.0024111827777777,36.22222222222222,0.0,0.6404884730148199,0.3333333333333333,0.0,0.0,9.0,226.0,43.0,25.11111111111111,1.0,4.0,False,78.0,2.0,False,94192.0,VfL Bochum,Portero,Borussia Dortmund,1993.0,32.0,100.0,500000.0,420000.0,500000.0,13.122365377402328,2.7222222222222223
132645,Niclas Füllkrug,F,FWD,Premier League,5,294.0,6.88,0.2,0.2647058823529412,1.509907120743034,0.2559289086687306,0.0435977096594427,18.93808049535604,2.3235294117647056,0.5845891690009337,5.337461300309597,0.0,0.9294117647058824,27.0,1229.0,145.0,45.51851851851852,4.0,182.0,False,260.0,3.0,False,75489.0,West Ham United,Delantero centro,West Ham United,1993.0,32.0,100.0,10000000.0,8600000.0,10000000.0,16.118095750958314,0.0
132704,Leonardo Pavoletti,F,FWD,Serie A,4,183.0,7.0,0.3,0.0,4.409375,0.6744695833333334,0.1398297441078629,28.534576612903223,0.5,0.4886363636363636,14.109475806451613,0.0,0.3,23.0,1001.0,103.0,43.52173913043478,6.0,253.0,True,340.0,,True,64793.0,Cagliari,Delantero centro,Sin equipo,1988.0,37.0,100.0,700000.0,640000.0,700000.0,13.45883704259595,0.0
133908,Marcel Sabitzer,M,MID,Bundesliga,20,1467.0,6.855,0.05,0.0,1.0283395755305869,0.2022932722985157,0.0816268809219885,45.94734231311096,0.5091269841269841,0.8303340615682189,3.56394986878437,0.6375349227044141,1.788954902378812,39.0,590.0,86.0,15.128205128205128,6.0,82.0,False,96.0,2.0,False,106987.0,Borussia Dortmund,Mediocentro,Borussia Dortmund,1994.0,31.0,100.0,8000000.0,7200000.0,8000000.0,15.894952224644102,0.0
134029,Mathew Ryan,G,GK,Ligue 1,13,1170.0,7.369230769230769,0.0,0.0,0.0,,0.0006564269230769,23.76923076923077,0.0,0.7081994450662547,0.3846153846153846,0.0769230769230769,0.0769230769230769,12.0,298.0,39.0,24.83333333333333,3.0,48.0,False,76.0,,True,128969.0,RC Lens,Portero,Sin equipo,1992.0,33.0,100.0,2500000.0,1900000.0,2500000.0,14.731801689838347,3.4615384615384617
134361,Jack Stephens,D,DEF,Premier League,10,797.0,6.51,0.0,0.0,0.2,0.13655,0.0239857706835443,68.83451801363194,0.2,0.928735198954417,2.32823758519961,0.6,1.700389483933788,5.0,267.0,36.0,53.4,2.0,154.0,False,99.0,3.0,False,163744.0,Southampton FC,Defensa central,Southampton FC,1994.0,31.0,100.0,1500000.0,1400000.0,1500000.0,14.220976332738882,0.0
134778,Alexander Schwolow,G,GK,Bundesliga,6,540.0,6.683333333333334,0.0,0.0,0.0,,0.0161810733333333,30.0,0.0,0.7007315257327348,0.1666666666666666,0.0,0.0,7.0,264.0,36.0,37.71428571428572,1.0,7.0,False,88.0,1.92,False,93763.0,1.FC Unión Berlín,Portero,Heart of Midlothian FC,1992.0,33.0,100.0,500000.0,465000.0,500000.0,13.122365377402328,2.5
135116,David Lopez,D,DEF,La Liga,28,2407.0,6.9,0.0357142857142857,0.0357142857142857,0.4394409937888199,0.0997975845410628,0.0450947347131109,74.36531683997488,0.1537267080745341,0.9212636460169782,3.029127992183683,0.5246120920278223,1.1660327540884452,8.0,432.0,58.0,54.0,2.0,69.0,False,201.0,2.0,False,129444.0,Girona FC,Defensa central,Girona FC,1989.0,36.0,100.0,1000000.0,730000.0,1000000.0,13.815511557963774,0.0
125625,Sergi Gomez,D,DEF,La Liga,8,609.0,6.6375,0.0,0.0,0.25,0.14705,0.002690965015625,48.61484375,0.0,0.8684181721526922,2.55078125,1.05078125,1.05078125,4.0,54.0,8.0,13.5,0.0,0.0,False,23.0,2.0,False,92947.0,RCD Espanyol,Defensa central,FC Alverca,1992.0,33.0,100.0,600000.0,480000.0,600000.0,13.304686600863562,0.0
126346,Thomas Dähne,G,GK,Bundesliga,9,810.0,7.2666666666666675,0.0,0.0,0.0,,0.0010739533333333,37.77777777777778,0.0,0.7168167282714537,0.7777777777777778,0.0,0.0,12.0,373.0,46.0,31.08333333333333,2.0,114.0,False,110.0,3.0,False,115979.0,Holstein Kiel,Portero,1.FC Heidenheim 1846,1994.0,31.0,100.0,400000.0,390000.0,400000.0,12.899222326086994,4.111111111111111
126816,Francesco Acerbi,D,DEF,Serie A,19,1650.0,7.2105263157894735,0.0,0.0526315789473684,0.2105263157894736,0.082875,0.0720091710526315,67.6842105263158,0.5263157894736842,0.9210080508018598,5.473684210526316,1.3157894736842106,1.2105263157894737,17.0,534.0,74.0,31.41176470588235,7.0,206.0,False,167.0,,True,131075.0,Inter de Milán,Defensa central,Sin equipo,1988.0,37.0,100.0,3000000.0,2400000.0,3000000.0,14.914123179965662,0.0
128383,Geronimo Rulli,G,GK,Ligue 1,33,2970.0,7.106060606060606,0.0,0.0,0.0,,0.0006647763636363,31.454545454545453,0.0606060606060606,0.8887562706727807,0.6363636363636364,0.0303030303030303,0.1212121212121212,3.0,231.0,39.0,77.0,1.0,104.0,False,104.0,2.0,False,229604.0,Olympique de Marsella,Portero,Olympique de Marsella,1992.0,33.0,100.0,8000000.0,7700000.0,8000000.0,15.894952224644102,2.6969696969696972
128587,Thomas Meunier,D,DEF,Ligue 1,21,1737.0,7.171428571428571,0.1025641025641025,0.0,1.1958050728902354,0.1269444096260777,0.1061982895258034,58.24530868604618,0.6041222459132907,0.8163416472645706,4.720762702325477,1.7863816020093457,2.289936870270496,35.0,861.0,151.0,24.6,5.0,145.0,False,89.0,3.0,False,100986.0,LOSC Lille,Lateral derecho,Sunderland AFC,1991.0,34.0,100.0,2000000.0,1700000.0,2000000.0,14.508658238524095,0.0
128637,Allan Nyom,D,DEF,La Liga,11,745.0,6.718181818181819,0.0919305413687436,0.1828396322778345,0.8591994382022473,0.1185791573033707,0.0321638096486536,25.731634994652463,0.5474974463738509,0.7762735878978497,3.171815692017043,0.3636363636363636,1.1555914604263662,2.0,61.0,9.0,30.5,2.0,61.0,False,46.0,,True,111508.0,Getafe CF,Lateral derecho,Sin equipo,1988.0,37.0,100.0,300000.0,220000.0,300000.0,12.611541086966117,0.0
129861,Juanpe,D,DEF,La Liga,8,687.0,7.0,0.0,0.0,0.25,0.0359,0.0115440777631578,71.48026315789474,0.375,0.8768310660030239,4.322368421052632,1.0,1.0,6.0,262.0,33.0,43.66666666666666,0.0,0.0,False,107.0,1.92,False,115333.0,Girona FC,Defensa central,Atlético de San Luis,1991.0,34.0,100.0,600000.0,520000.0,600000.0,13.304686600863562,0.0
132318,Davide Zappacosta,M,MID,Serie A,27,2018.0,6.925925925925926,0.2374128885756792,0.0846560846560846,1.5650534025852867,0.1069312851477782,0.1315237258622261,37.862143423522966,0.9909015414407985,0.8600212378121826,2.568843261025901,0.4885506393941559,1.125489956942865,26.0,732.0,114.0,28.153846153846157,5.0,52.0,False,180.0,3.0,False,173859.0,Atalanta de Bérgamo,Interior derecho,Atalanta de Bérgamo,1992.0,33.0,100.0,5000000.0,3800000.0,5000000.0,15.424948670398354,0.0
123226,Mathieu Gorgelin,G,GK,Ligue 1,15,1350.0,6.986666666666666,0.0,0.0,0.0,,0.0006542593333333,29.2,0.0,0.7448608730866014,0.6666666666666666,0.0,0.0666666666666666,3.0,43.0,6.0,14.333333333333334,2.0,33.0,False,25.0,2.0,False,60543.0,Le Havre AC,Portero,RC Lens,1990.0,35.0,100.0,300000.0,260000.0,300000.0,12.611541086966117,3.0
123229,Jordan Ferri,M,MID,Ligue 1,22,1721.0,6.668181818181818,0.0,0.1272245112650127,0.7363320119607458,0.0506517579089783,0.0675559563725166,58.84935864979021,0.6446041904093978,0.895527543611195,4.645913925236108,0.4490965556182947,2.107646030720194,13.0,219.0,23.0,16.846153846153847,3.0,27.0,False,83.0,2.0,False,118284.0,Montpellier HSC,Mediocentro,UC Sampdoria,1992.0,33.0,100.0,2000000.0,470000.0,2000000.0,14.508658238524095,0.0
123264,Jonas Martin,M,MID,Ligue 1,5,355.0,6.540000000000001,0.2903225806451613,0.0,0.2903225806451613,0.3401129032258064,0.0103020080321152,47.04458053709713,0.2432432432432432,0.8652336169577548,3.838971732982644,1.3441361003861003,0.9951019924098672,24.0,821.0,113.0,34.208333333333336,4.0,138.0,False,105.0,2.0,False,127142.0,Stade Brestois 29,Pivote,US Boulogne,1990.0,35.0,100.0,600000.0,310000.0,600000.0,13.304686600863562,0.0
123388,Djibril Sidibe,D,DEF,Ligue 1,24,2060.0,6.970833333333334,0.0,0.0833333333333333,0.1685716130698695,0.0995851607903913,0.1520697226845641,46.49409210413225,0.7291666666666666,0.8163449967609925,4.67626460255424,0.8197937996338404,2.758290224733785,27.0,449.0,71.0,16.62962962962963,4.0,56.0,False,56.0,,True,161869.0,Toulouse FC,Lateral derecho,Sin equipo,1992.0,33.0,100.0,1000000.0,1100000.0,1000000.0,13.815511557963774,0.0
123865,Jasper Cillessen,G,GK,La Liga,26,2310.0,7.019230769230769,0.0,0.0,0.0,,0.001503825576923,33.05769230769231,0.0,0.6354168920795998,0.2884615384615384,0.0,0.0384615384615384,25.0,638.0,98.0,25.52,4.0,142.0,True,102.0,,True,146227.0,UD Las Palmas,Portero,Sin equipo,1989.0,36.0,100.0,800000.0,275000.0,800000.0,13.592368256649284,3.504492939666239
123976,Sergi Roberto,M,MID,Serie A,8,591.0,6.7625,0.0,0.125,0.929054054054054,0.1721391891891892,0.0476947106267614,61.42977670183553,1.6806483957219251,0.8955211427597967,4.493803295273883,0.8778409090909091,1.3511029411764706,38.0,1220.0,226.0,32.10526315789474,5.0,255.0,True,157.0,,True,85370.0,Como 1907,Mediocentro,Sin equipo,1992.0,33.0,100.0,1500000.0,1400000.0,1500000.0,14.220976332738882,0.0
124992,Danilo,D,DEF,Serie A,6,522.0,6.8,0.0,0.1666666666666666,0.1666666666666666,0.1048,0.0403751427425515,81.77692895339955,0.1666666666666666,0.9063789617195188,4.031576266870385,1.222943722943723,1.3896103896103895,9.0,355.0,46.0,39.44444444444444,4.0,225.0,False,147.0,4.0,False,808509.0,Nottingham Forest,Mediocentro,Botafogo de Futebol e Regatas,2001.0,24.0,100.0,28000000.0,2600000.0,28000000.0,17.147715103853763,0.0
125274,Stefan Ortega,G,GK,Premier League,9,810.0,6.855555555555556,0.0,0.0,0.0,,0.0004436744444444,32.888888888888886,0.0,0.8349618367267109,0.1111111111111111,0.0,0.0,7.0,133.0,9.0,19.0,0.0,0.0,False,54.0,,True,85941.0,Manchester City,Portero,Sin equipo,1992.0,33.0,100.0,8000000.0,4800000.0,8000000.0,15.894952224644102,2.8888888888888893
142622,Antonio Rudiger,D,DEF,La Liga,24,2146.0,7.1125,0.0,0.0,1.0076754385964912,0.1076615131578947,0.0372802062280701,72.0625,0.3070175438596491,0.9199442762032272,2.8826754385964914,0.3333333333333333,0.75,29.0,860.0,145.0,29.655172413793103,5.0,100.0,False,138.0,2.0,False,86202.0,Real Madrid CF,Defensa central,Real Madrid CF,1993.0,32.0,100.0,20000000.0,9300000.0,20000000.0,16.811242881518265,0.0
143047,Matt Doherty,D,DEF,Premier League,17,1488.0,7.088235294117647,0.1176470588235294,0.0588235294117647,0.5294117647058824,0.20128,0.0560658805103593,52.50256019335634,0.6220858249255815,0.8385701487330146,4.835699797160244,1.0827205882352942,1.6531440162271804,13.0,280.0,35.0,21.53846153846154,0.0,0.0,False,92.0,2.0,False,171679.0,Wolverhampton Wanderers,Lateral derecho,Sheffield United,1992.0,33.0,100.0,2000000.0,1500000.0,2000000.0,14.508658238524095,0.0
143344,Massadio Haidara,D,DEF,Ligue 1,20,1667.0,6.95,0.0,0.0,0.55,0.0406,0.0464581141286334,35.91679752756432,0.4625,0.8018881547808633,5.928412128299366,1.358899933177414,1.4347560975609757,32.0,1143.0,154.0,35.71875,9.0,132.0,False,446.0,2.0,False,170929.0,Stade Brestois 29,Lateral izquierdo,Kocaelispor,1992.0,33.0,100.0,1500000.0,865000.0,1500000.0,14.220976332738882,0.0
145188,James Tarkowski,D,DEF,Premier League,27,2422.0,7.2555555555555555,0.0,0.037037037037037,0.4814814814814814,0.0955454545454545,0.0711040662330623,40.14724480578139,0.4814814814814814,0.8079805789171138,6.243902439024391,1.22583559168925,2.088527551942186,10.0,267.0,28.0,26.7,1.0,85.0,True,85.0,3.0,False,173504.0,Everton FC,Defensa central,Everton FC,1992.0,33.0,100.0,9000000.0,7200000.0,9000000.0,16.012735246411598,0.0
146101,Eric Dier,D,DEF,Bundesliga,16,1410.0,7.21875,0.125,0.0625,0.5625,0.1216555555555555,0.0712748943450218,85.46784156976744,0.1875,0.936889822286234,4.499909156976744,1.275390625,1.156204578488372,29.0,503.0,72.0,17.344827586206897,5.0,44.0,False,60.0,3.0,False,175722.0,Bayern Múnich,Defensa central,AS Mónaco,1994.0,31.0,100.0,8000000.0,6300000.0,8000000.0,15.894952224644102,0.0
146853,Jeffrey Gouweleeuw,D,DEF,Bundesliga,32,2855.0,7.115625,0.03125,0.125,0.5625,0.1066812499999999,0.0922751512259615,51.76201923076923,0.4375,0.8116010469313526,4.0985576923076925,1.1057692307692308,1.5673076923076923,14.0,626.0,70.0,44.71428571428572,1.0,73.0,False,128.0,2.0,False,106405.0,FC Augsburgo,Defensa central,FC Augsburgo,1991.0,34.0,100.0,1500000.0,1000000.0,1500000.0,14.220976332738882,0.0
146866,Gerard Moreno,F,FWD,La Liga,11,603.0,7.227272727272727,0.4839572192513369,0.1818181818181818,3.5814225310581023,0.7530434292330451,0.2294126734858764,38.965578844088704,1.7288513230694769,0.779776231211638,5.988634469456104,0.2727272727272727,0.8145562729806158,13.0,458.0,77.0,35.23076923076923,2.0,111.0,False,78.0,2.0,False,177467.0,Villarreal CF,Delantero centro,Villarreal CF,1992.0,33.0,100.0,4000000.0,2700000.0,4000000.0,15.201805169084134,0.0
147289,Maximilian Arnold,M,MID,Bundesliga,26,2243.0,7.219230769230768,0.1153846153846153,0.1923076923076923,1.0384615384615383,0.0454210526315789,0.1729883130999233,45.38397648862765,1.8186813186813189,0.8301406782443796,3.860720674674163,0.8461538461538461,1.1940966010733454,18.0,284.0,30.0,15.77777777777778,5.0,45.0,False,66.0,3.0,False,117674.0,VfL Wolfsburgo,Mediocentro,VfL Wolfsburgo,1994.0,31.0,100.0,5000000.0,4200000.0,5000000.0,15.424948670398354,0.0
141080,Kenny Lala,D,DEF,Ligue 1,29,2595.0,7.072413793103448,0.1034482758620689,0.0689655172413793,0.3862068965517241,0.3246311111111111,0.1701671293103448,48.11724137931035,1.3793103448275863,0.8029038354684496,3.468965517241379,0.8344827586206897,2.262068965517241,4.0,24.0,2.0,6.0,0.0,0.0,False,10.0,2.0,False,174196.0,Stade Brestois 29,Lateral derecho,Stade Brestois 29,1991.0,34.0,100.0,2000000.0,1700000.0,2000000.0,14.508658238524095,0.0
141945,Sergi Guardiola,F,FWD,La Liga,4,224.0,6.45,0.0,0.0,2.049107142857143,1.100161607142857,0.0315200689407467,14.852374188311687,1.3459821428571428,0.6649801587301587,4.0927353896103895,0.0,0.6428571428571428,0.0,0.0,0.0,0.0,0.0,0.0,False,0.0,,False,256429.0,Rayo Vallecano,Delantero centro,Retirado,1991.0,34.0,100.0,500000.0,315000.0,500000.0,13.122365377402328,0.0
142018,Ivan Sanchez,M,MID,La Liga,20,1189.0,7.029999999999999,0.1778846153846153,0.0,1.0880199602815814,0.0883018470177198,0.1581040184800935,30.051309968644865,1.704144574252345,0.8395567904952916,8.05002051638552,0.7436869752263474,2.375629187121905,3.0,168.0,24.0,56.0,0.0,0.0,False,115.0,,True,221311.0,Real Valladolid CF,Extremo derecho,Sin equipo,1992.0,33.0,100.0,600000.0,485000.0,600000.0,13.304686600863562,0.0
142148,Sead Kolasinac,D,DEF,Serie A,23,1910.0,6.98695652173913,0.0,0.0900621118012422,0.4421230942970073,0.0887165945165945,0.068831071479226,58.97164691254547,0.758893280632411,0.871916662600035,4.519660566088279,1.3264289293070677,1.9037541907269908,33.0,992.0,161.0,30.060606060606062,11.0,323.0,True,200.0,2.0,False,94005.0,Atalanta de Bérgamo,Defensa central,Atalanta de Bérgamo,1993.0,32.0,100.0,7000000.0,6400000.0,7000000.0,15.76142084987672,0.0
142231,Christian Günter,D,DEF,Bundesliga,26,2203.0,6.846153846153846,0.0782493368700265,0.0769230769230769,0.8252967012428745,0.0658907438557144,0.166617372157333,31.55984509977143,1.0644870414261929,0.7709105097781842,1.4721069644047209,0.2887667887667887,0.8973851220102863,5.0,225.0,30.0,45.0,1.0,189.0,False,189.0,,False,93707.0,SC Friburgo,Lateral izquierdo,SC Friburgo,1993.0,32.0,100.0,3500000.0,1900000.0,3500000.0,15.068273812173889,0.0
142259,Matthias Ginter,D,DEF,Bundesliga,28,2430.0,7.060714285714285,0.1071428571428571,0.0357142857142857,0.8928571428571429,0.1659411764705882,0.0480215567857142,52.35714285714285,0.2857142857142857,0.8180441885758851,5.714285714285714,0.6428571428571429,1.0714285714285714,21.0,431.0,56.0,20.52380952380953,4.0,124.0,False,92.0,2.0,False,124502.0,SC Friburgo,Defensa central,SC Friburgo,1994.0,31.0,100.0,7000000.0,5700000.0,7000000.0,15.76142084987672,0.0
142390,Jonas Hofmann,F,FWD,Bundesliga,6,300.0,6.983333333333333,0.7338709677419355,0.0,1.7146401985111666,0.5155449131513647,0.1131301902487297,41.22861278506439,1.4761904761904765,0.8904148454873093,3.1074973413683096,0.0,0.0,25.0,659.0,96.0,26.36,2.0,36.0,False,99.0,2.0,False,7161.0,Bayer 04 Leverkusen,Mediocentro ofensivo,Bayer 04 Leverkusen,1992.0,33.0,100.0,2000000.0,2100000.0,2000000.0,14.508658238524095,0.0
142525,Lukas Kübler,D,DEF,Bundesliga,21,1673.0,6.995238095238095,0.2405840384934461,0.0714285714285714,0.8883454057497228,0.2259858924976771,0.0485719712028834,40.82088015852912,0.6205862410681687,0.7904515436477368,4.616153299394172,2.545948965822788,1.8722443186442423,21.0,1169.0,123.0,55.66666666666666,2.0,37.0,False,418.0,,False,93604.0,SC Friburgo,Lateral derecho,SC Friburgo,1992.0,33.0,100.0,1500000.0,1500000.0,1500000.0,14.220976332738882,0.0
138261,Ryan Fraser,M,MID,Premier League,4,243.0,6.525,0.0,0.0,0.5,0.055,0.0076478395641291,24.457162028785863,0.2922077922077922,0.8378434065934066,3.972742539035596,0.0,1.9362755888179617,21.0,611.0,88.0,29.09523809523809,3.0,121.0,False,115.0,,True,146795.0,Southampton FC,Extremo izquierdo,Sin equipo,1994.0,31.0,100.0,2000000.0,1900000.0,2000000.0,14.508658238524095,0.0
138383,Denis Suarez,M,MID,La Liga,6,356.0,6.9,0.0,0.0,1.0186574459983742,0.0982725232317619,0.2489539120355923,32.46486559656885,2.4885315563281662,0.844908955778521,3.689271869599738,0.7037037037037037,1.929662323104946,15.0,700.0,105.0,46.66666666666666,4.0,318.0,False,137.0,2.0,False,165007.0,Villarreal CF,Mediocentro ofensivo,Deportivo Alavés,1994.0,31.0,100.0,1200000.0,1300000.0,1200000.0,13.997832948091215,0.0
138530,Jordan Pickford,G,GK,Premier League,27,2430.0,7.203703703703703,0.0,0.037037037037037,0.0,,0.0061883659259259,37.22222222222222,0.074074074074074,0.6248533797338061,0.4074074074074074,0.037037037037037,0.037037037037037,4.0,120.0,18.0,30.0,0.0,0.0,False,64.0,4.0,False,130164.0,Everton FC,Portero,Everton FC,1994.0,31.0,100.0,18000000.0,16100000.0,18000000.0,16.705882371415992,2.8888888888888893
138534,Raheem Sterling,F,FWD,Premier League,4,227.0,6.75,0.0,0.0,1.813791874554526,0.2394627940128296,0.039870539213028,28.753479513012657,0.7010869565217391,0.78125,5.016162277744601,0.3688524590163934,1.8442622950819672,16.0,333.0,52.0,20.8125,3.0,36.0,False,101.0,,True,134425.0,Arsenal FC,Extremo derecho,Sin equipo,1994.0,31.0,100.0,10000000.0,4800000.0,10000000.0,16.118095750958314,0.0
138573,Pablo Sarabia,F,FWD,Premier League,8,470.0,6.775,0.25,0.1424050632911392,1.7314516129032258,0.6909029677419355,0.1557308915775882,33.567214417357334,1.5444320903181663,0.7387670565302145,4.1213876596073415,0.4662617394855043,1.59771335238873,10.0,136.0,26.0,13.6,1.0,34.0,False,34.0,2.0,False,74230.0,Wolverhampton Wanderers,Mediocentro ofensivo,Al-Arabi SC,1992.0,33.0,100.0,5000000.0,3700000.0,5000000.0,15.424948670398354,0.0
138605,Piotr Zielinski,M,MID,Serie A,12,779.0,7.083333333333333,0.238095238095238,0.0833333333333333,1.77518160139231,0.3643240486470417,0.1343984832698782,62.32700444510527,1.9030112044817928,0.9280349938093724,3.351664368412161,0.5,1.041485949218397,18.0,278.0,42.0,15.444444444444445,10.0,203.0,True,58.0,3.0,False,181136.0,Inter de Milán,Mediocentro,Inter de Milán,1994.0,31.0,100.0,10000000.0,10300000.0,10000000.0,16.118095750958314,0.0
139235,Adrien Tameze,M,MID,Serie A,9,517.0,6.666666666666667,0.0,0.0,0.9377492025518342,0.1716391297846889,0.1097978748516637,39.86296512850421,0.9354027311607828,0.8764405139113863,2.685485798678061,1.201026119402985,0.5838629817420077,7.0,120.0,10.0,17.142857142857142,3.0,95.0,True,44.0,,True,157507.0,Torino FC,Pivote,Sin equipo,1994.0,31.0,100.0,2000000.0,1800000.0,2000000.0,14.508658238524095,0.0
137667,Mattia De Sciglio,D,DEF,Serie A,9,675.0,6.644444444444444,0.1111111111111111,0.0,0.7004830917874396,0.1678239130434782,0.0204205910232762,30.936758893280636,0.2222222222222222,0.7795086374941184,2.845410628019324,1.033816425120773,1.9565217391304348,37.0,1219.0,195.0,32.945945945945944,4.0,63.0,False,292.0,,True,88682.0,Empoli FC,Lateral derecho,Sin equipo,1992.0,33.0,100.0,800000.0,580000.0,800000.0,13.592368256649284,0.0
137673,Ivan Ordets,D,DEF,Bundesliga,19,1683.0,6.957894736842104,0.0,0.0,0.5354472690265465,0.100115617756949,0.0941905286066301,42.68546809454213,0.3708690330477356,0.7951517561911468,6.550150645635634,1.9572661224050936,0.7368421052631579,15.0,553.0,67.0,36.86666666666667,5.0,182.0,False,187.0,1.5,False,118850.0,VfL Bochum,Defensa central,FK Aktobe,1992.0,33.0,100.0,1000000.0,725000.0,1000000.0,13.815511557963774,0.0
137692,Frederik Ronnow,G,GK,Bundesliga,26,2340.0,7.1038461538461535,0.0,0.0,0.0384615384615384,0.0943,0.0042075607692307,27.846153846153847,0.0,0.6344489230837755,0.7692307692307693,0.0,0.0,22.0,780.0,89.0,35.45454545454545,4.0,88.0,True,372.0,,False,107775.0,1.FC Unión Berlín,Portero,1.FC Unión Berlín,1992.0,33.0,100.0,3000000.0,2600000.0,3000000.0,14.914123179965662,2.6923076923076925
137978,William Carvalho,M,MID,La Liga,6,371.0,6.933333333333334,0.0,0.0,0.8105143444126496,0.090798774671656,0.0438386129372464,62.15722696821083,1.1679328172810377,0.8881998538861283,3.6012541792375465,0.5281385281385281,2.0557204682265837,23.0,781.0,123.0,33.95652173913044,5.0,285.0,False,182.0,,True,100131.0,Real Betis Balompié,Pivote,Sin equipo,1992.0,33.0,100.0,1500000.0,1200000.0,1500000.0,14.220976332738882,0.0
138024,Vladimir Coufal,D,DEF,Premier League,9,630.0,6.733333333333333,0.0,0.0,0.4920634920634921,0.0698761904761904,0.0836758881068752,35.41120407107124,0.5620915032679739,0.8007098897874223,4.216632302970064,0.707516339869281,1.350358422939068,10.0,272.0,51.0,27.2,1.0,47.0,False,74.0,3.0,False,157672.0,West Ham United,Lateral derecho,TSG 1899 Hoffenheim,1992.0,33.0,100.0,5000000.0,2600000.0,5000000.0,15.424948670398354,0.0
138126,Phillipp Mwene,M,MID,Bundesliga,31,2528.0,6.787096774193548,0.0475938656795346,0.1290322580645161,0.683249119753608,0.1120381102261528,0.1235148402378608,33.28623855171548,0.6951395081869054,0.7626805128103195,4.052058699522598,0.7526881720430108,1.7229760106373806,11.0,732.0,95.0,66.54545454545455,2.0,54.0,False,309.0,,False,127573.0,1.FSV Mainz 05,Lateral izquierdo,1.FSV Mainz 05,1994.0,31.0,100.0,1800000.0,1600000.0,1800000.0,14.403297778421797,0.0
138150,Mitchell Weiser,M,MID,Bundesliga,30,2690.0,7.076666666666667,0.1666666666666666,0.2666666666666666,1.400757575757576,0.2637817045454546,0.1778129648462675,38.00757575757576,1.3015151515151515,0.7322295793744252,5.558906134515891,0.6674242424242425,2.008019216555802,28.0,1018.0,99.0,36.35714285714285,2.0,17.0,False,378.0,2.0,False,119211.0,SV Werder Bremen,Lateral derecho,SV Werder Bremen,1994.0,31.0,100.0,5000000.0,3200000.0,5000000.0,15.424948670398354,0.0
138156,Emre Can,D,DEF,Bundesliga,23,1981.0,7.065217391304348,0.0869565217391304,0.0,0.3558352402745995,0.1995666666666666,0.04907512137145,79.69720536375596,0.3123569794050343,0.8968394057822491,5.428227152632684,0.8260869565217391,2.1941597850960104,29.0,826.0,139.0,28.48275862068965,6.0,193.0,True,150.0,2.0,False,119296.0,Borussia Dortmund,Defensa central,Borussia Dortmund,1994.0,31.0,100.0,7000000.0,4300000.0,7000000.0,15.76142084987672,0.0
153257,Giovanni Di Lorenzo,D,DEF,Serie A,37,3330.0,7.170270270270271,0.081081081081081,0.054054054054054,0.5675675675675675,0.2020071428571428,0.1044622394594594,50.270270270270274,1.027027027027027,0.8427476767743367,4.486486486486487,0.8378378378378378,1.7837837837837838,3.0,130.0,19.0,43.333333333333336,1.0,3.0,False,89.0,3.0,False,169880.0,SSC Nápoles,Lateral derecho,SSC Nápoles,1993.0,32.0,100.0,12000000.0,9100000.0,12000000.0,16.300417291085605,0.0
155818,Takumi Minamino,M,MID,Ligue 1,27,2106.0,7.04074074074074,0.2601426654038167,0.1639344262295081,2.1053567297491496,0.3710376259990758,0.1921786440147082,28.36492592136573,1.5574144998587105,0.7339234942529215,3.277076694878239,0.3237170721941265,1.2898932053201402,9.0,360.0,51.0,40.0,2.0,14.0,False,223.0,2.0,False,165793.0,AS Mónaco,Extremo izquierdo,AS Mónaco,1995.0,30.0,100.0,15000000.0,11600000.0,15000000.0,16.52356082573315,0.0
155995,Marquinhos,D,DEF,Ligue 1,18,1562.0,7.366666666666666,0.1231231231231231,0.0,0.4684684684684684,0.1915716216216216,0.0560615639744091,93.23651912782348,0.533816425120773,0.9462222610093712,3.490272881577229,0.6569395482438961,1.461352657004831,34.0,483.0,81.0,14.205882352941176,4.0,85.0,False,47.0,3.0,False,181767.0,París Saint-Germain FC,Defensa central,París Saint-Germain FC,1994.0,31.0,100.0,35000000.0,29000000.0,35000000.0,17.370858648025116,0.0
155997,Emerson,D,DEF,Premier League,22,1662.0,6.8,0.1174825174825174,0.0545454545454545,0.7481619852618572,0.1772373174923668,0.093918926764294,35.00225944299603,0.7867179922657748,0.8034745714676726,4.071719605723471,0.9075129104357104,2.394147594521648,11.0,326.0,46.0,29.63636363636364,2.0,17.0,False,158.0,2.0,False,181778.0,West Ham United,Lateral izquierdo,Olympique de Marsella,1994.0,31.0,100.0,10000000.0,9100000.0,10000000.0,16.118095750958314,0.0
156019,Hernani,M,MID,Serie A,20,1206.0,6.955,0.1661764705882353,0.0576923076923076,1.087652041033438,0.2867157896780117,0.0782523548680858,35.935347350344486,1.491707129250297,0.7682547432585907,5.99439454686379,1.3407222051740155,3.0586868224384287,13.0,306.0,32.0,23.53846153846154,5.0,105.0,False,80.0,3.0,False,181768.0,Parma,Mediocentro,Palermo FC,1994.0,31.0,100.0,1600000.0,1600000.0,1600000.0,14.285514812209817,0.0
156236,Patrik Carlgren,G,GK,Ligue 1,4,326.0,7.325,0.0,0.0,0.0,,0.0004523041071428,24.580357142857142,0.0,0.5554792263311069,0.4017857142857142,0.0,0.0,2.0,84.0,9.0,42.0,0.0,0.0,False,58.0,,True,190280.0,FC Nantes,Portero,Sin equipo,1992.0,33.0,100.0,600000.0,485000.0,600000.0,13.304686600863562,4.693251533742331
156682,Teji Savanier,M,MID,Ligue 1,27,2204.0,7.233333333333333,0.0839853938445487,0.1539468761690983,1.9347007712630384,0.1910824849393887,0.2948942273309229,52.017627264164446,2.6638452983353296,0.765203657259457,5.187213433468171,0.5598847563716844,1.0448983401184362,11.0,288.0,24.0,26.181818181818183,3.0,55.0,True,79.0,,True,127156.0,Montpellier HSC,Mediocentro ofensivo,Sin equipo,1991.0,34.0,100.0,2500000.0,1700000.0,2500000.0,14.731801689838347,0.0
157377,Silvan Widmer,M,MID,Bundesliga,4,285.0,6.7,0.0,0.0,0.3409090909090909,0.052090909090909,0.0419799502414772,38.55213068181818,0.3,0.7742002005563822,4.364914772727273,0.981818181818182,2.177130681818182,21.0,445.0,67.0,21.19047619047619,1.0,15.0,False,154.0,,False,168989.0,1.FSV Mainz 05,Lateral derecho,1.FSV Mainz 05,1993.0,32.0,100.0,1200000.0,730000.0,1200000.0,13.997832948091215,0.0
151138,Dimitri Foulquier,D,DEF,La Liga,24,2018.0,6.675,0.0,0.0416666666666666,0.3333333333333333,0.0235428571428571,0.0647519014348617,37.24988136078132,0.3333333333333333,0.7921206264538782,3.814521905820028,0.560599778883361,1.8519505042458932,11.0,500.0,52.0,45.45454545454545,1.0,32.0,False,177.0,2.0,False,170472.0,Valencia CF,Lateral derecho,Valencia CF,1993.0,32.0,100.0,1500000.0,1100000.0,1500000.0,14.220976332738882,0.0
151499,Bobby De Cordova-Reid,M,MID,Premier League,7,478.0,6.5,0.0,0.2990033222591362,0.50484379798431,0.0433761057911536,0.020822304825779,21.18978942928523,0.7671795768490995,0.7786256649528961,2.106734380543047,0.0,0.8523341454746575,7.0,158.0,26.0,22.571428571428573,2.0,76.0,False,52.0,2.0,False,186186.0,Leicester City,Mediocentro ofensivo,Leicester City,1993.0,32.0,100.0,2500000.0,915000.0,2500000.0,14.731801689838347,0.0
151545,Virgil van Dijk,D,DEF,Premier League,27,2430.0,7.248148148148148,0.037037037037037,0.037037037037037,0.6666666666666666,0.1397454545454545,0.0262943337037037,76.66666666666667,0.3703703703703703,0.920675326175462,4.296296296296297,1.5555555555555556,1.037037037037037,18.0,727.0,125.0,40.388888888888886,2.0,7.0,False,255.0,2.0,False,139208.0,Liverpool FC,Defensa central,Liverpool FC,1991.0,34.0,100.0,23000000.0,18600000.0,23000000.0,16.951004817371683,0.0
152077,John Stones,D,DEF,Premier League,8,520.0,6.8625,0.125,0.0,0.125,0.2557,0.0280599216071428,69.41964285714286,0.5,0.9133215934871096,2.71875,0.90625,1.03125,28.0,760.0,164.0,27.142857142857142,6.0,236.0,False,94.0,,True,186590.0,Manchester City,Defensa central,Sin equipo,1994.0,31.0,100.0,25000000.0,13600000.0,25000000.0,17.034386422832473,0.0
152206,Dominik Kohr,D,DEF,Bundesliga,26,2205.0,7.111538461538462,0.0840080971659919,0.0,0.4686234817813765,0.1819695906432748,0.0624853084480513,51.176335868397935,0.4759566276420209,0.7958534132414876,5.589358707510052,1.6423607563577922,2.468606766541188,8.0,218.0,25.0,27.25,1.0,71.0,True,71.0,3.0,False,118847.0,1.FSV Mainz 05,Defensa central,1.FSV Mainz 05,1994.0,31.0,100.0,3500000.0,1900000.0,3500000.0,15.068273812173889,0.0
152446,Ivan Balliu,D,DEF,La Liga,12,966.0,6.824999999999999,0.0,0.0,0.0833333333333333,0.0137,0.0213056788434943,33.556602580318746,0.3619402985074627,0.7472708843968393,3.756724850324648,1.0,1.390547263681592,2.0,35.0,4.0,17.5,0.0,0.0,False,24.0,2.0,False,85295.0,Rayo Vallecano,Lateral derecho,Rayo Vallecano,1992.0,33.0,100.0,1400000.0,1300000.0,1400000.0,14.151983508870948,0.0
152769,Ante Rebić,F,FWD,Serie A,12,621.0,6.733333333333333,0.0,0.0,1.8192048745079747,0.304334131886616,0.1129968591767112,24.48736594950648,1.9006937985683312,0.6141991708394169,6.454844519645513,0.088235294117647,1.3177655677655675,40.0,817.0,134.0,20.425,4.0,149.0,False,131.0,,True,187587.0,US Lecce,Extremo izquierdo,Sin equipo,1993.0,32.0,100.0,1000000.0,775000.0,1000000.0,13.815511557963774,0.0
152813,Clinton Mata,D,DEF,Ligue 1,25,2246.0,6.968,0.0,0.16,0.2,0.04806,0.0880876756093023,58.395348837209305,0.44,0.8897124051596907,4.213023255813954,1.769302325581395,1.525581395348837,11.0,351.0,45.0,31.90909090909091,3.0,61.0,False,102.0,3.0,False,187718.0,Olympique de Lyon,Defensa central,Olympique de Lyon,1992.0,33.0,100.0,3500000.0,3100000.0,3500000.0,15.068273812173889,0.0
149663,Nathan Ake,D,DEF,Premier League,9,680.0,6.800000000000001,0.0,0.0,0.4768555824156146,0.1088616706956755,0.0224644020927074,70.33725468127163,0.1298701298701298,0.9454436969797224,2.949680483236138,0.2222222222222222,0.9547840994321226,19.0,453.0,94.0,23.84210526315789,6.0,175.0,False,80.0,4.0,False,177476.0,Manchester City,Defensa central,Fenerbahce,1995.0,30.0,100.0,25000000.0,13700000.0,25000000.0,17.034386422832473,0.0
149728,Budu Zivzivadze,F,FWD,Bundesliga,12,931.0,7.05,0.25,0.1666666666666666,2.351147915754657,0.214050326864147,0.1376354594411206,18.66611946106328,1.1666666666666667,0.7180197218240697,6.241694634953062,0.25,1.5842696629213482,2.0,104.0,13.0,52.0,1.0,32.0,False,72.0,4.0,False,187097.0,1.FC Heidenheim 1846,Delantero centro,1.FC Heidenheim 1846,1994.0,31.0,100.0,2000000.0,1300000.0,2000000.0,14.508658238524095,0.0
149730,Gaëtan Laborde,F,FWD,Ligue 1,20,1600.0,7.385,0.5441777635597861,0.2117406905391442,3.477274813653452,0.5846760387256666,0.136239533134188,22.65656648666343,1.453028074915912,0.7258902928115643,4.740397208996525,0.2295018450472866,0.8032199585537709,3.0,145.0,20.0,48.333333333333336,1.0,53.0,False,85.0,3.0,False,181378.0,OGC Niza,Delantero centro,Al-Diriyah FC,1994.0,31.0,100.0,6000000.0,3600000.0,6000000.0,15.607270193858982,0.0
149732,Abdoulaye Toure,M,MID,Ligue 1,26,2277.0,7.107692307692308,0.3905420422274354,0.0384615384615384,1.76138274540234,0.4501811572383284,0.0430495953693947,40.055872017642365,0.2692307692307692,0.8196890992031217,5.841107716964117,1.3078171470025404,2.3156836610008718,13.0,496.0,57.0,38.15384615384615,1.0,36.0,False,124.0,,True,181382.0,Le Havre AC,Pivote,Sin equipo,1994.0,31.0,100.0,3000000.0,2800000.0,3000000.0,14.914123179965662,0.0
150383,Stanislav Lobotka,M,MID,Serie A,31,2634.0,7.02258064516129,0.0,0.032258064516129,0.2421791235297366,0.0480684253475683,0.0612249466297958,59.75274238645128,0.5530586766541823,0.909321030354288,3.062357507667775,0.6873442472370294,1.5382002807593602,19.0,298.0,48.0,15.68421052631579,4.0,48.0,False,39.0,2.0,False,192735.0,SSC Nápoles,Pivote,SSC Nápoles,1994.0,31.0,100.0,25000000.0,18600000.0,25000000.0,17.034386422832473,0.0
150396,Emil Krafth,D,DEF,Premier League,3,240.0,6.833333333333333,0.0,0.0,0.3333333333333333,0.0285,0.003949105,25.166666666666668,0.3333333333333333,0.7570048309178744,2.5,0.6666666666666666,0.6666666666666666,12.0,973.0,142.0,81.08333333333333,1.0,67.0,False,343.0,,True,184528.0,Newcastle United,Lateral derecho,Sin equipo,1994.0,31.0,100.0,2000000.0,1100000.0,2000000.0,14.508658238524095,0.0
151003,Berat Djimsiti,D,DEF,Serie A,31,2592.0,7.141935483870968,0.032258064516129,0.0952901663672576,0.7542763414824651,0.2488720944309927,0.0202831877915899,56.536340944717686,0.3662716741908707,0.8787916905439469,5.626984818303053,1.332223322036565,1.712195332508417,20.0,319.0,42.0,15.95,5.0,50.0,False,63.0,2.0,False,165513.0,Atalanta de Bérgamo,Defensa central,Atalanta de Bérgamo,1993.0,32.0,100.0,6000000.0,5400000.0,6000000.0,15.607270193858982,0.0
151124,Jordan Veretout,M,MID,Ligue 1,18,1372.0,6.844444444444445,0.1666666666666666,0.0,1.2488184682223995,0.207677874800014,0.0523830032183232,50.70843460046256,0.8023447923290814,0.844617074753233,2.7009397276571065,0.1851236618678479,1.1628538400264228,11.0,211.0,31.0,19.181818181818183,2.0,25.0,False,43.0,2.0,False,164771.0,Olympique de Lyon,Mediocentro,Al-Arabi SC,1993.0,32.0,100.0,4000000.0,3300000.0,4000000.0,15.201805169084134,0.0
147745,Michy Batshuayi,F,FWD,Bundesliga,5,252.0,6.76,0.7,0.0,1.4,0.7673749999999999,0.1159467206315789,16.542105263157897,0.3157894736842105,0.8266666666666665,1.2473684210526317,0.3157894736842105,0.0,11.0,301.0,51.0,27.363636363636363,1.0,3.0,False,89.0,2.0,False,179184.0,Eintracht Fráncfort​​,Delantero centro,Eintracht Fráncfort​​,1993.0,32.0,100.0,4000000.0,3200000.0,4000000.0,15.201805169084134,0.0
148458,Gianluca Caprari,F,FWD,Serie A,20,1440.0,6.98,0.1620681605975723,0.1267857142857142,1.6575448316748769,0.324346029007808,0.110886263373881,34.149401182612685,1.631317471354253,0.865986876515934,3.675792927492185,0.4811436511039228,0.9489764654988452,18.0,591.0,77.0,32.833333333333336,3.0,253.0,False,224.0,2.0,False,146752.0,AC Monza,Mediapunta,Calcio Padova,1993.0,32.0,100.0,1000000.0,795000.0,1000000.0,13.815511557963774,0.0
148824,Florian Thauvin,F,FWD,Serie A,24,1959.0,7.220833333333334,0.3554912001778629,0.1521872545168892,2.446547177736061,0.4257738479399942,0.2176839039303071,28.560737885922396,1.7631930470471515,0.7813069405184231,4.134270321262051,0.3266764092858341,0.9009660282022012,17.0,534.0,87.0,31.41176470588235,3.0,151.0,False,177.0,3.0,False,184892.0,Udinese,Extremo derecho,RC Lens,1993.0,32.0,100.0,5000000.0,5200000.0,5000000.0,15.424948670398354,0.0
148899,Leonardo Spinazzola,D,DEF,Serie A,18,1436.0,6.966666666666667,0.0555555555555555,0.1111111111111111,0.5896417027074308,0.0993764659009298,0.208411902958091,40.48582825029169,1.2579128282636391,0.817989872711235,3.543438771522904,0.5158469895094502,0.955645460911346,31.0,967.0,165.0,31.193548387096776,8.0,111.0,False,279.0,3.0,False,118689.0,SSC Nápoles,Lateral izquierdo,SSC Nápoles,1993.0,32.0,100.0,3500000.0,3400000.0,3500000.0,15.068273812173889,0.0
149370,Moi Gomez,M,MID,La Liga,8,518.0,6.7625,0.0,0.0,0.515625,0.2272499999999999,0.1779637318181818,57.99715909090909,1.796875,0.8262422738567334,2.825284090909091,0.5,1.0,8.0,141.0,21.0,17.625,2.0,34.0,False,32.0,2.0,False,175449.0,CA Osasuna,Mediocentro ofensivo,CA Osasuna,1994.0,31.0,100.0,2000000.0,1900000.0,2000000.0,14.508658238524095,0.0
149380,Harry Maguire,D,DEF,Premier League,16,1288.0,7.0125,0.0625,0.0,0.5087025316455696,0.1351957805907173,0.0135628663956626,55.71200691175419,0.3212025316455696,0.8716819452330046,5.073029855580937,2.19607737967532,1.5118804977472644,21.0,468.0,82.0,22.285714285714285,9.0,212.0,False,57.0,2.0,False,177907.0,Manchester United,Defensa central,Manchester United,1993.0,32.0,100.0,13000000.0,10700000.0,13000000.0,16.380459992348886,0.0
149479,Rani Khedira,M,MID,Bundesliga,29,2547.0,6.827586206896552,0.0344827586206896,0.0344827586206896,0.423020883924235,0.1354509859154929,0.0324018988399315,29.98655162383245,0.4137931034482758,0.742988682892278,4.368498061353949,1.4088768407268717,2.245575962147948,13.0,286.0,31.0,22.0,2.0,78.0,False,58.0,,False,124410.0,1.FC Unión Berlín,Pivote,1.FC Unión Berlín,1994.0,31.0,100.0,2500000.0,2100000.0,2500000.0,14.731801689838347,0.0
177177,Alejandro Grimaldo,M,MID,Bundesliga,30,2528.0,7.323333333333333,0.0666666666666666,0.2533469945355191,1.4796420332982492,0.1079119326796027,0.2949707841353163,59.13465161240518,2.566136217301062,0.857309060844998,2.988573687936777,0.5594199684604769,0.8881939733108636,19.0,764.0,122.0,40.21052631578947,1.0,2.0,False,325.0,5.0,False,193082.0,Bayer 04 Leverkusen,Lateral izquierdo,Atlético de Madrid,1995.0,30.0,100.0,30000000.0,23000000.0,30000000.0,17.216707972959764,0.0
178721,Yunis Abdelhamid,D,DEF,Ligue 1,12,976.0,6.616666666666667,0.0,0.0,0.1666666666666666,0.11795,0.0618491366150719,45.97889305816136,0.2756410256410256,0.8487335649489767,3.989837398373984,1.2085678549093182,1.5406504065040652,2.0,24.0,3.0,12.0,0.0,0.0,False,15.0,1.0,False,199704.0,AS Saint-Étienne,Defensa central,AS FAR Rabat,1987.0,38.0,100.0,400000.0,325000.0,400000.0,12.899222326086994,0.0
181581,Jackson Irvine,M,MID,Bundesliga,28,2520.0,6.9750000000000005,0.0,0.2142857142857142,1.3571428571428572,0.156278947368421,0.0845047628571428,31.892857142857142,1.1071428571428572,0.703806085287801,5.714285714285714,1.1428571428571428,1.9285714285714288,15.0,393.0,37.0,26.2,5.0,182.0,True,135.0,2.0,False,192557.0,FC St. Pauli,Mediocentro,FC St. Pauli,1993.0,32.0,100.0,2000000.0,1600000.0,2000000.0,14.508658238524095,0.0
184421,Stefano Sabelli,D,DEF,Serie A,27,1974.0,6.781481481481482,0.0,0.1042684913652655,0.2724281219225134,0.0332370744361444,0.0466668722428364,38.43728487387774,0.6641354946723331,0.6697489173265536,4.509899122933034,0.9675478482461192,2.6979920366365606,4.0,190.0,16.0,47.5,2.0,17.0,False,164.0,3.0,False,167491.0,Génova,Lateral derecho,Génova,1993.0,32.0,100.0,1400000.0,1400000.0,1400000.0,14.151983508870948,0.0
184661,Leon Goretzka,M,MID,Bundesliga,14,1030.0,7.314285714285715,0.2142857142857142,0.0,1.8845196615231457,0.2199828571428571,0.1443610362078426,83.86012445325821,0.5069686411149826,0.911115204975146,4.738451569003315,1.2862120457939272,1.44255537580886,47.0,926.0,153.0,19.70212765957447,5.0,40.0,False,221.0,,True,153084.0,Bayern Múnich,Mediocentro,Sin equipo,1995.0,30.0,100.0,22000000.0,13700000.0,22000000.0,16.906553056777135,0.0
186719,Florian Grillitsch,M,MID,La Liga,17,1127.0,6.81764705882353,0.0,0.0,0.6301261134138813,0.0512661919040479,0.0645644575366827,54.54064234081789,0.7083651642475172,0.8565156696094756,5.076723327463139,0.8206476030277544,1.6794819950139708,41.0,502.0,73.0,12.24390243902439,6.0,68.0,False,55.0,,True,195736.0,Real Valladolid CF,Pivote,Sin equipo,1995.0,30.0,100.0,2000000.0,2100000.0,2000000.0,14.508658238524095,0.0
186795,Andreas Christensen,D,DEF,La Liga,3,200.0,7.0,0.0,0.0,0.0,,0.025062722077922,64.19047619047619,0.3896103896103897,0.9431678486997636,6.935064935064936,2.597402597402598,2.8008658008658016,30.0,680.0,141.0,22.666666666666668,4.0,246.0,False,149.0,3.0,False,196948.0,FC Barcelona,Defensa central,FC Barcelona,1996.0,29.0,100.0,12000000.0,8700000.0,12000000.0,16.300417291085605,0.0
186845,Alberto Grassi,M,MID,Serie A,27,2212.0,6.785185185185185,0.037037037037037,0.0,0.441991995140788,0.1137437302983146,0.0271891956381514,33.56055592794803,0.2592592592592592,0.7517572236106068,4.308073594323727,1.3688572606038087,1.514736186549384,23.0,712.0,100.0,30.956521739130437,3.0,99.0,False,159.0,2.0,False,197473.0,Empoli FC,Pivote,US Cremonese,1995.0,30.0,100.0,1800000.0,1600000.0,1800000.0,14.403297778421797,0.0
169255,Yannick Gerhardt,M,MID,Bundesliga,18,1331.0,6.716666666666667,0.0555555555555555,0.0,0.8263888888888888,0.1302041666666666,0.0752722555321067,38.57566738816739,0.3181818181818182,0.7891623604013853,3.490232683982684,0.8571428571428572,1.6378968253968254,12.0,369.0,43.0,30.75,2.0,35.0,False,75.0,,False,119277.0,VfL Wolfsburgo,Mediocentro,VfL Wolfsburgo,1994.0,31.0,100.0,2500000.0,1900000.0,2500000.0,14.731801689838347,0.0
170129,Florent Hanin,D,DEF,Ligue 1,30,2574.0,7.0233333333333325,0.0333333333333333,0.0666666666666666,0.3459885669229253,0.1418217664948889,0.0877507684516517,42.40664599793749,0.8203459720636842,0.8083623169007208,4.424329082098042,1.5726206912707874,2.329068771521351,1.0,56.0,5.0,56.0,0.0,0.0,False,56.0,1.92,False,111811.0,Angers SCO,Lateral izquierdo,Nea Salamina Famagusta,1990.0,35.0,100.0,300000.0,260000.0,300000.0,12.611541086966117,0.0
171919,Mark Flekken,G,GK,Premier League,27,2376.0,7.451851851851852,0.0,0.037037037037037,0.0,,0.0045119314814814,45.03703703703704,0.074074074074074,0.744278367069004,0.4074074074074074,0.0,0.1111111111111111,12.0,601.0,90.0,50.083333333333336,2.0,32.0,False,191.0,3.0,False,125714.0,Brentford FC,Portero,Bayer 04 Leverkusen,1993.0,32.0,100.0,10000000.0,8500000.0,10000000.0,16.118095750958314,4.431818181818182
171961,Vincenzo Grifo,M,MID,Bundesliga,31,2337.0,7.341935483870968,0.2888025797161234,0.3817627062843206,2.271340816635428,0.3157952298058522,0.2902480903381988,48.8528788494717,2.4297992585064097,0.8147889339826518,2.8943240555286134,0.3643946902043137,1.0866669729830032,11.0,233.0,28.0,21.181818181818183,0.0,0.0,False,57.0,2.0,False,185077.0,SC Friburgo,Extremo izquierdo,SC Friburgo,1993.0,32.0,100.0,6000000.0,4600000.0,6000000.0,15.607270193858982,0.0
173827,Jamie Vardy,F,FWD,Premier League,24,1966.0,6.879166666666666,0.3253363197983451,0.1419270833333333,1.9267846116832383,0.5970578839316731,0.0988203290607201,11.522471976993634,0.6002604166666666,0.6811334362804952,3.33221907304794,0.1378363197983451,0.5497132941753194,19.0,313.0,48.0,16.473684210526315,2.0,53.0,False,60.0,,True,197838.0,Leicester City,Delantero centro,Sin equipo,1987.0,38.0,100.0,1000000.0,970000.0,1000000.0,13.815511557963774,0.0
173883,Íñigo Martínez,D,DEF,La Liga,27,2403.0,7.24074074074074,0.0,0.1481481481481481,0.4814814814814814,0.0443181818181818,0.0680847716049382,86.88477366255144,0.6008230452674896,0.9130007727746814,4.106995884773663,0.6666666666666666,0.925925925925926,31.0,748.0,106.0,24.12903225806452,6.0,142.0,False,91.0,2.0,False,158863.0,FC Barcelona,Defensa central,Al-Nassr FC,1991.0,34.0,100.0,5000000.0,4600000.0,5000000.0,15.424948670398354,0.0
174345,Robin Zentner,G,GK,Bundesliga,31,2790.0,7.15483870967742,0.0,0.0,0.032258064516129,0.0112,0.0080150438709677,32.29032258064516,0.0967741935483871,0.5878175225645044,0.3870967741935484,0.0,0.064516129032258,15.0,560.0,72.0,37.333333333333336,2.0,48.0,False,133.0,3.0,False,160963.0,1.FSV Mainz 05,Portero,1.FSV Mainz 05,1994.0,31.0,100.0,4000000.0,2900000.0,4000000.0,15.201805169084134,3.225806451612903
175185,Pere Milla,M,MID,La Liga,7,292.0,6.671428571428572,0.2857142857142857,0.0,1.7959183673469388,0.4577785714285713,0.0649039377658431,29.63157894736842,1.2255639097744362,0.6206702654071075,5.716433941997852,0.9387755102040816,1.8163265306122447,2.0,32.0,5.0,16.0,0.0,0.0,False,31.0,2.0,False,225593.0,RCD Espanyol,Extremo izquierdo,RCD Espanyol,1992.0,33.0,100.0,1200000.0,1200000.0,1200000.0,13.997832948091215,0.0
164343,Paulo Gazzaniga,G,GK,La Liga,36,3195.0,6.922222222222222,0.0,0.0,0.0,,0.0008285972222222,30.11111111111111,0.0,0.7923829599696867,0.2222222222222222,0.0,0.0277777777777777,1.0,20.0,1.0,20.0,0.0,0.0,False,20.0,2.0,False,195488.0,Girona FC,Portero,Girona FC,1992.0,33.0,100.0,2500000.0,2100000.0,2500000.0,14.731801689838347,2.619718309859155
164511,Jean Daniel Akpa-Akpro,M,MID,Serie A,12,937.0,6.633333333333333,0.0,0.0,0.3333333333333333,0.1130666666666666,0.0161718802776107,29.335893029992388,0.1676029962546816,0.7743628778970414,6.461771226447806,1.3198399318773204,2.6174554594603228,13.0,835.0,100.0,64.23076923076923,1.0,43.0,False,388.0,,True,170481.0,AC Monza,Mediocentro,Sin equipo,1992.0,33.0,100.0,500000.0,515000.0,500000.0,13.122365377402328,0.0
165583,Armando Izzo,D,DEF,Serie A,28,2422.0,6.846428571428571,0.0357142857142857,0.0357142857142857,0.2214285714285714,0.0748066666666666,0.0097094325715457,52.92203782441471,0.3642857142857142,0.8761660771910271,5.421177553698925,1.691533501541912,1.463627156380379,20.0,427.0,56.0,21.35,4.0,130.0,False,69.0,3.0,False,32113.0,AC Monza,Defensa central,US Avellino 1912,1992.0,33.0,100.0,1500000.0,1400000.0,1500000.0,14.220976332738882,0.0
166381,Charlie Taylor,D,DEF,Premier League,3,225.0,6.8,0.0,0.0,0.0,,0.0321853766666666,50.0,0.3333333333333333,0.9421296296296297,4.0,1.0,1.3333333333333333,12.0,369.0,47.0,30.75,5.0,171.0,False,73.0,2.0,False,195633.0,Southampton FC,Lateral izquierdo,Derby County,1993.0,32.0,100.0,2200000.0,2100000.0,2200000.0,14.603968372873895,0.0
168861,Marnon Busch,D,DEF,Bundesliga,17,1325.0,6.852941176470588,0.0,0.0,0.5980136050895352,0.0388917039474966,0.0679985332625998,43.698471254952345,0.6623801035565742,0.7636055290467557,3.084544072190353,0.916348357524828,1.6414552922853534,16.0,604.0,64.0,37.75,3.0,169.0,False,183.0,2.0,False,117478.0,1.FC Heidenheim 1846,Lateral derecho,1.FC Heidenheim 1846,1994.0,31.0,100.0,1200000.0,1300000.0,1200000.0,13.997832948091215,0.0
168903,Robert Andrich,M,MID,Bundesliga,20,1589.0,6.975,0.1,0.05,1.1660140537032226,0.1001924082777529,0.0502174235282473,52.751502351623344,0.4691371354533675,0.8833167812180216,3.586233451724308,1.6212482191761126,1.3367520059067064,11.0,162.0,19.0,14.727272727272728,1.0,7.0,False,82.0,3.0,False,159088.0,Bayer 04 Leverkusen,Pivote,Bayer 04 Leverkusen,1994.0,31.0,100.0,9000000.0,7200000.0,9000000.0,16.012735246411598,0.0
168937,Niklas Sule,D,DEF,Bundesliga,13,1040.0,6.838461538461539,0.0,0.0,0.6611030339138542,0.0961745030794623,0.0296336110758495,79.82042261965798,0.2414800389483933,0.9218068241903942,2.602465491026223,0.2923976608187134,1.2669335791181502,30.0,854.0,133.0,28.466666666666665,6.0,133.0,False,204.0,2.0,False,166601.0,Borussia Dortmund,Defensa central,SV Tiefenbach,1995.0,30.0,100.0,8000000.0,4700000.0,8000000.0,15.894952224644102,0.0
168985,Janik Haberer,M,MID,Bundesliga,21,1562.0,6.752380952380953,0.0,0.0,0.7391847873750775,0.0985929632702935,0.1141555374421388,36.83065005323018,0.4611567650685899,0.7838892226321261,3.720851410683733,0.9542595909279156,1.957504010681809,12.0,314.0,30.0,26.166666666666668,2.0,44.0,False,195.0,2.0,False,177779.0,1.FC Unión Berlín,Mediocentro,1.FC Unión Berlín,1994.0,31.0,100.0,2500000.0,2600000.0,2500000.0,14.731801689838347,0.0
158243,Nicolas Tagliafico,D,DEF,Ligue 1,21,1808.0,7.176190476190476,0.1527939088914698,0.0,1.3955349077300296,0.1980940887533875,0.0628452527463451,55.09225153476024,0.1904761904761904,0.8836421951622171,5.283465147576646,1.6948546356211862,2.6526372066441755,18.0,209.0,29.0,11.61111111111111,4.0,44.0,False,45.0,2.0,False,131225.0,Olympique de Lyon,Lateral izquierdo,Olympique de Lyon,1992.0,33.0,100.0,6000000.0,4800000.0,6000000.0,15.607270193858982,0.0
158263,Emiliano Martinez,G,GK,Premier League,27,2340.0,6.966666666666667,0.0,0.0,0.0,,0.0017321699999999,34.592592592592595,0.0,0.8057543393405567,0.5185185185185185,0.0,0.074074074074074,8.0,46.0,9.0,5.75,2.0,9.0,False,12.0,4.0,False,111873.0,Aston Villa,Portero,Aston Villa,1992.0,33.0,100.0,20000000.0,14400000.0,20000000.0,16.811242881518265,2.769230769230769
158615,Matias Vecino,M,MID,Serie A,10,676.0,6.859999999999999,0.0,0.240625,1.23125,0.284270625,0.2487822188606928,41.48486445783133,1.140625,0.8309119359438585,4.859977409638555,0.5,1.5803087349397589,30.0,726.0,121.0,24.2,4.0,123.0,False,199.0,2.0,False,143812.0,SS Lazio,Mediocentro,RC Celta de Vigo,1991.0,34.0,100.0,2000000.0,1600000.0,2000000.0,14.508658238524095,0.0
159665,Mohamed Salah,M,MID,Premier League,27,2393.0,8.022222222222222,0.9367651071716462,0.5611714831009679,3.826722939395216,0.803915677381979,0.2538581809237981,30.960860842061383,2.417648561778744,0.7362781980479651,3.8225559180696886,0.1507936507936507,0.6714643160087861,17.0,239.0,45.0,14.058823529411764,2.0,41.0,False,29.0,,True,148455.0,Liverpool FC,Extremo derecho,Sin equipo,1992.0,33.0,100.0,50000000.0,29000000.0,50000000.0,17.72753358339242,0.0
159837,Donovan Leon,G,GK,Ligue 1,31,2790.0,7.303225806451613,0.0,0.064516129032258,0.0,,0.002994409032258,30.0,0.0967741935483871,0.5225409427387295,0.4516129032258064,0.0,0.0,2.0,40.0,5.0,20.0,1.0,25.0,False,25.0,,False,170911.0,AJ Auxerre,Portero,Abha Club,1992.0,33.0,100.0,1000000.0,810000.0,1000000.0,13.815511557963774,3.8387096774193545
161717,James Ward-Prowse,M,MID,Premier League,7,513.0,6.771428571428571,0.0,0.0,0.6219780219780221,0.0459820512820512,0.1414784776923076,41.10769230769231,1.043956043956044,0.8768791658067394,1.901098901098901,1.0285714285714287,1.1648351648351647,4.0,99.0,17.0,24.75,0.0,0.0,False,71.0,2.0,False,181579.0,West Ham United,Mediocentro,West Ham United,1994.0,31.0,100.0,8000000.0,5400000.0,8000000.0,15.894952224644102,0.0
162653,Nick Pope,G,GK,Premier League,17,1530.0,7.035294117647059,0.0,0.0,0.0,,0.0003944629411764,22.529411764705884,0.0,0.6415529916015168,0.4705882352941176,0.0588235294117647,0.0,10.0,493.0,93.0,49.3,2.0,198.0,False,163.0,2.0,False,192080.0,Newcastle United,Portero,Newcastle United,1992.0,33.0,100.0,8000000.0,6700000.0,8000000.0,15.894952224644102,3.3529411764705883
164055,Brice Samba,G,GK,Ligue 1,31,2789.0,7.22258064516129,0.0,0.0,0.0,,0.002577493403407,33.075752084088435,0.0,0.7842102626467773,0.3548387096774194,0.032258064516129,0.064516129032258,1.0,11.0,1.0,11.0,1.0,11.0,False,11.0,4.0,False,191056.0,Stade Rennais FC,Portero,Stade Rennais FC,1994.0,31.0,100.0,12000000.0,9200000.0,12000000.0,16.300417291085605,3.0333452850484046
209768,Pierrick Capelle,M,MID,Ligue 1,5,328.0,6.659999999999999,0.0,0.0,0.4675324675324676,0.0881298701298701,0.0851756440174856,35.117123018581935,0.4675324675324676,0.8495019902697921,6.150376406535776,1.1086416076445986,3.44649311968746,14.0,515.0,70.0,36.785714285714285,1.0,59.0,False,185.0,,False,214532.0,Angers SCO,Mediocentro,Retirado,1987.0,38.0,100.0,200000.0,220000.0,200000.0,12.206077645517674,0.0
210082,Javier Manquillo,D,DEF,La Liga,8,488.0,6.55,0.0,0.0,0.0,,0.0154258848269174,60.08441891100703,0.0,0.8988273559412083,2.1621048009367683,1.420191744730679,1.3027298009367685,10.0,238.0,39.0,23.8,1.0,11.0,False,58.0,,False,162029.0,RC Celta de Vigo,Lateral derecho,Retirado,1994.0,31.0,100.0,1000000.0,,1000000.0,13.815511557963774,0.0
216308,Adam Webster,D,DEF,Premier League,6,480.0,7.016666666666667,0.0,0.0,0.0,,0.0141288903759398,74.19548872180451,0.3333333333333333,0.85157107298091,3.452380952380953,2.0964912280701755,0.9047619047619048,26.0,1133.0,156.0,43.57692307692308,3.0,153.0,False,312.0,,True,212847.0,Brighton & Hove Albion,Defensa central,Sin equipo,1995.0,30.0,100.0,11000000.0,5200000.0,11000000.0,16.213405921671733,0.0
217784,Patric,D,DEF,Serie A,7,555.0,6.6000000000000005,0.1477832512315271,0.0,0.2906403940886699,0.5488551724137931,0.0114324705066854,60.750879662209705,0.0,0.8784200939838082,2.580577058409571,0.4285714285714285,1.004926108374384,35.0,598.0,79.0,17.085714285714285,11.0,270.0,True,99.0,2.0,False,126729.0,SS Lazio,Defensa central,SS Lazio,1993.0,32.0,100.0,2500000.0,1400000.0,2500000.0,14.731801689838347,0.0
218616,Portu,F,FWD,La Liga,11,607.0,6.736363636363635,0.0,0.3400236127508855,0.8384281566099748,0.1972988030888031,0.1473699713053015,23.26886929251299,1.5682187131050769,0.7520574764820289,4.357571217816819,0.0,1.7664956011730204,4.0,320.0,41.0,80.0,1.0,53.0,False,224.0,2.0,False,99353.0,Girona FC,Extremo derecho,Girona FC,1992.0,33.0,100.0,1800000.0,1600000.0,1800000.0,14.403297778421797,0.0
219572,Joel Veltman,D,DEF,Premier League,19,1647.0,6.915789473684211,0.0,0.0,0.3376623376623376,0.0973337662337662,0.0722902110550679,40.582700726321264,0.3233082706766917,0.8006313821691426,6.026373108018206,0.976670144260172,2.358963895491782,24.0,1082.0,129.0,45.083333333333336,5.0,153.0,False,288.0,,True,111195.0,Brighton & Hove Albion,Lateral derecho,Sin equipo,1992.0,33.0,100.0,4000000.0,2600000.0,4000000.0,15.201805169084134,0.0
226978,Julian Brandt,M,MID,Bundesliga,27,2222.0,7.125925925925926,0.1548176529019441,0.408166592246712,1.728954872002961,0.2138141864765815,0.2580692527021914,42.15069342578119,2.3053031411913785,0.8202624509942349,2.575059065972756,0.5458828805142422,0.9956332023504372,20.0,233.0,37.0,11.65,4.0,44.0,False,32.0,,True,187492.0,Borussia Dortmund,Mediocentro ofensivo,Sin equipo,1996.0,29.0,100.0,25000000.0,21000000.0,25000000.0,17.034386422832473,0.0
227224,Miloš Veljković,D,DEF,Bundesliga,12,937.0,6.666666666666667,0.0,0.0833333333333333,0.1666666666666666,0.2815,0.0628400444512195,57.28252032520325,0.4166666666666667,0.8823250756318126,3.266260162601626,0.1666666666666666,0.9166666666666666,34.0,738.0,102.0,21.705882352941178,11.0,241.0,False,88.0,3.0,False,202228.0,SV Werder Bremen,Defensa central,Estrella Roja de Belgrado,1995.0,30.0,100.0,3000000.0,2300000.0,3000000.0,14.914123179965662,0.0
191204,Jean-Charles Castelletto,D,DEF,Ligue 1,28,2442.0,6.778571428571429,0.0,0.0,0.5714285714285714,0.1535,0.0124260903648119,46.93333157031787,0.0714285714285714,0.871966383416995,3.5767043951975457,0.8297455968688846,1.0874676045908924,8.0,68.0,9.0,8.5,2.0,25.0,False,19.0,3.0,False,182875.0,FC Nantes,Defensa central,Al-Duhail SC,1995.0,30.0,100.0,3500000.0,2900000.0,3500000.0,15.068273812173889,0.0
191210,Mike Maignan,G,GK,Serie A,36,3205.0,7.088888888888889,0.0,0.0,0.0,,0.0085031367171717,36.8459595959596,0.1388888888888889,0.8644939979678958,0.3232323232323232,0.0,0.0,13.0,391.0,78.0,30.07692307692308,7.0,63.0,False,129.0,6.0,False,182906.0,AC Milan,Portero,AC Milan,1995.0,30.0,100.0,25000000.0,27000000.0,25000000.0,17.034386422832473,2.7238689547581902
192308,Alassane Plea,M,MID,Bundesliga,23,1747.0,7.165217391304348,0.4295203588681849,0.1971424969439373,1.8960286463229743,0.3429236822612493,0.1644298316594433,34.51651356996452,1.2231746945485935,0.757031470468003,3.65822675720922,0.1164596273291925,0.3997830081074038,18.0,845.0,108.0,46.94444444444444,4.0,90.0,False,327.0,3.0,False,167329.0,Borussia Mönchengladbach,Delantero centro,PSV Eindhoven,1993.0,32.0,100.0,5000000.0,3100000.0,5000000.0,15.424948670398354,0.0
192442,Raul Jimenez,F,FWD,Premier League,22,1695.0,7.163636363636363,0.5242465788387326,0.1615018952339526,3.732132445190649,0.5182390700978987,0.0887026870092804,21.96310393424658,0.7369773891490876,0.7117816124959506,6.088942072275975,0.4782587496970203,1.0624614090486626,13.0,496.0,86.0,38.15384615384615,1.0,44.0,False,149.0,3.0,False,206040.0,Fulham FC,Delantero centro,Wolverhampton Wanderers,1991.0,34.0,100.0,5000000.0,4200000.0,5000000.0,15.424948670398354,0.0
193554,Will Hughes,M,MID,Premier League,22,1625.0,6.877272727272728,0.0,0.1384778012684989,0.933477959756609,0.0877897793809424,0.1080268373538554,40.46721574200964,1.4867165538369125,0.8024163975382064,5.781469487165609,0.9126647357189236,3.341237235957534,12.0,509.0,92.0,42.41666666666666,1.0,8.0,False,237.0,2.0,False,207014.0,Crystal Palace,Mediocentro,Crystal Palace,1995.0,30.0,100.0,7000000.0,5500000.0,7000000.0,15.76142084987672,0.0
195850,Ruslan Malinovskyi,M,MID,Serie A,6,321.0,7.233333333333333,0.0,0.5357142857142857,2.3631827195054385,0.072942796343277,0.1853979231608491,51.158242935876125,1.6876293995859213,0.8304860592791629,7.2935497040212285,0.2112676056338028,3.2460502143294554,15.0,652.0,107.0,43.46666666666667,4.0,285.0,True,246.0,4.0,False,207877.0,Génova,Mediocentro,Trabzonspor,1993.0,32.0,100.0,2500000.0,2600000.0,2500000.0,14.731801689838347,0.0
198038,Christian Walton,G,GK,Premier League,6,540.0,6.75,0.0,0.0,0.0,,0.0007922866666666,33.166666666666664,0.1666666666666666,0.6349929889571873,0.5,0.0,0.0,4.0,240.0,35.0,60.0,2.0,101.0,False,72.0,3.0,False,208379.0,Ipswich Town,Portero,Ipswich Town,1995.0,30.0,100.0,1000000.0,1300000.0,1000000.0,13.815511557963774,2.833333333333333
208988,Pablo Mari,D,DEF,Serie A,30,2619.0,7.03,0.0,0.0,0.2333333333333333,0.0503333333333333,0.0085296085555555,56.833333333333336,0.1333333333333333,0.901998587781941,4.1,2.088888888888889,1.3555555555555554,11.0,431.0,60.0,39.18181818181818,3.0,60.0,False,172.0,,True,210178.0,Fiorentina,Defensa central,Sin equipo,1993.0,32.0,100.0,3500000.0,2700000.0,3500000.0,15.068273812173889,0.0
189135,Karol Linetty,M,MID,Serie A,18,1364.0,6.694444444444445,0.0666666666666666,0.0,0.9942654702481644,0.1080300418581018,0.0694947723581919,33.030067987637885,0.5396497953282835,0.827294757678968,3.8373024299822194,0.6978093590996817,2.1861875395915744,21.0,373.0,49.0,17.761904761904763,6.0,66.0,False,49.0,,True,225873.0,Torino FC,Mediocentro,Sin equipo,1995.0,30.0,100.0,1800000.0,1600000.0,1800000.0,14.403297778421797,0.0
190159,Andre Silva,F,FWD,Bundesliga,6,372.0,6.766666666666667,0.2238805970149253,0.0,3.009137007271336,0.6633601090700345,0.1340388754965053,25.4683616331299,1.004975124378109,0.7026709401709401,5.134698471206719,0.0,0.4006410256410256,15.0,432.0,50.0,28.8,3.0,68.0,False,120.0,2.0,False,198008.0,SV Werder Bremen,Delantero centro,FC Oporto,1995.0,30.0,100.0,4000000.0,2800000.0,4000000.0,15.201805169084134,0.0
190161,Michael Zetterer,G,GK,Bundesliga,32,2880.0,6.959375,0.0,0.0,0.0,,0.0037857790625,31.875,0.0,0.7552216711832705,0.4375,0.0,0.0,12.0,790.0,82.0,65.83333333333333,0.0,0.0,False,426.0,4.0,False,196813.0,SV Werder Bremen,Portero,Eintracht Fráncfort​​,1995.0,30.0,100.0,4500000.0,4600000.0,4500000.0,15.319588176962746,3.0624999999999996
190437,Mario Pašalić,M,MID,Serie A,27,1856.0,7.0,0.1111111111111111,0.1183498696804433,2.189492312231699,0.3728620376785446,0.1020567215930452,62.57857863946784,1.3052399894613416,0.8736327983545188,3.38342204367672,0.535422133045223,1.1557284722981815,5.0,278.0,42.0,55.6,0.0,0.0,False,161.0,3.0,False,205938.0,Atalanta de Bérgamo,Mediocentro,Atalanta de Bérgamo,1995.0,30.0,100.0,10000000.0,7200000.0,10000000.0,16.118095750958314,0.0
190867,Chuba Akpom,F,FWD,Ligue 1,8,521.0,6.975,0.3764044943820225,0.15625,2.646114936216947,0.7917552466137253,0.0701455214409795,13.462582896848865,0.4433687800963082,0.7250728438228439,5.069746874207992,0.0,1.1651785714285714,6.0,176.0,34.0,29.33333333333333,2.0,20.0,False,102.0,4.0,False,197642.0,LOSC Lille,Delantero centro,Ipswich Town,1995.0,30.0,100.0,7000000.0,4800000.0,7000000.0,15.76142084987672,0.0
190877,Kenny Tete,D,DEF,Premier League,15,1266.0,7.08,0.0,0.1511737089201878,1.2488906038973568,0.0861216091066949,0.0308961830960307,40.378468903917486,0.3511737089201878,0.8266204006415172,5.410122503388951,1.948922760306129,2.9563142240742084,24.0,721.0,118.0,30.041666666666668,3.0,180.0,False,113.0,3.0,False,206746.0,Fulham FC,Lateral derecho,Fulham FC,1995.0,30.0,100.0,13000000.0,11900000.0,13000000.0,16.380459992348886,0.0
190933,Mirko Maric,F,FWD,Serie A,6,350.0,6.516666666666667,0.0,0.0,1.1521543758385864,0.2812101086048454,0.0207685253819523,25.71581099212678,0.0,0.7947259358288771,4.124731019467862,0.3333333333333333,0.37999037999038,1.0,18.0,2.0,18.0,1.0,18.0,False,18.0,3.0,False,215649.0,Venezia FC,Delantero centro,NK Lokomotiva Zagreb,1995.0,30.0,100.0,700000.0,535000.0,700000.0,13.45883704259595,0.0
191188,Seko Fofana,M,MID,Ligue 1,11,666.0,6.927272727272728,0.1818181818181818,0.0,2.7397111962717187,0.2482624638474706,0.0994148479239643,55.14295380731628,1.1557878037240112,0.9272404089842275,3.873599065972584,0.8833164786033638,1.302822064350915,10.0,260.0,36.0,26.0,1.0,7.0,False,94.0,4.0,False,182893.0,Stade Rennais FC,Mediocentro,Stade Rennais FC,1995.0,30.0,100.0,10000000.0,8800000.0,10000000.0,16.118095750958314,0.0
186855,Bryan Cristante,M,MID,Serie A,25,1953.0,7.084,0.16,0.08,1.2548605164989295,0.1530608984043024,0.0524704214975528,55.797152439579214,0.8334491315136476,0.8195198400742909,5.27541414851793,0.7445860136957876,2.0856183145826988,13.0,284.0,52.0,21.846153846153847,3.0,69.0,False,80.0,3.0,False,199248.0,AS Roma,Pivote,AS Roma,1995.0,30.0,100.0,7000000.0,7700000.0,7000000.0,15.76142084987672,0.0
187207,Matus Bero,M,MID,Bundesliga,27,2299.0,7.018518518518518,0.1900756938603869,0.0744902205576363,1.0893850334263424,0.2444636000321973,0.1607176723762333,36.487210051208095,2.0195350623884725,0.7322358833732525,4.874366201961749,0.5219050899019904,2.3594276523061706,21.0,440.0,58.0,20.952380952380956,4.0,109.0,False,63.0,,True,204047.0,VfL Bochum,Mediocentro,Sin equipo,1995.0,30.0,100.0,3000000.0,1400000.0,3000000.0,14.914123179965662,0.0
187313,Lucas Torro,M,MID,La Liga,35,2963.0,6.902857142857143,0.0863636363636363,0.0,1.006008036906913,0.1332199822796954,0.0486692632421424,40.98890418954375,0.2860353130016051,0.7418420254915058,8.288877237694924,1.3532682187998089,2.165947225615412,13.0,380.0,52.0,29.23076923076923,0.0,0.0,False,92.0,2.0,False,213670.0,CA Osasuna,Pivote,CA Osasuna,1994.0,31.0,100.0,3000000.0,3100000.0,3000000.0,14.914123179965662,0.0
187423,Kevin Akpoguma,D,DEF,Bundesliga,27,2190.0,6.874074074074074,0.0,0.0,0.1873638344226579,0.0204729411764705,0.0237929113285367,52.87155632862464,0.261437908496732,0.8688572821560091,5.422185764986999,1.23586293836531,2.2622109775809967,14.0,504.0,54.0,36.0,2.0,40.0,False,121.0,,True,160241.0,TSG 1899 Hoffenheim,Defensa central,Sin equipo,1995.0,30.0,100.0,2500000.0,1900000.0,2500000.0,14.731801689838347,0.0
187433,Serge Gnabry,M,MID,Bundesliga,15,1033.0,7.2266666666666675,0.4484848484848485,0.4300865800865801,3.653236959119312,0.5735752450490686,0.3025868360864626,41.60904389727919,1.8366437484084543,0.863262034545922,3.634165834165834,0.6361471861471861,1.4913253413253411,47.0,993.0,146.0,21.127659574468087,10.0,259.0,False,151.0,3.0,False,159471.0,Bayern Múnich,Mediapunta,Bayern Múnich,1995.0,30.0,100.0,22000000.0,21000000.0,22000000.0,16.906553056777135,0.0
188365,Hector Bellerin,D,DEF,La Liga,6,450.0,6.833333333333333,0.0,0.0,0.1666666666666666,0.1972,0.20860687,39.833333333333336,0.6666666666666666,0.8496432146473678,2.6666666666666665,0.8333333333333334,1.3333333333333333,11.0,558.0,102.0,50.72727272727273,1.0,118.0,False,241.0,3.0,False,191217.0,Real Betis Balompié,Lateral derecho,Real Betis Balompié,1995.0,30.0,100.0,2000000.0,2600000.0,2000000.0,14.508658238524095,0.0
188407,Sandro Ramirez,M,MID,La Liga,28,1992.0,6.978571428571429,0.3198234069897981,0.1618303571428571,2.029056733338181,0.2193703583655029,0.1583971994540083,24.383615010437616,1.289621909063446,0.7461365891954073,4.45153783574641,0.5503960073827404,1.4093313704945098,18.0,616.0,98.0,34.22222222222222,1.0,45.0,False,216.0,2.0,False,199369.0,UD Las Palmas,Delantero centro,UD Las Palmas,1995.0,30.0,100.0,2500000.0,935000.0,2500000.0,14.731801689838347,0.0
189061,Jack Grealish,M,MID,Premier League,6,478.0,7.483333333333333,0.0,0.1851851851851852,1.7960733606801025,0.1340896522204387,0.2138105770038795,45.1255326483217,2.810384149229745,0.9040896911264992,6.171326740192271,0.0,1.3409188974611228,15.0,591.0,89.0,39.4,4.0,74.0,False,134.0,2.0,False,203460.0,Manchester City,Extremo izquierdo,Manchester City,1995.0,30.0,100.0,28000000.0,26000000.0,28000000.0,17.147715103853763,0.0
250223,John McGinn,M,MID,Premier League,21,1656.0,6.871428571428572,0.0,0.1573498964803312,1.2415454635580074,0.1696383727584012,0.120352526145433,31.277246184983987,1.1583677833789645,0.8597050798861097,5.519245997936638,0.4814814814814814,1.2590967528484274,12.0,421.0,51.0,35.083333333333336,2.0,31.0,False,168.0,3.0,False,193116.0,Aston Villa,Mediocentro,Aston Villa,1994.0,31.0,100.0,16000000.0,14500000.0,16000000.0,16.588099342704055,0.0
250501,Ridgeciano Haps,M,MID,Serie A,17,1247.0,6.770588235294118,0.0778546712802768,0.0778546712802768,1.214042960883991,0.2207662182714379,0.0591165332673684,31.21432315502167,0.381171406869778,0.788784429898527,4.579529997825341,0.4062238992960267,2.033132695562876,22.0,789.0,106.0,35.86363636363637,5.0,57.0,False,184.0,3.0,False,228444.0,Venezia FC,Lateral izquierdo,Venezia FC,1993.0,32.0,100.0,900000.0,650000.0,900000.0,13.71015115341694,0.0
250547,Mattia Bani,D,DEF,Serie A,19,1490.0,6.815789473684211,0.0,0.0,0.4210526315789473,0.2057999999999999,0.0100495721723342,51.1631920710868,0.1052631578947368,0.8664649139568503,3.011790840738209,1.2095864661654137,1.096120984278879,18.0,365.0,47.0,20.27777777777778,8.0,186.0,False,44.0,3.0,False,176139.0,Génova,Defensa central,Palermo FC,1993.0,32.0,100.0,1800000.0,1400000.0,1800000.0,14.403297778421797,0.0
250737,Adrien Rabiot,F,FWD,Ligue 1,26,2340.0,7.461538461538462,0.3461538461538461,0.1538461538461538,1.7307692307692308,0.34536,0.1381463403846153,53.26923076923077,1.0,0.8543699448411586,5.115384615384615,0.7307692307692307,1.7692307692307692,22.0,299.0,50.0,13.590909090909092,7.0,76.0,False,50.0,3.0,False,182913.0,Olympique de Marsella,Mediocentro,AC Milan,1995.0,30.0,100.0,25000000.0,19200000.0,25000000.0,17.034386422832473,0.0
252343,Adam Dzwigala,D,DEF,Bundesliga,5,238.0,6.74,0.0,0.0,0.72,0.23436,0.0428215785698313,52.95243035190616,0.0,0.8691839107184375,5.299849706744868,0.9,2.892349706744868,7.0,109.0,14.0,15.571428571428571,1.0,11.0,False,38.0,2.0,False,236966.0,FC St. Pauli,Defensa central,FC St. Pauli,1995.0,30.0,100.0,600000.0,870000.0,600000.0,13.304686600863562,0.0
252669,Jose Sa,G,GK,Premier League,21,1890.0,6.723809523809523,0.0,0.0,0.0,,0.0012943133333333,28.285714285714285,0.0952380952380952,0.5969069375718888,1.0,0.0,0.0952380952380952,7.0,191.0,15.0,27.285714285714285,2.0,16.0,False,58.0,2.0,False,249994.0,Wolverhampton Wanderers,Portero,Wolverhampton Wanderers,1993.0,32.0,100.0,7000000.0,4800000.0,7000000.0,15.76142084987672,2.666666666666667
252821,Nelson Semedo,M,MID,Premier League,23,2037.0,6.734782608695652,0.0,0.1744015632633122,0.4865783947366751,0.0778568305851452,0.0488927549984456,34.36340669589326,0.7484249995241691,0.8089498713939831,5.071204613656983,0.4797264289203712,2.096471872045883,13.0,396.0,67.0,30.46153846153846,1.0,11.0,False,105.0,2.0,False,231572.0,Wolverhampton Wanderers,Lateral derecho,Fenerbahce,1993.0,32.0,100.0,9000000.0,6400000.0,9000000.0,16.012735246411598,0.0
252863,Darwin Machis,F,FWD,La Liga,11,540.0,6.545454545454546,0.0,0.0,2.0026852881317976,0.1919220397375518,0.086524847155583,26.97924503304004,0.4594870185896933,0.6896842288146636,2.549956581259095,0.3652252329625972,0.2727272727272727,4.0,142.0,34.0,35.5,0.0,0.0,False,93.0,2.0,False,211251.0,Real Valladolid CF,Extremo izquierdo,Carabobo FC,1993.0,32.0,100.0,600000.0,475000.0,600000.0,13.304686600863562,0.0
235656,Francesco Zampano,M,MID,Serie A,18,1463.0,6.561111111111111,0.0,0.1111111111111111,0.2777777777777778,0.1402,0.0333325517804493,24.637795832650948,0.5025252525252525,0.7562125908566723,3.596299964129651,0.343337062438186,1.5838844279855515,6.0,57.0,9.0,9.5,2.0,10.0,False,18.0,2.0,False,216872.0,Venezia FC,Interior derecho,Modena FC,1993.0,32.0,100.0,1000000.0,820000.0,1000000.0,13.815511557963774,0.0
235672,Matteo Politano,F,FWD,Serie A,35,2785.0,7.08,0.0911676361040631,0.1388195742111319,1.709283742682815,0.1190907072172814,0.1722203904029098,31.65621415826905,1.7425862430641754,0.7934912223887437,3.1038635171621456,0.4288753620751571,0.9104104689774218,18.0,268.0,33.0,14.88888888888889,3.0,15.0,False,58.0,3.0,False,165895.0,SSC Nápoles,Extremo derecho,SSC Nápoles,1993.0,32.0,100.0,10000000.0,8400000.0,10000000.0,16.118095750958314,0.0
237068,Julian Weigl,M,MID,Bundesliga,32,2798.0,6.9875,0.0,0.0625,0.6179185865890431,0.05199308410239,0.058004561790264,53.985201438150725,0.3939269473113987,0.8852825798083362,3.7722389328005903,1.3876291993075185,1.67510469102051,21.0,259.0,33.0,12.333333333333334,3.0,20.0,False,99.0,2.0,False,196792.0,Borussia Mönchengladbach,Pivote,Al-Qadsiah FC,1995.0,30.0,100.0,6000000.0,4600000.0,6000000.0,15.607270193858982,0.0
243609,Alisson,G,GK,Premier League,19,1699.0,7.094736842105262,0.0,0.0,0.0,,0.0110811983277814,27.17455029980013,0.0526315789473684,0.8173968514599588,0.4283810792804796,0.0,0.0526315789473684,20.0,549.0,107.0,27.45,7.0,202.0,False,81.0,2.0,False,105470.0,Liverpool FC,Portero,Liverpool FC,1992.0,33.0,100.0,20000000.0,18700000.0,20000000.0,16.811242881518265,2.542672160094173
246319,Ondrej Duda,M,MID,Serie A,28,2403.0,6.964285714285714,0.0357142857142857,0.1071428571428571,0.9652272413870058,0.0737520511000075,0.098417944145001,41.58574687739806,1.2098105566495223,0.8164827558881527,5.332620818499936,1.1277090386569293,1.6705361272722197,11.0,452.0,61.0,41.09090909090909,3.0,46.0,False,211.0,2.0,False,232418.0,Hellas Verona,Mediocentro,Al-Ettifaq FC,1994.0,31.0,100.0,3500000.0,3000000.0,3500000.0,15.068273812173889,0.0
246999,Raphael Guerreiro,D,DEF,Bundesliga,20,1496.0,7.32,0.275,0.1564441506939854,1.3295688208245449,0.2413652939749465,0.2540339059421547,69.60356026255336,1.4081855489602928,0.9050321810889252,2.493487954822217,0.5621320732017399,1.0785172919931052,46.0,857.0,148.0,18.630434782608692,7.0,201.0,False,95.0,,True,170986.0,Bayern Múnich,Lateral izquierdo,Sin equipo,1993.0,32.0,100.0,8000000.0,6300000.0,8000000.0,15.894952224644102,0.0
249399,Rodrigo De Paul,M,MID,La Liga,27,1871.0,7.214814814814815,0.1420304232804232,0.2126061889267718,0.8487854619183733,0.1288616310584764,0.285240273746935,73.38425468017583,1.9068423760940376,0.847042249448095,4.397796766953239,0.2756132756132756,1.3693305276240606,5.0,64.0,10.0,12.8,2.0,31.0,False,19.0,4.5,False,255901.0,Atlético de Madrid,Mediocentro,Inter Miami CF,1994.0,31.0,100.0,25000000.0,15500000.0,25000000.0,17.034386422832473,0.0
250133,Morgan Sanson,M,MID,Ligue 1,3,181.0,7.5,1.3303049967553535,0.0,4.212848799480857,0.6793993078087821,0.0155338673372269,28.45554834523037,0.4477611940298507,0.8271604938271605,3.317326411421155,1.7780661907852042,1.781094527363184,19.0,849.0,113.0,44.68421052631579,4.0,253.0,False,214.0,2.0,False,174094.0,OGC Niza,Mediocentro,OGC Niza,1994.0,31.0,100.0,5000000.0,4200000.0,5000000.0,15.424948670398354,0.0
231946,Adrien Thomasson,M,MID,Ligue 1,30,2482.0,7.14,0.1,0.2402227478809383,1.397758465432228,0.2652962520540212,0.1841762146984807,51.34457437474654,2.00581341246661,0.8264513028586055,5.960819688199506,0.7226624245318604,2.9267972835342206,7.0,127.0,16.0,18.142857142857142,0.0,0.0,False,46.0,4.0,False,215977.0,RC Lens,Mediocentro,Stade Rennais FC,1993.0,32.0,100.0,5000000.0,4800000.0,5000000.0,15.424948670398354,0.0
232224,Alfred Duncan,M,MID,Serie A,12,918.0,6.783333333333334,0.0,0.0,1.222470238095238,0.1115528698979591,0.09264418574131,43.21541582434861,0.9505208333333334,0.8194829623671124,4.826826426325247,0.6171875,1.591517857142857,19.0,479.0,74.0,25.210526315789476,5.0,142.0,False,81.0,2.0,False,184894.0,Venezia FC,Mediocentro,Venezia FC,1993.0,32.0,100.0,1400000.0,1000000.0,1400000.0,14.151983508870948,0.0
232306,Timo Werner,F,FWD,Premier League,5,323.0,6.859999999999999,0.0,0.4925539836187639,0.9232286700641132,0.4244366266644747,0.285960452137581,28.75353580814393,2.450485559197398,0.743830220713073,3.1716321909197758,0.2278481012658228,0.2903225806451613,38.0,556.0,75.0,14.63157894736842,5.0,135.0,False,86.0,3.0,False,170527.0,Tottenham Hotspur,Delantero centro,San José Earthquakes,1996.0,29.0,100.0,7000000.0,2800000.0,7000000.0,15.76142084987672,0.0
232422,Kepa Arrizabalaga,G,GK,Premier League,19,1710.0,7.247368421052631,0.0,0.0,0.0526315789473684,0.061,0.0012447678947368,28.94736842105263,0.0526315789473684,0.7007978268243157,0.5263157894736842,0.0,0.0526315789473684,10.0,207.0,36.0,20.7,2.0,34.0,False,60.0,3.0,False,192279.0,AFC Bournemouth,Portero,Arsenal FC,1994.0,31.0,100.0,10000000.0,7400000.0,10000000.0,16.118095750958314,3.578947368421053
233826,Valentino Lazaro,M,MID,Serie A,29,2249.0,6.772413793103448,0.0,0.2330007999001431,0.7115786599611225,0.1038037309772203,0.1316428938736724,35.43477613434824,1.3426957190073767,0.8072552349070082,2.7477094581008177,0.3262579018673092,1.0151799820951832,19.0,715.0,129.0,37.63157894736842,1.0,21.0,False,85.0,,False,186368.0,Torino FC,Interior derecho,Al-Ain FC,1996.0,29.0,100.0,4500000.0,3800000.0,4500000.0,15.319588176962746,0.0
233856,Lautaro Giannetti,D,DEF,Serie A,11,838.0,6.836363636363637,0.0909090909090909,0.0,0.0909090909090909,0.0708,0.0243743300498143,40.6392227706576,0.1894852135815991,0.7978375218913428,5.132800386907726,1.7165075887967454,2.4532396409723902,14.0,767.0,107.0,54.785714285714285,5.0,100.0,False,235.0,3.0,False,225963.0,Udinese,Defensa central,CA Newell's Old Boys,1993.0,32.0,100.0,2000000.0,1500000.0,2000000.0,14.508658238524095,0.0
234142,Florian Tardieu,M,MID,Ligue 1,15,1110.0,7.14,0.1333333333333333,0.3340823970037453,1.069216378911921,0.0799552569496782,0.1180500786707907,75.66185777762436,1.820545746388443,0.8535049675650238,4.272037257575495,1.238690691934621,1.7576719576719575,6.0,334.0,39.0,55.66666666666666,0.0,0.0,False,112.0,3.0,False,212804.0,AS Saint-Étienne,Mediocentro,Montpellier HSC,1992.0,33.0,100.0,600000.0,515000.0,600000.0,13.304686600863562,0.0
235460,Andre Gomes,M,MID,Ligue 1,16,1235.0,6.8375,0.0,0.0,0.7718921703296703,0.0814119309262166,0.1213370239874554,65.30967974706314,0.7416995066248797,0.8957241807437228,3.807097368897742,0.4510135135135135,1.7904732514107513,20.0,724.0,98.0,36.2,3.0,156.0,False,113.0,2.0,False,221025.0,LOSC Lille,Mediocentro,Columbus Crew,1993.0,32.0,100.0,6000000.0,3400000.0,6000000.0,15.607270193858982,0.0
227672,Jonathan Tah,D,DEF,Bundesliga,32,2880.0,7.121875,0.09375,0.0,0.71875,0.0787785714285714,0.0549719540624999,67.3125,0.15625,0.921709452520852,3.25,1.09375,0.59375,20.0,288.0,56.0,14.4,1.0,3.0,False,81.0,4.0,False,196357.0,Bayern Múnich,Defensa central,Bayern Múnich,1996.0,29.0,100.0,30000000.0,28000000.0,30000000.0,17.216707972959764,0.0
227862,Wesley Said,F,FWD,Ligue 1,12,786.0,6.8500000000000005,0.1903735632183908,0.0,1.544695907094808,0.5357064341008526,0.0893830484986077,21.027166486716773,0.7514022027633471,0.7994698030167138,3.972212057924539,0.1998432601880878,1.5893764766243732,27.0,908.0,119.0,33.629629629629626,5.0,124.0,False,255.0,3.0,False,182916.0,RC Lens,Extremo izquierdo,Al-Shamal SC,1995.0,30.0,100.0,3000000.0,4200000.0,3000000.0,14.914123179965662,0.0
227864,Alessio Romagnoli,D,DEF,Serie A,29,2536.0,7.0,0.0689655172413793,0.0,0.6896551724137931,0.163175,0.0075934871622385,58.12549462973431,0.2758620689655172,0.9162415521573752,4.809496890898813,0.9310344827586208,1.568117580553985,29.0,563.0,95.0,19.41379310344828,7.0,94.0,False,88.0,2.0,False,197747.0,SS Lazio,Defensa central,SS Lazio,1995.0,30.0,100.0,7000000.0,7200000.0,7000000.0,15.76142084987672,0.0
227894,Jesper Karlstrom,M,MID,Serie A,36,3099.0,6.761111111111111,0.0,0.0833333333333333,0.3748812915479582,0.0580880341880341,0.0370703413815532,43.45153474812436,0.5342465753424658,0.8179287151362625,3.3246469120470263,0.9829645240604143,1.6264075430742098,3.0,80.0,13.0,26.666666666666668,0.0,0.0,False,57.0,3.0,False,222855.0,Udinese,Pivote,Udinese,1995.0,30.0,100.0,4000000.0,4099999.0,4000000.0,15.201805169084134,0.0
227922,Jose Gaya,D,DEF,La Liga,22,1787.0,6.9818181818181815,0.0,0.0,0.5832690884420871,0.1082496930122116,0.1435679205639025,36.89537414411593,1.1003145429875416,0.806215119228116,4.349587311148835,1.2681473098866811,2.837155842502081,27.0,733.0,89.0,27.14814814814815,5.0,258.0,False,120.0,2.0,False,221322.0,Valencia CF,Lateral izquierdo,Valencia CF,1995.0,30.0,100.0,9000000.0,5400000.0,9000000.0,16.012735246411598,0.0
228981,Tim Kleindienst,F,FWD,Bundesliga,30,2652.0,7.276666666666667,0.5040010961907372,0.2633459292339402,2.5106182882433385,0.4757406889262743,0.1372397552553306,23.8434925572568,0.9759903451517836,0.6177592586763415,7.21333113102749,0.3771372420569931,0.9692883895131086,23.0,984.0,95.0,42.78260869565217,2.0,187.0,True,190.0,4.0,False,193033.0,Borussia Mönchengladbach,Delantero centro,Borussia Mönchengladbach,1995.0,30.0,100.0,17000000.0,9700000.0,17000000.0,16.648723960844016,0.0
229544,Niklas Stark,D,DEF,Bundesliga,23,1922.0,6.934782608695652,0.0,0.0674662668665667,0.5457271364317842,0.1604354679802955,0.0124993089104557,56.67421347198338,0.0674662668665667,0.8499519096284511,4.639754966837686,1.4372252076209084,1.39501878274346,42.0,829.0,96.0,19.73809523809524,8.0,185.0,False,92.0,,False,162434.0,SV Werder Bremen,Defensa central,SV Werder Bremen,1995.0,30.0,100.0,4000000.0,3200000.0,4000000.0,15.201805169084134,0.0
229740,Alberto Moreno,D,DEF,Serie A,21,1685.0,6.757142857142857,0.0,0.0,0.6713949029296598,0.0307639039907243,0.0850838545329441,45.54088776096848,1.0064771101503716,0.8452163461034674,2.741799192200622,0.7223504536116292,1.250394156213813,11.0,683.0,107.0,62.09090909090909,3.0,58.0,False,195.0,,True,207917.0,Como 1907,Lateral izquierdo,Sin equipo,1992.0,33.0,100.0,1500000.0,955000.0,1500000.0,14.220976332738882,0.0
267619,Adam Marusic,D,DEF,Serie A,28,2187.0,6.785714285714286,0.1071428571428571,0.0,0.8978300180831826,0.1572407775768535,0.0220277216068417,38.79144755368127,0.5441714814978168,0.8686399637860376,3.432525216370539,0.8252432578227576,1.5121713729308668,21.0,317.0,49.0,15.095238095238097,3.0,16.0,False,37.0,3.0,False,239802.0,SS Lazio,Lateral derecho,SS Lazio,1992.0,33.0,100.0,3500000.0,3200000.0,3500000.0,15.068273812173889,0.0
268903,Neal Maupay,F,FWD,Ligue 1,14,874.0,6.878571428571428,0.4770463953760838,0.3245025680296809,1.960283010798405,0.4931997036005018,0.1232475527390239,24.3000905214188,0.8869329494285877,0.807917820619684,3.4492553256711047,0.0918367346938775,0.732017781576369,8.0,327.0,35.0,40.875,0.0,0.0,False,221.0,3.0,False,217115.0,Olympique de Marsella,Delantero centro,Olympique de Marsella,1996.0,29.0,100.0,8000000.0,4099999.0,8000000.0,15.894952224644102,0.0
273227,Alex Munoz,D,DEF,La Liga,19,1412.0,6.847368421052631,0.2219061166429587,0.0,0.5811120044529655,0.1506035420513681,0.0439455898854742,40.69250731661071,0.4772047174793171,0.7917174311163849,5.107371083821598,0.9484124334593836,2.4173439595991475,6.0,479.0,26.0,79.83333333333333,3.0,54.0,False,394.0,3.0,False,243760.0,UD Las Palmas,Lateral izquierdo,UD Almería,1994.0,31.0,100.0,1000000.0,1100000.0,1000000.0,13.815511557963774,0.0
273405,Manuel Lazzari,D,DEF,Serie A,18,1290.0,6.827777777777778,0.0,0.0,0.3210992116614606,0.0290114290495314,0.0840819726632898,33.76278735752677,1.1601018447891065,0.8773567647937912,4.514377482547088,0.5649263721552878,1.525161877943605,22.0,370.0,59.0,16.818181818181817,7.0,111.0,False,29.0,2.0,False,331401.0,SS Lazio,Lateral derecho,SS Lazio,1993.0,32.0,100.0,3500000.0,2200000.0,3500000.0,15.068273812173889,0.0
279563,Razvan Marin,M,MID,Serie A,17,1137.0,6.858823529411764,0.0778546712802768,0.2941176470588235,1.1263690718272044,0.1742708522768594,0.2386900474072052,40.118220820662415,2.3408504936956342,0.7924977431479983,2.911150239498858,0.192212096106048,1.0618102522988024,6.0,109.0,14.0,18.166666666666668,2.0,23.0,False,42.0,3.0,False,295183.0,Cagliari,Mediocentro,AEK Atenas FC,1996.0,29.0,100.0,3500000.0,3700000.0,3500000.0,15.068273812173889,0.0
280009,Lucas Höler,F,FWD,Bundesliga,21,1646.0,7.128571428571428,0.3606760022877807,0.1514317678041594,1.515276556583102,0.4377581535945924,0.0817524762134873,26.629074368502707,1.0272303019494031,0.6391647848251928,7.813481154959878,0.3106036820322534,1.6639062323441574,8.0,136.0,16.0,17.0,2.0,14.0,False,81.0,,False,248999.0,SC Friburgo,Delantero centro,SC Friburgo,1994.0,31.0,100.0,3000000.0,2900000.0,3000000.0,14.914123179965662,0.0
280439,Maxwel Cornet,M,MID,Serie A,5,238.0,6.8,0.24,0.5142857142857142,1.913684210526316,0.5062621052631578,0.0993154278345864,23.493533834586465,1.1542857142857144,0.7667132867132868,4.61593984962406,0.5142857142857142,1.6736842105263157,32.0,736.0,98.0,23.0,5.0,152.0,False,152.0,2.0,False,234781.0,Génova,Extremo izquierdo,West Ham United,1996.0,29.0,100.0,8000000.0,2300000.0,8000000.0,15.894952224644102,0.0
280441,Kingsley Coman,M,MID,Bundesliga,15,957.0,7.246666666666667,0.2285714285714285,0.2490623109497882,3.166832512005511,0.4842956711688548,0.2737629119753187,46.75272960377645,1.9726179433257476,0.8935166728512427,6.618441006508681,0.2869565217391304,1.1261426289800451,49.0,848.0,153.0,17.306122448979593,9.0,186.0,False,85.0,3.0,False,243714.0,Bayern Múnich,Extremo izquierdo,Al-Nassr FC,1996.0,29.0,100.0,30000000.0,24000000.0,30000000.0,17.216707972959764,0.0
257091,Duje Caleta-Car,D,DEF,Ligue 1,18,1577.0,7.105555555555556,0.0555555555555555,0.0,0.6117353308364544,0.265210393258427,0.0501141357534621,55.60850795453487,0.1111111111111111,0.9083729242693124,3.904618760517869,0.9456928838951312,1.162550022910467,4.0,35.0,4.0,8.75,1.0,6.0,False,18.0,2.0,False,238266.0,Olympique de Lyon,Defensa central,Olympique de Lyon,1996.0,29.0,100.0,7000000.0,3100000.0,7000000.0,15.76142084987672,0.0
258325,Marvin Ducksch,F,FWD,Bundesliga,29,2259.0,7.310344827586207,0.3062311219829984,0.2449663004224619,2.657502333225297,0.4461970503547032,0.3159013755462957,26.097792224648565,2.1616759796832468,0.7023586527366386,1.7737567284355185,0.2598877655882622,0.3332897119218285,21.0,686.0,59.0,32.666666666666664,3.0,44.0,False,200.0,3.0,False,125103.0,SV Werder Bremen,Delantero centro,Birmingham City,1994.0,31.0,100.0,6000000.0,1800000.0,6000000.0,15.607270193858982,0.0
259117,Joshua Kimmich,M,MID,Bundesliga,31,2743.0,7.916129032258064,0.0967741935483871,0.1935483870967742,0.970742685671418,0.0809485049833887,0.3293205722430607,107.35783945986496,2.519129782445612,0.9270325820975328,3.0675168792198053,0.8064516129032258,1.4546136534133534,21.0,248.0,41.0,11.80952380952381,5.0,41.0,False,47.0,4.0,False,161056.0,Bayern Múnich,Pivote,Bayern Múnich,1995.0,30.0,100.0,45000000.0,43000000.0,45000000.0,17.622173069956816,0.0
259803,Haris Tabakovic,F,FWD,Bundesliga,10,558.0,6.81,0.1,0.0,2.2245655080213904,0.2233015947288006,0.1439803663722269,21.98536913376247,0.5970588235294118,0.6078268711964364,6.947249087549821,0.0,0.1184210526315789,16.0,811.0,95.0,50.6875,3.0,37.0,False,296.0,4.0,False,203123.0,TSG 1899 Hoffenheim,Delantero centro,Red Bull Salzburgo,1994.0,31.0,100.0,2500000.0,3100000.0,2500000.0,14.731801689838347,0.0
259995,Adam Masina,D,DEF,Serie A,21,1775.0,6.923809523809524,0.0476190476190476,0.0952380952380952,0.3452380952380952,0.1445125,0.0269196734364685,57.49137504060536,0.1428571428571428,0.8507348933068479,5.567056529579755,1.2348340282298609,1.454420773998949,10.0,589.0,69.0,58.9,2.0,72.0,False,188.0,,True,286949.0,Torino FC,Defensa central,Sin equipo,1994.0,31.0,100.0,1500000.0,1300000.0,1500000.0,14.220976332738882,0.0
260031,Ruben Garcia,F,FWD,La Liga,31,2309.0,7.174193548387097,0.1864601992548756,0.2015895065765196,1.0034214962254229,0.1881530413743264,0.1632298684828569,38.56242921972622,1.7453070225610936,0.7920546236818073,4.5002550654506885,0.5632595178045471,2.0637529764377,15.0,301.0,30.0,20.066666666666663,2.0,32.0,False,46.0,2.0,False,213260.0,CA Osasuna,Extremo derecho,CA Osasuna,1993.0,32.0,100.0,2000000.0,1900000.0,2000000.0,14.508658238524095,0.0
263651,Juan Musso,G,GK,La Liga,3,270.0,7.266666666666666,0.0,0.0,0.0,,0.0001461299999999,25.666666666666668,0.0,0.7036281859070465,0.6666666666666666,0.0,0.0,5.0,115.0,12.0,23.0,0.0,0.0,False,37.0,3.0,False,242359.0,Atlético de Madrid,Portero,Atlético de Madrid,1994.0,31.0,100.0,3500000.0,3200000.0,3500000.0,15.068273812173889,2.0
254449,Marvin Friedrich,D,DEF,Bundesliga,9,765.0,6.933333333333334,0.0,0.0,0.5555555555555556,0.0887,0.0479948055555555,64.66666666666667,0.1111111111111111,0.8789824867242041,4.444444444444445,0.4444444444444444,1.2222222222222223,15.0,293.0,34.0,19.53333333333333,3.0,48.0,False,113.0,,False,196231.0,Borussia Mönchengladbach,Defensa central,1.FC Unión Berlín,1995.0,30.0,100.0,3500000.0,1900000.0,3500000.0,15.068273812173889,0.0
254491,Ederson,G,GK,Premier League,19,1710.0,7.0736842105263165,0.0,0.1578947368421052,0.0,,0.0022038357894736,33.10526315789474,0.1578947368421052,0.8655985072149545,0.2105263157894736,0.0526315789473684,0.0,17.0,295.0,40.0,17.352941176470587,7.0,173.0,False,76.0,3.0,False,238223.0,Manchester City,Portero,Fenerbahce,1993.0,32.0,100.0,20000000.0,12000000.0,20000000.0,16.811242881518265,2.526315789473684
255239,Lucas Vazquez,D,DEF,La Liga,25,2062.0,7.152,0.04,0.2013793103448276,0.5797800666766184,0.1323324815553655,0.1633430686403449,57.85311591872297,1.4670449298316075,0.8955597807889771,4.885256992108262,0.6240145154526237,2.4946151620233143,22.0,495.0,79.0,22.5,4.0,47.0,False,81.0,2.0,False,221316.0,Real Madrid CF,Lateral derecho,Bayer 04 Leverkusen,1991.0,34.0,100.0,3000000.0,2700000.0,3000000.0,14.914123179965662,0.0
255389,Leandro Paredes,M,MID,Serie A,17,1292.0,7.399999999999999,0.1861813005236666,0.0,2.142701627908268,0.1909022642592041,0.0937174634381022,78.19706435627279,1.2786037491919846,0.9201200425405336,3.4148737231432307,1.0342598577892697,1.7122704285334045,20.0,518.0,71.0,25.9,2.0,9.0,False,99.0,3.5,False,166237.0,AS Roma,Pivote,CA Boca Juniors,1994.0,31.0,100.0,5000000.0,5300000.0,5000000.0,15.424948670398354,0.0
255973,Ruben Pena,D,DEF,La Liga,10,570.0,6.609999999999999,0.0,0.0,0.6194805194805195,0.1681160173160173,0.0921109800521965,23.67068726789886,1.7039039145654784,0.6608299380358205,3.290275361598489,0.6584415584415584,1.485017716018263,11.0,431.0,51.0,39.18181818181818,3.0,65.0,False,92.0,2.0,False,238868.0,CA Osasuna,Lateral derecho,CD Leganés,1991.0,34.0,100.0,1200000.0,660000.0,1200000.0,13.997832948091215,0.0
255999,Omar Mascarell,M,MID,La Liga,24,1884.0,6.8375,0.0416666666666666,0.0,0.3078850210970464,0.0741314345991561,0.0140605763547135,44.29778446703663,0.125,0.8293875989868528,4.412437929678907,1.9901383691109087,1.413213001959898,12.0,716.0,64.0,59.66666666666666,0.0,0.0,False,137.0,2.0,False,142031.0,RCD Mallorca,Pivote,Al-Khaleej FC,1993.0,32.0,100.0,900000.0,835000.0,900000.0,13.71015115341694,0.0
256219,Paulo Dybala,F,FWD,Serie A,16,1286.0,7.61875,0.4101070571880281,0.1294642857142857,3.03518102277506,0.4708640727082085,0.3130678337747933,40.45753682332428,2.3934238567527792,0.8591423473927854,6.166869372833032,0.125,1.0701779926781327,40.0,911.0,120.0,22.775,12.0,250.0,True,107.0,2.0,False,206050.0,AS Roma,Mediapunta,AS Roma,1993.0,32.0,100.0,8000000.0,5200000.0,8000000.0,15.894952224644102,0.0
256667,Wladimiro Falcone,G,GK,Serie A,38,3420.0,7.081578947368421,0.0,0.0,0.0,,0.0017568847368421,28.289473684210527,0.0,0.5779312558863029,0.631578947368421,0.0,0.0,2.0,12.0,1.0,6.0,1.0,4.0,False,8.0,3.0,False,238537.0,US Lecce,Portero,US Lecce,1995.0,30.0,100.0,3500000.0,3600000.0,3500000.0,15.068273812173889,3.3947368421052633
253391,Lorenzo Montipo,G,GK,Serie A,36,3240.0,6.780555555555555,0.0,0.0,0.0,,0.00290097,26.86111111111111,0.0,0.4626249176877581,0.4166666666666667,0.0,0.0277777777777777,4.0,109.0,5.0,27.25,2.0,91.0,True,88.0,3.0,False,241923.0,Hellas Verona,Portero,Hellas Verona,1996.0,29.0,100.0,2000000.0,1900000.0,2000000.0,14.508658238524095,2.7777777777777777
253469,Hauke Wahl,D,DEF,Bundesliga,32,2880.0,6.946875,0.0,0.0,0.3125,0.0763777777777777,0.0491372574999999,51.5625,0.28125,0.8613862685830711,3.28125,0.9375,1.125,3.0,217.0,22.0,72.33333333333333,0.0,0.0,False,186.0,4.0,False,154147.0,FC St. Pauli,Defensa central,VfL Wolfsburgo,1994.0,31.0,100.0,1500000.0,1500000.0,1500000.0,14.220976332738882,0.0
253517,Gerrit Holtmann,F,FWD,Bundesliga,12,788.0,6.9,0.1666666666666666,0.1666666666666666,2.873201450697392,0.2466507719395159,0.3166335796470907,20.60727759817025,1.7831249742766595,0.7451383780744836,3.447600943983884,1.69328896890564,1.7876109191898666,29.0,616.0,78.0,21.24137931034483,6.0,120.0,False,120.0,2.0,False,190289.0,VfL Bochum,Extremo izquierdo,VfL Bochum,1995.0,30.0,100.0,700000.0,750000.0,700000.0,13.45883704259595,0.0
254003,Patrick Erras,D,DEF,Bundesliga,9,743.0,6.911111111111111,0.1111111111111111,0.0,0.8888888888888888,0.1818,0.0185394403921568,56.12091503267974,0.3333333333333333,0.9187442996796024,3.477124183006536,0.7026143790849673,0.7026143790849673,11.0,1116.0,122.0,101.45454545454544,5.0,668.0,True,576.0,,False,193859.0,Holstein Kiel,Defensa central,Retirado,1995.0,30.0,100.0,800000.0,310000.0,800000.0,13.592368256649284,0.0
254119,Marius Wolf,M,MID,Bundesliga,28,2051.0,6.9071428571428575,0.0526932084309133,0.1182539682539682,0.4983499616783099,0.0904691881036033,0.1919309535860045,35.11999394813535,1.8945259885052133,0.69829047628086,2.652655896571769,0.9943238596246778,1.043675704369483,31.0,513.0,49.0,16.548387096774192,3.0,13.0,False,96.0,2.0,False,193900.0,FC Augsburgo,Lateral derecho,FC Augsburgo,1995.0,30.0,100.0,3000000.0,2300000.0,3000000.0,14.914123179965662,0.0
254125,Maximilian Wittek,D,DEF,Bundesliga,29,2467.0,6.937931034482758,0.0,0.0,1.3320381684308558,0.0550981230784301,0.1976969379797648,35.62239088859744,1.63849616470251,0.740320319988928,4.296223520814447,0.8766216542078611,2.0886185965132413,18.0,424.0,47.0,23.55555555555556,0.0,0.0,False,71.0,3.0,False,196793.0,VfL Bochum,Lateral izquierdo,VfL Bochum,1995.0,30.0,100.0,1500000.0,970000.0,1500000.0,14.220976332738882,0.0
254429,Patrick Mainka,D,DEF,Bundesliga,33,2970.0,7.106060606060606,0.0303030303030303,0.0,0.7575757575757576,0.12099375,0.0196241924242424,49.54545454545455,0.2121212121212121,0.8338989021007112,5.757575757575758,1.9393939393939397,1.696969696969697,2.0,138.0,6.0,69.0,0.0,0.0,False,107.0,4.0,False,133731.0,1.FC Heidenheim 1846,Defensa central,1.FC Heidenheim 1846,1994.0,31.0,100.0,3000000.0,2600000.0,3000000.0,14.914123179965662,0.0
254445,Marvin Schulz,D,DEF,Bundesliga,3,189.0,6.2,0.0,0.0,1.2393822393822391,0.0204880308880308,0.09171408,53.53539253539253,0.833976833976834,0.8184491978609625,0.8108108108108109,0.0,0.4054054054054054,18.0,829.0,109.0,46.05555555555556,2.0,55.0,False,218.0,3.0,False,168678.0,Holstein Kiel,Mediocentro,Preußen Münster,1995.0,30.0,100.0,700000.0,625000.0,700000.0,13.45883704259595,0.0
294313,Stefano Sensi,M,MID,Serie A,3,143.0,6.966666666666666,1.0,0.0,3.09717868338558,0.8373620689655173,0.0489910325705329,73.89028213166144,0.0,0.9147770219198792,5.705329153605017,1.5454545454545456,1.6363636363636365,28.0,741.0,122.0,26.464285714285715,7.0,206.0,False,69.0,3.0,False,216179.0,AC Monza,Mediocentro,CSKA Sofia,1995.0,30.0,100.0,1000000.0,1200000.0,1000000.0,13.815511557963774,0.0
294377,Sergio Herrera,G,GK,La Liga,36,3240.0,7.274999999999999,0.0,0.0,0.0,,0.0022773866666666,29.55555555555556,0.0,0.6653538324159743,0.3611111111111111,0.0,0.0555555555555555,6.0,291.0,27.0,48.5,0.0,0.0,False,215.0,3.0,False,248738.0,CA Osasuna,Portero,CA Osasuna,1993.0,32.0,100.0,3000000.0,2800000.0,3000000.0,14.914123179965662,3.6111111111111107
294593,Alex Moreno,D,DEF,Premier League,10,781.0,6.779999999999999,0.0,0.1,0.6476681854730635,0.0351343982846421,0.0862255192295753,29.25385315903609,0.4557692307692307,0.7448244125788586,4.231569345288857,1.5862171365220146,2.6816284325430666,13.0,380.0,36.0,29.23076923076923,2.0,139.0,True,119.0,2.0,False,193098.0,Nottingham Forest,Lateral izquierdo,Girona FC,1993.0,32.0,100.0,7000000.0,3600000.0,7000000.0,15.76142084987672,0.0
295123,Paul Onuachu,F,FWD,Premier League,9,623.0,6.800000000000001,0.4236111111111111,0.1111111111111111,3.1149722452688557,0.3561463723776223,0.029907378139544,22.14871663176748,0.7094017094017094,0.6399133274133274,11.41181946584489,0.0,0.7273780833102867,10.0,193.0,30.0,19.3,4.0,56.0,False,64.0,3.0,False,272855.0,Southampton FC,Delantero centro,Trabzonspor,1994.0,31.0,100.0,6000000.0,6200000.0,6000000.0,15.607270193858982,0.0
295133,Edoardo Goldaniga,D,DEF,Serie A,28,2487.0,6.753571428571428,0.0357142857142857,0.0,0.4285714285714285,0.1900090909090909,0.012705014849624,51.21804511278196,0.1428571428571428,0.8749238472793034,4.332706766917293,1.1071428571428572,1.1842105263157894,12.0,375.0,53.0,31.25,0.0,0.0,False,115.0,3.0,False,242940.0,Como 1907,Defensa central,Como 1907,1993.0,32.0,100.0,3000000.0,2400000.0,3000000.0,14.914123179965662,0.0
295973,Andrea Petagna,F,FWD,Serie A,3,197.0,6.633333333333333,0.0,0.0,1.4838709677419353,0.0997241935483871,0.018732126344086,19.741935483870968,0.0,0.7083333333333334,3.6021505376344085,0.3333333333333333,0.0,18.0,399.0,53.0,22.166666666666668,4.0,148.0,False,58.0,2.0,False,199258.0,AC Monza,Delantero centro,AC Monza,1995.0,30.0,100.0,1000000.0,485000.0,1000000.0,13.815511557963774,0.0
300522,Martin Valjent,D,DEF,La Liga,31,2765.0,6.958064516129032,0.0967741935483871,0.0,0.3870967741935484,0.08104,0.0150854253079768,43.14204582332705,0.1290322580645161,0.8493834871909277,3.1808593496462647,0.5852534562211982,0.9700460829493088,6.0,108.0,17.0,18.0,2.0,45.0,False,37.0,4.0,False,277384.0,RCD Mallorca,Defensa central,RCD Mallorca,1995.0,30.0,100.0,6000000.0,4700000.0,6000000.0,15.607270193858982,0.0
303638,Tyrone Mings,D,DEF,Premier League,9,691.0,7.044444444444444,0.0,0.0,0.4761904761904761,0.1786285714285714,0.0170240176208271,60.1024786733975,0.2539682539682539,0.8640420753365404,4.303417346236258,0.7393483709273183,1.0291406482307464,10.0,1211.0,173.0,121.1,4.0,473.0,False,446.0,2.0,False,253677.0,Aston Villa,Defensa central,Aston Villa,1993.0,32.0,100.0,5000000.0,4300000.0,5000000.0,15.424948670398354,0.0
287887,Gautier Lloris,D,DEF,Ligue 1,30,2679.0,6.836666666666667,0.0666666666666666,0.0333333333333333,0.3,0.1536,0.016689539565543,48.318619582664525,0.1666666666666666,0.8653540676373649,4.5649010165864095,1.1047619047619046,2.287212413055109,16.0,554.0,57.0,34.625,4.0,32.0,False,118.0,,True,249636.0,Le Havre AC,Defensa central,Sin equipo,1995.0,30.0,100.0,3000000.0,3100000.0,3000000.0,14.914123179965662,0.0
288205,Bruno Fernandes,M,MID,Premier League,26,2200.0,7.492307692307692,0.2378542510121457,0.2972027972027972,2.6911693102282355,0.3506123449138917,0.2131218962660541,58.77782892260474,2.3626272659966507,0.8028540392008067,5.038082829470132,0.8782138913717861,2.3237604033456445,5.0,46.0,8.0,9.2,1.0,13.0,False,16.0,2.0,False,240306.0,Manchester United,Mediocentro ofensivo,Manchester United,1994.0,31.0,100.0,50000000.0,37000000.0,50000000.0,17.72753358339242,0.0
291695,Issiaga Sylla,D,DEF,Ligue 1,13,1072.0,6.6923076923076925,0.0769230769230769,0.0,0.9771209115399256,0.3295656683343302,0.0597822685212441,34.83387878349025,0.5756786038476179,0.798237581923643,4.873062168624335,0.8268843832224113,1.9492102446206376,12.0,429.0,48.0,35.75,5.0,213.0,False,82.0,2.0,False,220878.0,Montpellier HSC,Lateral izquierdo,Asteras Aktor,1994.0,31.0,100.0,1500000.0,1400000.0,1500000.0,14.220976332738882,0.0
292665,Glen Kamara,M,MID,Ligue 1,8,565.0,6.9,0.0,0.1584507042253521,0.1584507042253521,0.2190422535211267,0.086401410550176,51.877356883234896,0.62335302135393,0.8931246750594177,4.428157655611086,0.964902317128578,3.219303725579282,4.0,76.0,15.0,19.0,0.0,0.0,False,27.0,3.0,False,242632.0,Stade Rennais FC,Mediocentro,Stade Rennais FC,1995.0,30.0,100.0,5000000.0,2400000.0,5000000.0,15.424948670398354,0.0
293127,Denis Vavro,D,DEF,Bundesliga,27,2371.0,7.177777777777778,0.074074074074074,0.0,0.925925925925926,0.08555,0.0198415177953405,52.42211137193532,0.2592592592592592,0.8734561660146878,3.883388415287044,1.2743055555555556,0.7626096491228069,9.0,209.0,29.0,23.22222222222222,3.0,42.0,False,74.0,2.0,False,239962.0,VfL Wolfsburgo,Defensa central,VfL Wolfsburgo,1996.0,29.0,100.0,7000000.0,6500000.0,7000000.0,15.76142084987672,0.0
293519,Leroy Sane,M,MID,Bundesliga,18,1375.0,7.294444444444445,0.4865553186448708,0.2663831380730755,3.368394796328446,0.5291555684003144,0.2945570900301281,43.91798775588785,1.6529742154263771,0.8700083464100958,5.425707332263464,0.4034848588109679,1.1473036987463925,25.0,616.0,111.0,24.64,9.0,132.0,False,218.0,3.0,False,192565.0,Bayern Múnich,Extremo derecho,Galatasaray,1996.0,29.0,100.0,32000000.0,24000000.0,32000000.0,17.281246492014,0.0
293581,Mattia Zaccagni,M,MID,Serie A,32,2599.0,7.328125,0.2549028053829451,0.2064000487089125,1.534222042601246,0.2952153922143973,0.1357618163724288,31.911775898915053,1.8415706177494575,0.8324456537497451,6.371620943315188,1.0065829759716989,1.203321061235835,28.0,561.0,81.0,20.035714285714285,9.0,149.0,True,205.0,4.0,False,283735.0,SS Lazio,Extremo izquierdo,SS Lazio,1995.0,30.0,100.0,20000000.0,10800000.0,20000000.0,16.811242881518265,0.0
284361,Federico Dimarco,M,MID,Serie A,30,2171.0,7.31,0.1714474209088956,0.3107598054966475,2.290954002111286,0.1570541857307129,0.2159416110758543,39.904510707604246,1.997976710911694,0.8403301877889464,1.914646216470547,0.6159857838054066,1.0602959327623172,11.0,312.0,57.0,28.363636363636363,5.0,56.0,False,117.0,2.0,False,198116.0,Inter de Milán,Lateral izquierdo,Inter de Milán,1997.0,28.0,100.0,50000000.0,48000000.0,50000000.0,17.72753358339242,0.0
284441,Ruben Loftus-Cheek,M,MID,Serie A,12,926.0,6.941666666666666,0.0,0.0,0.7773833671399594,0.1731090263691683,0.0686767427581748,43.08969343705652,1.4853851354865553,0.909688416272194,6.063523950694336,0.2866300366300366,1.6016855017869218,25.0,899.0,149.0,35.96,6.0,185.0,False,281.0,2.0,False,202886.0,AC Milan,Mediocentro,AC Milan,1996.0,29.0,100.0,10000000.0,10500000.0,10000000.0,16.118095750958314,0.0
285949,Andreas Pereira,M,MID,Premier League,20,1414.0,6.995,0.134448160535117,0.1161764705882352,2.0148624098644587,0.2633075268579478,0.1787207909761226,37.17453967460889,2.4703463827118397,0.7485188711729405,3.0880371296151816,0.4542310537341751,1.058486057111266,6.0,114.0,20.0,19.0,0.0,0.0,False,43.0,3.5,False,203394.0,Fulham FC,Mediocentro,SE Palmeiras,1996.0,29.0,100.0,18000000.0,14500000.0,18000000.0,16.705882371415992,0.0
286085,Jan Bednarek,D,DEF,Premier League,21,1874.0,6.990476190476191,0.0952380952380952,0.0,0.238095238095238,0.162975,0.0377473846318607,67.05864728756295,0.1957671957671957,0.9098694758352868,4.671065213233888,2.303053483776375,1.29776247848537,5.0,74.0,11.0,14.8,4.0,58.0,False,25.0,4.0,False,243028.0,Southampton FC,Defensa central,FC Oporto,1996.0,29.0,100.0,9000000.0,10600000.0,9000000.0,16.012735246411598,0.0
286165,Adama Traore,M,MID,Premier League,17,1239.0,6.982352941176471,0.1764705882352941,0.2867696223205238,1.828532066863728,0.2517543304130209,0.2218945978826563,25.84620140791193,1.7405721803711365,0.8124528036612436,6.364904716358371,0.0767263427109974,1.0489615028684387,16.0,386.0,56.0,24.125,3.0,156.0,False,92.0,,True,204103.0,Fulham FC,Extremo derecho,Sin equipo,1996.0,29.0,100.0,9000000.0,7700000.0,9000000.0,16.012735246411598,0.0
286909,Przemyslaw Frankowski,D,DEF,Ligue 1,15,1281.0,7.273333333333331,0.1333333333333333,0.1333333333333333,0.9435897435897436,0.1583615384615384,0.1524966558974359,56.74358974358975,1.2205128205128204,0.8255156714647269,3.3487179487179484,0.8666666666666667,1.7846153846153845,10.0,182.0,21.0,18.2,3.0,25.0,False,49.0,2.0,False,239743.0,Stade Rennais FC,Lateral derecho,Stade Rennais FC,1995.0,30.0,100.0,6000000.0,7600000.0,6000000.0,15.607270193858982,0.0
287573,Liam Henderson,M,MID,Serie A,29,2231.0,6.775862068965517,0.0,0.1141961486789073,0.8470814272481498,0.040277398642093,0.1141354257157127,33.30700318969793,1.1948812315101665,0.7886401820023868,2.9029750435203425,0.510100431987502,1.4400934098395024,2.0,36.0,6.0,18.0,0.0,0.0,False,22.0,2.0,False,193867.0,Empoli FC,Mediocentro,UC Sampdoria,1996.0,29.0,100.0,2000000.0,950000.0,2000000.0,14.508658238524095,0.0
287643,Oleksandr Zinchenko,D,DEF,Premier League,4,208.0,6.775,0.0,0.0,1.64043082021541,0.1635024855012427,0.0505946613882785,64.65936925903246,0.6617647058823529,0.836402085798751,5.880776989301538,0.9690753214941824,0.9786661143330572,34.0,945.0,147.0,27.794117647058822,4.0,110.0,False,165.0,,True,203853.0,Arsenal FC,Lateral izquierdo,Sin equipo,1996.0,29.0,100.0,20000000.0,10300000.0,20000000.0,16.811242881518265,0.0
280453,Franck Honorat,M,MID,Bundesliga,18,1362.0,7.399999999999999,0.3640059127864006,0.5534969060144306,1.9782203282220463,0.4123313013185771,0.3131925913578637,28.489222740477597,3.2171117626769803,0.7412853373306879,3.010770872909647,0.1801087838488303,1.267606972984179,9.0,194.0,23.0,21.55555555555556,6.0,142.0,False,63.0,4.0,False,229006.0,Borussia Mönchengladbach,Extremo derecho,Borussia Mönchengladbach,1996.0,29.0,100.0,12000000.0,11200000.0,12000000.0,16.300417291085605,0.0
280551,Manolis Saliakas,M,MID,Bundesliga,27,2212.0,6.914814814814815,0.0839853938445487,0.040650406504065,0.9778912179693312,0.0946899017670458,0.1103530404803764,37.59268458369488,0.8797800167742252,0.7365672670138379,3.0435240425262986,0.7907884305918429,1.774590358364796,8.0,206.0,20.0,25.75,3.0,79.0,False,49.0,4.0,False,242661.0,FC St. Pauli,Lateral derecho,Olympiacos El Pireo,1996.0,29.0,100.0,3000000.0,2700000.0,3000000.0,14.914123179965662,0.0
280609,Patrik Schick,F,FWD,Bundesliga,20,1465.0,7.359999999999999,1.11582686307772,0.0,3.387940907556119,0.676263519555978,0.0442475979937378,17.358590486393922,0.6254121171227753,0.7763390873402483,4.058779153896482,0.2428571428571428,0.2603987068965517,26.0,763.0,131.0,29.346153846153847,2.0,36.0,False,222.0,5.0,False,242086.0,Bayer 04 Leverkusen,Delantero centro,Bayer 04 Leverkusen,1996.0,29.0,100.0,27000000.0,23000000.0,27000000.0,17.11134746100564,0.0
280979,Goncalo Guedes,F,FWD,Premier League,8,512.0,6.5,0.152027027027027,0.152027027027027,1.8398381987517125,0.2933906544728932,0.041388871907756,24.733450213794875,0.8020270270270271,0.781949364722857,3.082362600680992,0.4130434782608695,0.6555320641477815,8.0,277.0,55.0,34.625,1.0,16.0,False,112.0,3.0,False,225122.0,Wolverhampton Wanderers,Extremo izquierdo,Real Sociedad,1996.0,29.0,100.0,11000000.0,5700000.0,11000000.0,16.213405921671733,0.0
280991,Morten Thorsby,M,MID,Serie A,21,1672.0,6.738095238095238,0.0,0.0476190476190476,0.5588589585982007,0.298937551391251,0.0599668260530542,22.98840837758732,1.275965760393776,0.665665970132489,8.126431357495985,0.2421113023522662,2.294437553369144,11.0,205.0,27.0,18.63636363636364,2.0,62.0,False,44.0,3.0,False,226524.0,Génova,Mediocentro,US Cremonese,1996.0,29.0,100.0,3000000.0,3300000.0,3000000.0,14.914123179965662,0.0
281277,Thilo Kehrer,D,DEF,Ligue 1,26,2294.0,7.161538461538461,0.1538461538461538,0.0,0.4230769230769231,0.1478444444444444,0.0186859366378565,68.40406222990492,0.1923076923076923,0.9017096275585628,4.269230769230769,1.347018150388937,1.4230769230769231,13.0,331.0,69.0,25.46153846153846,0.0,0.0,False,119.0,3.0,False,228948.0,AS Mónaco,Defensa central,AS Mónaco,1996.0,29.0,100.0,20000000.0,15500000.0,20000000.0,16.811242881518265,0.0
282229,Nico Elvedi,D,DEF,Bundesliga,25,2136.0,7.12,0.04,0.04,0.52,0.2609499999999999,0.0136788532363636,64.24363636363636,0.24,0.9216375576300496,4.298181818181818,1.2145454545454546,1.6545454545454548,26.0,314.0,43.0,12.076923076923077,7.0,74.0,False,54.0,2.0,False,192635.0,Borussia Mönchengladbach,Defensa central,Borussia Mönchengladbach,1996.0,29.0,100.0,8000000.0,7300000.0,8000000.0,15.894952224644102,0.0
284349,Simone Scuffet,G,GK,Serie A,14,1260.0,6.8,0.0,0.0,0.0,,0.0016252192857142,28.0,0.0,0.6795222338325787,0.3571428571428571,0.0,0.0,3.0,96.0,13.0,32.0,0.0,0.0,False,47.0,3.0,False,238993.0,SSC Nápoles,Portero,Pisa Sporting Club,1996.0,29.0,100.0,2000000.0,910000.0,2000000.0,14.508658238524095,2.571428571428571
325355,Jose Maria Gimenez,D,DEF,La Liga,22,1824.0,7.0590909090909095,0.0,0.0454545454545454,0.2272727272727272,0.0909,0.0125305463185201,63.483363410782765,0.0909090909090909,0.9207543824433044,3.0371080532370853,1.2023460410557183,1.0,44.0,995.0,171.0,22.613636363636363,5.0,229.0,True,115.0,3.0,False,250845.0,Atlético de Madrid,Defensa central,Atlético de Madrid,1995.0,30.0,100.0,20000000.0,11500000.0,20000000.0,16.811242881518265,0.0
326471,Gerard Gumbau,M,MID,La Liga,12,646.0,6.733333333333333,0.0,0.1171875,1.2339329230515057,0.2210347444533139,0.0751434107710448,35.16232891914046,1.3544129359490276,0.7519891412255859,4.2010514485987285,0.5857264800926772,1.420750830742028,0.0,0.0,0.0,0.0,0.0,0.0,False,0.0,2.0,False,268670.0,Rayo Vallecano,Pivote,Granada CF,1994.0,31.0,100.0,1500000.0,1400000.0,1500000.0,14.220976332738882,0.0
327755,Nadiem Amiri,M,MID,Bundesliga,28,2370.0,7.425,0.2201621007748267,0.1880088572588911,2.252492563735958,0.2070026119969426,0.3320199707031313,56.39901050248631,2.273196622211434,0.8195416074586641,5.313077177609942,0.5791505791505792,1.7679018257655643,20.0,384.0,56.0,19.2,2.0,16.0,False,105.0,3.0,False,232454.0,1.FSV Mainz 05,Mediocentro,1.FSV Mainz 05,1996.0,29.0,100.0,20000000.0,15500000.0,20000000.0,16.811242881518265,0.0
327863,Robert Skov,M,MID,Bundesliga,9,655.0,6.9,0.2366946778711484,0.0,1.637768082051429,0.224237738770284,0.2532572304682337,32.812659217795925,1.5722753726067726,0.7253918854441965,3.3246635073478483,0.5830150241914948,1.5493532289306935,15.0,675.0,92.0,45.0,4.0,164.0,True,179.0,,False,270393.0,1.FC Unión Berlín,Interior izquierdo,1.FC Unión Berlín,1996.0,29.0,100.0,4000000.0,2800000.0,4000000.0,15.201805169084134,0.0
328027,Serhou Guirassy,F,FWD,Bundesliga,29,2572.0,7.265517241379311,0.7086515766000602,0.0689655172413793,3.073168190552319,0.7540621564209548,0.1059121353489267,21.61018908654928,0.8652597032613898,0.7283600054629007,6.244624762332523,0.1379310344827586,0.2413793103448276,18.0,601.0,68.0,33.388888888888886,6.0,106.0,False,88.0,3.0,False,270541.0,Borussia Dortmund,Delantero centro,Borussia Dortmund,1996.0,29.0,100.0,45000000.0,42000000.0,45000000.0,17.622173069956816,0.0
328035,Brendan Chardonnet,D,DEF,Ligue 1,26,2327.0,6.980769230769231,0.0384615384615384,0.0,0.5,0.0725454545454545,0.0417404901148851,44.52847152847153,0.3076923076923077,0.8105536532194247,4.538961038961039,1.0769230769230769,1.7437562437562435,8.0,67.0,8.0,8.375,1.0,22.0,False,31.0,2.0,False,250779.0,Stade Brestois 29,Defensa central,Stade Brestois 29,1994.0,31.0,100.0,6000000.0,5200000.0,6000000.0,15.607270193858982,0.0
328109,Alessandro Deiola,M,MID,Serie A,17,1223.0,6.776470588235294,0.0705882352941176,0.1470588235294117,1.0853013901158886,0.097497310774756,0.0373653554834598,29.699336993840944,0.4131487889273356,0.7442269949841591,4.755453817524585,0.8533021050763022,2.0139999720071944,17.0,426.0,38.0,25.058823529411764,0.0,0.0,False,75.0,4.0,False,235931.0,Cagliari,Mediocentro,Cagliari,1995.0,30.0,100.0,1600000.0,1500000.0,1600000.0,14.285514812209817,0.0
328145,Adnan Januzaj,M,MID,La Liga,7,463.0,7.028571428571429,0.0,0.1669758812615955,1.914656771799629,0.1712168831168831,0.2362441150278293,39.05751391465677,2.9888682745825603,0.776058389216284,6.64935064935065,0.3673469387755101,0.8070500927643786,21.0,534.0,81.0,25.428571428571427,4.0,117.0,False,86.0,,True,177847.0,UD Las Palmas,Extremo derecho,Sin equipo,1995.0,30.0,100.0,1200000.0,1300000.0,1200000.0,13.997832948091215,0.0
318941,Ruben Dias,D,DEF,Premier League,15,1350.0,7.16,0.0,0.0,0.9333333333333332,0.1405375,0.0518926666666666,90.6,0.3333333333333333,0.946136688156842,2.333333333333333,1.0,0.7333333333333333,16.0,346.0,68.0,21.625,7.0,101.0,False,52.0,4.0,False,258004.0,Manchester City,Defensa central,Manchester City,1997.0,28.0,100.0,65000000.0,65000000.0,65000000.0,17.989897843244528,0.0
318963,Aleksandr Golovin,M,MID,Ligue 1,12,992.0,7.475,0.1842696629213483,0.0,1.7201018258426968,0.136822261235955,0.2155946139396067,50.36295060861424,1.919686329588015,0.7720221507067988,7.41217813670412,0.850936329588015,2.80561797752809,29.0,673.0,103.0,23.20689655172414,8.0,258.0,True,96.0,4.0,False,263918.0,AS Mónaco,Mediocentro ofensivo,AS Mónaco,1996.0,29.0,100.0,20000000.0,17500000.0,20000000.0,16.811242881518265,0.0
319129,Luka Jovic,F,FWD,Serie A,7,455.0,6.828571428571428,0.1918976545842217,0.0,0.967311792684927,0.3486162141216992,0.0763856269531549,21.8850545342148,1.708986839313679,0.8169621856839901,2.898430109190398,0.2142857142857142,0.0,27.0,464.0,78.0,17.185185185185187,6.0,176.0,False,93.0,2.0,False,257462.0,AC Milan,Delantero centro,AEK Atenas FC,1997.0,28.0,100.0,4500000.0,7200000.0,4500000.0,15.319588176962746,0.0
319735,Viktor Tsygankov,M,MID,La Liga,24,1867.0,7.125,0.0909391534391534,0.2178440998423563,1.6918622790805082,0.2052764818685306,0.1987251664086672,35.260602606163744,1.4078266867855656,0.8160655948455316,3.102042500791681,0.7673097430957472,0.8258140418669564,21.0,433.0,68.0,20.61904761904762,7.0,216.0,False,55.0,2.0,False,264372.0,Girona FC,Extremo derecho,Girona FC,1997.0,28.0,100.0,18000000.0,15700000.0,18000000.0,16.705882371415992,0.0
319853,Lukas Klostermann,D,DEF,Bundesliga,19,1657.0,7.031578947368421,0.0526315789473684,0.0,0.2123411978221415,0.0853051724137931,0.0355781092040851,60.245147170862,0.1097019657577679,0.8831645636192459,2.9057853508384186,1.1889257368846715,1.3989959893750583,24.0,721.0,121.0,30.041666666666668,5.0,66.0,False,193.0,3.0,False,215599.0,RB Leipzig,Defensa central,RB Leipzig,1996.0,29.0,100.0,8000000.0,3400000.0,8000000.0,15.894952224644102,0.0
319857,Benjamin Henrichs,D,DEF,Bundesliga,10,790.0,6.9,0.0,0.201123595505618,1.2629383913275931,0.069209937826794,0.1620871024305562,37.671906564258975,1.1011622000528274,0.7749777768500737,5.418871861712629,1.7172948371497654,2.819956852671037,16.0,633.0,87.0,39.5625,3.0,408.0,True,378.0,3.0,False,202591.0,RB Leipzig,Lateral derecho,RB Leipzig,1997.0,28.0,100.0,15000000.0,9700000.0,15000000.0,16.52356082573315,0.0
322391,Ryan Christie,M,MID,Premier League,22,1778.0,7.109090909090909,0.0464876033057851,0.137396694214876,1.280902991663715,0.1323723579774717,0.1235893756583259,41.6421398266928,1.702745293430093,0.8441770675613778,5.331336070740283,0.9066365526927024,2.246439421688781,14.0,421.0,53.0,30.071428571428573,2.0,147.0,True,143.0,4.0,False,188077.0,AFC Bournemouth,Mediocentro,AFC Bournemouth,1995.0,30.0,100.0,10000000.0,9700000.0,10000000.0,16.118095750958314,0.0
325061,Nikola Vasilj,G,GK,Bundesliga,32,2880.0,7.146875,0.0,0.0,0.0,,0.004746449375,39.65625,0.03125,0.7069659359084637,0.34375,0.0,0.0,2.0,54.0,7.0,27.0,0.0,0.0,False,48.0,,False,248454.0,FC St. Pauli,Portero,Al-Diriyah FC,1995.0,30.0,100.0,3500000.0,4099999.0,3500000.0,15.068273812173889,3.0
311676,Jonas Fohrenbach,D,DEF,Bundesliga,20,1661.0,6.665000000000001,0.0,0.05,0.4,0.05214,0.1022323410704584,33.368336162988115,0.65,0.7336945910915615,3.417317487266553,0.7789473684210526,2.188370118845501,10.0,224.0,28.0,22.4,2.0,17.0,False,50.0,2.0,False,192169.0,1.FC Heidenheim 1846,Lateral izquierdo,1.FC Heidenheim 1846,1996.0,29.0,100.0,1500000.0,1300000.0,1500000.0,14.220976332738882,0.0
316148,Thomas Partey,M,MID,Premier League,23,1995.0,7.221739130434782,0.1739130434782608,0.0869565217391304,0.927950310559006,0.1196267346938775,0.0878238484277472,59.13519640414306,0.6587759471837269,0.880020324073936,5.736649361463493,1.2236024844720497,3.272197534220968,15.0,507.0,90.0,33.8,3.0,151.0,False,113.0,,True,230784.0,Arsenal FC,Pivote,Sin equipo,1993.0,32.0,100.0,14000000.0,2400000.0,14000000.0,16.454567959008102,0.0
316152,Angel Correa,F,FWD,La Liga,6,307.0,6.666666666666667,0.0,0.0,2.7583182093163945,0.4654598003629763,0.1675832861515988,22.995297903192466,0.8551119177253478,0.8215488215488215,3.798103017864344,0.0,0.9407912322908314,6.0,242.0,31.0,40.333333333333336,2.0,16.0,False,201.0,4.5,False,266807.0,Atlético de Madrid,Mediapunta,CA River Plate,1995.0,30.0,100.0,10000000.0,9900000.0,10000000.0,16.118095750958314,0.0
317301,Danilo Cataldi,M,MID,Serie A,22,1639.0,6.954545454545454,0.1363636363636363,0.0,0.6967571921427109,0.1130539935258142,0.0372775467445573,47.58455363527504,0.7486444381864691,0.8520056988222844,2.7283202315685595,1.1861127211500135,1.2671799247210465,21.0,461.0,58.0,21.952380952380956,4.0,74.0,False,71.0,2.0,False,199733.0,SS Lazio,Pivote,SS Lazio,1994.0,31.0,100.0,3500000.0,3700000.0,3500000.0,15.068273812173889,0.0
317699,Keita Balde,F,FWD,Serie A,7,556.0,6.757142857142857,0.169172932330827,0.0,2.0976222134651725,0.126435528215116,0.0610453329279356,31.4301511211787,0.53591821197455,0.8878093678372111,4.213582302283731,0.169172932330827,0.169172932330827,19.0,339.0,53.0,17.842105263157894,1.0,33.0,False,47.0,2.0,False,238752.0,AC Monza,Extremo izquierdo,AC Monza,1995.0,30.0,100.0,900000.0,970000.0,900000.0,13.71015115341694,0.0
318603,Emil Audero,G,GK,Serie A,8,720.0,6.5,0.0,0.0,0.0,,0.00084956125,27.875,0.0,0.818015772765902,0.375,0.0,0.0,3.0,166.0,20.0,55.333333333333336,0.0,0.0,False,114.0,3.0,False,256339.0,Como 1907,Portero,Como 1907,1997.0,28.0,100.0,3200000.0,3100000.0,3200000.0,14.978661680269909,2.125
318607,Davide Calabria,D,DEF,Serie A,11,894.0,6.945454545454546,0.0,0.0909090909090909,0.4025974025974026,0.1040580383795309,0.0657325460486401,52.442820153005535,1.235753052917232,0.8672464007577751,4.224289346939377,1.1380442827186383,2.1972724683159366,35.0,753.0,108.0,21.51428571428572,8.0,110.0,False,96.0,3.0,False,262523.0,Bolonia,Lateral derecho,Panathinaikos,1996.0,29.0,100.0,4500000.0,4800000.0,4500000.0,15.319588176962746,0.0
318927,Joe Gomez,D,DEF,Premier League,7,509.0,6.9,0.0,0.0,0.7142857142857143,0.3141,0.0155726748585259,70.24779577018383,0.2857142857142857,0.8927922148292537,3.682245144931712,0.906183368869936,1.4285714285714286,25.0,1142.0,225.0,45.68,4.0,156.0,False,232.0,2.0,False,256178.0,Liverpool FC,Defensa central,Liverpool FC,1997.0,28.0,100.0,20000000.0,14500000.0,20000000.0,16.811242881518265,0.0
305278,Diego Llorente,D,DEF,La Liga,28,2420.0,7.0321428571428575,0.0714285714285714,0.0,0.3928571428571428,0.1370222222222222,0.0146396763265306,57.06076066790352,0.2012987012987013,0.8758467828708767,5.034786641929499,1.5561224489795915,1.1989795918367343,19.0,523.0,82.0,27.526315789473685,4.0,112.0,True,79.0,3.0,False,246291.0,Real Betis Balompié,Defensa central,Real Betis Balompié,1993.0,32.0,100.0,6000000.0,3100000.0,6000000.0,15.607270193858982,0.0
305302,Wes Burns,M,MID,Premier League,12,847.0,6.691666666666666,0.0,0.0914634146341463,0.643813089283859,0.0759870741500444,0.1163914376516398,18.856123177400704,1.0102129217712292,0.6860190978612031,3.708520387644084,0.8265629719118092,1.2195267378839345,1.0,342.0,40.0,342.0,1.0,342.0,True,342.0,2.0,False,255731.0,Ipswich Town,Interior derecho,Ipswich Town,1994.0,31.0,100.0,2000000.0,1900000.0,2000000.0,14.508658238524095,0.0
307702,Djene Dakonam,D,DEF,La Liga,29,2373.0,6.706896551724138,0.0,0.0,0.184251158003088,0.0679835820895522,0.0369739817846808,28.5118180037194,0.3221821924858466,0.7710518754819451,3.556834216931754,0.5678718476582604,0.928325553086394,2.0,13.0,1.0,6.5,1.0,7.0,False,7.0,2.0,False,221150.0,Getafe CF,Defensa central,Getafe CF,1991.0,34.0,100.0,1800000.0,1700000.0,1800000.0,14.403297778421797,0.0
308182,Ivan Provedel,G,GK,Serie A,29,2610.0,6.868965517241379,0.0,0.0,0.0,,0.0028229651724137,35.13793103448276,0.1034482758620689,0.7498219288274485,0.4137931034482758,0.0344827586206896,0.0,8.0,343.0,46.0,42.875,4.0,70.0,False,123.0,4.0,False,197929.0,SS Lazio,Portero,Inter de Milán,1994.0,31.0,100.0,3000000.0,2800000.0,3000000.0,14.914123179965662,1.8275862068965516
309156,Caleb Ekuban,F,FWD,Serie A,4,241.0,6.75,0.0,1.932692307692308,2.5889423076923075,0.5293692307692307,0.0742304205653602,18.03222370983447,2.217502434274586,0.7346153846153847,5.09837512171373,0.75,1.0348101265822784,29.0,840.0,120.0,28.96551724137931,9.0,258.0,False,152.0,,True,199953.0,Génova,Delantero centro,Sin equipo,1994.0,31.0,100.0,1300000.0,1200000.0,1300000.0,14.077875591662238,0.0
309546,Takuma Asano,M,MID,La Liga,14,912.0,6.792857142857143,0.1754317111459968,0.0974025974025974,2.366749231397044,0.2548555048362626,0.0569000386163155,16.919081847325263,0.5896530829944873,0.7373024010242055,3.283828404698776,0.4650905551294909,1.0549107790124148,13.0,334.0,51.0,25.692307692307693,3.0,90.0,False,64.0,,False,245744.0,RCD Mallorca,Extremo derecho,Sanfrecce Hiroshima,1994.0,31.0,100.0,2500000.0,1700000.0,2500000.0,14.731801689838347,0.0
310874,Vedat Muriqi,F,FWD,La Liga,26,1996.0,6.973076923076923,0.2846635888146691,0.1466346153846154,2.272513331475236,0.4920548244432902,0.0791969100743218,20.054876037546894,1.2363159142624085,0.6391768866134993,8.054621950626009,0.2417988987756429,0.2870944684685309,9.0,261.0,39.0,29.0,3.0,111.0,False,65.0,4.0,False,256267.0,RCD Mallorca,Delantero centro,Fenerbahce,1994.0,31.0,100.0,5000000.0,4400000.0,5000000.0,15.424948670398354,0.0
346676,Patrick Ciurria,F,FWD,Serie A,13,995.0,6.838461538461539,0.0769230769230769,0.0769230769230769,0.6923076923076923,0.154,0.1239166562109044,25.65722738799662,0.8076923076923077,0.786403184103304,3.1202451394759083,0.5021132713440406,1.5851648351648353,8.0,231.0,24.0,28.875,5.0,210.0,False,167.0,3.0,False,255838.0,AC Monza,Interior derecho,AC Monza,1995.0,30.0,100.0,1500000.0,1000000.0,1500000.0,14.220976332738882,0.0
347116,Carl Johansson,D,DEF,Bundesliga,6,517.0,6.833333333333333,0.0,0.0,0.1666666666666666,0.0466,0.0506354160694579,50.80931515741642,1.0464135021097043,0.910872066869619,5.860272638753652,1.3333333333333333,0.717948717948718,10.0,902.0,96.0,90.2,7.0,255.0,False,300.0,,True,225043.0,Holstein Kiel,Defensa central,Sin equipo,1994.0,31.0,100.0,500000.0,490000.0,500000.0,13.122365377402328,0.0
349526,Dani Rodriguez,M,MID,La Liga,27,1979.0,6.985185185185185,0.169250235535339,0.2641647146205139,1.2514913157183107,0.196982254297908,0.1258478403450433,23.93160998304953,1.3788446773974028,0.7718935996818469,4.95377034464052,0.4702867362487593,1.975383304146256,0.0,0.0,0.0,0.0,0.0,0.0,False,0.0,2.0,False,139435.0,RCD Mallorca,Mediocentro ofensivo,CD Leganés,1988.0,37.0,100.0,800000.0,105000.0,800000.0,13.592368256649284,0.0
350170,Munir El Haddadi,F,FWD,La Liga,9,611.0,6.777777777777778,0.1136363636363636,0.0,1.017396182220288,0.1639813159905651,0.0167800775266453,20.99762424841392,0.5198612080634553,0.7414907242358223,6.623716023969834,0.1136363636363636,1.3041147189388247,2.0,27.0,5.0,13.5,0.0,0.0,False,19.0,,True,223725.0,CD Leganés,Extremo derecho,Sin equipo,1995.0,30.0,100.0,1500000.0,1400000.0,1500000.0,14.220976332738882,0.0
350210,Matteo Pessina,M,MID,Serie A,11,856.0,6.745454545454546,0.0,0.0,0.2780748663101604,0.057756862745098,0.0294824747879839,52.16137367869842,0.5276641167052126,0.8670166374916417,4.671315791380255,1.1314133086896987,1.655697243932538,7.0,365.0,41.0,52.142857142857146,2.0,178.0,False,98.0,2.0,False,332179.0,AC Monza,Mediocentro,AC Monza,1997.0,28.0,100.0,6000000.0,4800000.0,6000000.0,15.607270193858982,0.0
350560,Diego Rico,D,DEF,La Liga,31,2727.0,7.0,0.0,0.064516129032258,0.488479262672811,0.031214935064935,0.1024357938416422,32.458315877670714,1.0668202764976955,0.6842853434903716,5.311059907834101,1.064516129032258,2.557603686635945,9.0,280.0,38.0,31.11111111111111,0.0,0.0,False,87.0,,True,249513.0,Getafe CF,Lateral izquierdo,Sin equipo,1993.0,32.0,100.0,1200000.0,1200000.0,1200000.0,13.997832948091215,0.0
350882,Alessio Iovine,D,DEF,Serie A,5,331.0,6.5200000000000005,0.0,0.0,0.0,,0.0628069456721311,36.062295081967214,0.8950819672131148,0.7409386909386909,3.485245901639344,1.095081967213115,1.1901639344262296,6.0,301.0,26.0,50.16666666666666,2.0,49.0,False,124.0,,False,330472.0,Como 1907,Interior derecho,Retirado,1991.0,34.0,100.0,400000.0,,400000.0,12.899222326086994,0.0
351140,Jaime Mata,F,FWD,La Liga,5,312.0,6.5200000000000005,0.0,0.0,1.8044624746450304,0.2795326014198783,0.0409913451181541,21.44797160243408,0.0,0.6940259740259741,4.148630831643002,0.7941176470588235,0.5147058823529411,1.0,62.0,9.0,62.0,0.0,0.0,False,62.0,,True,227961.0,UD Las Palmas,Delantero centro,Sin equipo,1988.0,37.0,100.0,400000.0,95000.0,400000.0,12.899222326086994,0.0
343067,Corentin Tolisso,M,MID,Ligue 1,25,2142.0,7.444,0.3006993006993007,0.1633734939759036,1.8921677319749608,0.2216546972674464,0.1990145765659439,59.06270164612333,1.2489895047967337,0.8491106318981422,6.455702928136663,0.9127518427518428,2.01781225222189,38.0,907.0,139.0,23.86842105263158,5.0,66.0,False,191.0,4.0,False,190393.0,Olympique de Lyon,Mediocentro,Olympique de Lyon,1994.0,31.0,100.0,12000000.0,13200000.0,12000000.0,16.300417291085605,0.0
343971,Ludovic Ajorque,F,FWD,Ligue 1,29,2390.0,7.096551724137932,0.4358749769500277,0.070154577883472,1.868218293925603,0.4264710054190284,0.0568587765342592,24.00418737030615,1.290125340554782,0.7053703406786078,6.874209487855749,0.1935736677115987,0.9846102915287578,1.0,17.0,1.0,17.0,1.0,17.0,False,17.0,2.0,False,283994.0,Stade Brestois 29,Delantero centro,Stade Brestois 29,1994.0,31.0,100.0,4000000.0,3700000.0,4000000.0,15.201805169084134,0.0
344751,Baptiste Santamaria,M,MID,Ligue 1,16,1249.0,7.00625,0.0,0.0625,1.2843183325961962,0.1130372291021671,0.0340716125625522,47.59217558474281,0.7737082798459564,0.8267510788218937,6.33664388732192,1.963964044100468,1.81634557275488,3.0,171.0,24.0,57.0,0.0,0.0,False,123.0,2.0,False,285323.0,OGC Niza,Pivote,PAOK de Salónica FC,1995.0,30.0,100.0,7000000.0,3100000.0,7000000.0,15.76142084987672,0.0
344847,Johan Mojica,D,DEF,La Liga,31,2683.0,6.819354838709677,0.032258064516129,0.064516129032258,0.5314648334214701,0.0889043219076006,0.1394764566568852,38.678399074242776,1.2382006566067287,0.7781281147094397,3.2954779655560444,1.061706768905341,1.183538566140364,8.0,395.0,68.0,49.375,2.0,52.0,False,206.0,2.0,False,262939.0,RCD Mallorca,Lateral izquierdo,RCD Mallorca,1992.0,33.0,100.0,2000000.0,1700000.0,2000000.0,14.508658238524095,0.0
345035,Steve Mounie,F,FWD,Bundesliga,5,197.0,6.6,0.0,0.0,4.268145161290322,0.6210788810483872,0.0288312109872665,21.455793718166383,0.5625,0.5966666666666667,4.571816638370119,0.0,0.3157894736842105,7.0,178.0,27.0,25.428571428571427,2.0,7.0,False,50.0,2.0,False,238639.0,FC Augsburgo,Delantero centro,FC Augsburgo,1994.0,31.0,100.0,2000000.0,1900000.0,2000000.0,14.508658238524095,0.0
345111,Alvaro Garcia,M,MID,La Liga,31,2374.0,7.070967741935483,0.1075592693354061,0.2782258064516129,2.373053597726509,0.3441552381674711,0.2262069188076566,25.06930155001568,1.935800473309013,0.7147053012367356,2.573059301838181,1.2255577631519925,1.1109038537964735,2.0,113.0,16.0,56.5,0.0,0.0,False,84.0,3.0,False,257062.0,Rayo Vallecano,Extremo izquierdo,Rayo Vallecano,1992.0,33.0,100.0,2000000.0,1700000.0,2000000.0,14.508658238524095,0.0
345195,Ayoze Perez,F,FWD,La Liga,22,1699.0,7.327272727272727,0.8482485457099839,0.0979020979020979,3.025621567495402,0.5842605678654477,0.0842633579495505,16.896549805085684,1.4643605544243865,0.7931571048021934,4.908916055360431,0.3851444997690057,1.253145400194144,12.0,300.0,38.0,25.0,6.0,161.0,False,55.0,3.0,False,246968.0,Villarreal CF,Delantero centro,Villarreal CF,1993.0,32.0,100.0,10000000.0,6400000.0,10000000.0,16.118095750958314,0.0
332155,Amir Rrahmani,D,DEF,Serie A,38,3406.0,7.271052631578947,0.0263157894736842,0.0789473684210526,0.7416897506925207,0.1274752860411899,0.0193609577977839,73.15443213296399,0.2894736842105263,0.9036197580180514,4.835180055401662,0.7299168975069252,1.0263157894736843,16.0,297.0,51.0,18.5625,3.0,35.0,False,72.0,2.0,False,257732.0,SSC Nápoles,Defensa central,SSC Nápoles,1994.0,31.0,100.0,12000000.0,12700000.0,12000000.0,16.300417291085605,0.0
333261,Antonio Sanabria,F,FWD,Serie A,16,1170.0,6.70625,0.146455223880597,0.0625,1.3536780383795308,0.335202579957356,0.0506169588783604,16.552739637416227,0.6315032623626373,0.8120367630557848,2.762951583965687,0.0625,0.2329936854190585,24.0,632.0,84.0,26.33333333333333,3.0,34.0,False,134.0,3.0,False,234523.0,Torino FC,Delantero centro,US Cremonese,1996.0,29.0,100.0,2800000.0,1800000.0,2800000.0,14.845130332288226,0.0
339231,Samuel Gigot,D,DEF,Serie A,8,618.0,7.2,0.4204545454545454,0.0,0.5628596087456847,0.7550008822401227,0.0065430696038803,41.90620557774318,0.0,0.9067072273897708,4.228609625668449,1.3482874162323155,0.5858957219251337,18.0,704.0,90.0,39.11111111111112,3.0,55.0,False,237.0,2.0,False,276896.0,SS Lazio,Defensa central,SS Lazio,1993.0,32.0,100.0,3000000.0,1400000.0,3000000.0,14.914123179965662,0.0
339909,Guillermo Maripán,D,DEF,Serie A,25,2219.0,7.028,0.04,0.04,0.4610169491525424,0.1046815442561205,0.0370069394508474,50.83050847457627,0.2,0.8578496955796833,4.703050847457627,1.482033898305085,1.482033898305085,12.0,251.0,36.0,20.916666666666668,3.0,79.0,False,49.0,3.0,False,249730.0,Torino FC,Defensa central,Sport Club Internacional,1994.0,31.0,100.0,4000000.0,2800000.0,4000000.0,15.201805169084134,0.0
340719,Philipp Hofmann,F,FWD,Bundesliga,25,2065.0,7.112,0.1243518772266374,0.0923529411764705,2.2665697687439468,0.2900057233819141,0.1021995157337515,26.40757476102265,0.9913151650954112,0.6563288144251538,8.650491919294105,0.1632620320855615,0.6345219342236202,4.0,57.0,6.0,14.25,1.0,25.0,False,25.0,3.0,False,119037.0,VfL Bochum,Delantero centro,VfL Bochum,1993.0,32.0,100.0,1000000.0,725000.0,1000000.0,13.815511557963774,0.0
341589,Mahmoud Dahoud,M,MID,Bundesliga,6,344.0,6.916666666666667,0.1666666666666666,0.1666666666666666,1.625,0.2098499999999999,0.1322218663141025,50.24038461538461,2.16025641025641,0.8738764721280816,3.323717948717949,0.6217948717948718,2.326923076923077,23.0,584.0,98.0,25.39130434782609,1.0,7.0,False,124.0,,True,191422.0,Eintracht Fráncfort​​,Mediocentro,Sin equipo,1996.0,29.0,100.0,3500000.0,2200000.0,3500000.0,15.068273812173889,0.0
342911,Cedric Hountondji,D,DEF,Ligue 1,3,270.0,6.633333333333333,0.0,0.0,0.0,,0.0083823966666666,33.333333333333336,0.0,0.8439722364453548,4.0,1.3333333333333333,2.0,7.0,610.0,81.0,87.14285714285714,2.0,146.0,False,267.0,2.0,False,198709.0,Angers SCO,Defensa central,Bandirma Spor,1994.0,31.0,100.0,1200000.0,520000.0,1200000.0,13.997832948091215,0.0
342915,Jordan Amavi,D,DEF,Ligue 1,10,784.0,6.62,0.0,0.0,0.9022727272727272,0.0626213636363636,0.0740060099738425,47.651097073288085,0.7250179443999668,0.7515221847889654,5.823228631374699,0.7283887309168209,2.645551859315904,12.0,619.0,94.0,51.583333333333336,4.0,159.0,True,228.0,,True,241229.0,Stade Brestois 29,Lateral izquierdo,Sin equipo,1994.0,31.0,100.0,1500000.0,1300000.0,1500000.0,14.220976332738882,0.0
328701,Ryan Manning,D,DEF,Premier League,13,871.0,6.961538461538462,0.0,0.0,0.6901179786004277,0.1470125456547801,0.2079870055831744,36.33944047840419,1.786378444703717,0.8740438361111547,6.184313482488924,1.344151171407558,2.559975227346416,8.0,287.0,30.0,35.875,3.0,109.0,False,65.0,2.0,False,262300.0,Southampton FC,Lateral izquierdo,Southampton FC,1996.0,29.0,100.0,3000000.0,3200000.0,3000000.0,14.914123179965662,0.0
329175,Pierluigi Gollini,G,GK,Serie A,7,630.0,6.785714285714286,0.0,0.0,0.0,,0.0022608842857142,32.714285714285715,0.0,0.8000735268177129,0.0,0.0,0.0,12.0,236.0,38.0,19.666666666666668,6.0,107.0,False,86.0,2.0,False,244192.0,AS Roma,Portero,AS Roma,1995.0,30.0,100.0,1000000.0,830000.0,1000000.0,13.815511557963774,2.571428571428571
329195,Jubal,D,DEF,Ligue 1,29,2553.0,7.255172413793104,0.2089249492900608,0.0,0.9711414346302784,0.3061072349795533,0.0286136041958852,36.08067490319012,0.2089249492900608,0.848144683970223,5.274623956165538,0.8656647612022866,1.9724717473196172,10.0,348.0,40.0,34.8,4.0,42.0,False,216.0,2.0,False,149928.0,AJ Auxerre,Defensa central,FK Krasnodar,1993.0,32.0,100.0,2500000.0,2100000.0,2500000.0,14.731801689838347,0.0
329417,Timothy Castagne,D,DEF,Premier League,14,1195.0,6.914285714285714,0.0,0.0714285714285714,0.3571428571428571,0.046225,0.0308076725510204,44.150510204081634,0.5803571428571429,0.830748065391254,4.3354591836734695,1.3673469387755102,2.335459183673469,9.0,406.0,58.0,45.11111111111112,2.0,91.0,True,74.0,2.0,False,262226.0,Fulham FC,Lateral derecho,Fulham FC,1995.0,30.0,100.0,13000000.0,9500000.0,13000000.0,16.380459992348886,0.0
330051,Moses Simon,F,FWD,Ligue 1,29,2421.0,7.113793103448276,0.2987447956122211,0.3284564914076759,1.5293944755045907,0.3094973069685155,0.2060656589706422,19.557090766498234,1.9627148180342344,0.7600249770621481,4.875885850013591,0.414006309892203,0.7031409008405451,15.0,367.0,58.0,24.466666666666665,3.0,122.0,False,98.0,3.0,False,274862.0,FC Nantes,Extremo izquierdo,Paris FC,1995.0,30.0,100.0,12000000.0,7700000.0,12000000.0,16.300417291085605,0.0
330099,Edimilson Fernandes,M,MID,Ligue 1,13,1040.0,6.715384615384616,0.0,0.0769230769230769,0.7941176470588236,0.0671426470588235,0.0521429584602612,44.19293168880456,0.7116625310173698,0.8447765987221161,2.5503941030506496,1.6786199095022625,0.6843891402714932,18.0,625.0,90.0,34.72222222222222,2.0,39.0,False,103.0,4.0,False,247555.0,Stade Brestois 29,Pivote,BSC Young Boys,1996.0,29.0,100.0,3000000.0,2700000.0,3000000.0,14.914123179965662,0.0
331209,Bernardo Silva,M,MID,Premier League,22,1980.0,7.218181818181819,0.0909090909090909,0.1818181818181818,1.181818181818182,0.2105785714285714,0.1495014345454545,52.45454545454545,1.818181818181818,0.8868481428231593,3.727272727272727,0.7727272727272727,1.6363636363636365,10.0,163.0,26.0,16.3,3.0,28.0,False,63.0,3.0,False,241641.0,Manchester City,Mediocentro ofensivo,Real Madrid CF,1994.0,31.0,100.0,38000000.0,26000000.0,38000000.0,17.453096744006448,0.0
331737,Youri Tielemans,M,MID,Premier League,28,2406.0,7.321428571428571,0.0357142857142857,0.1428571428571428,1.0085751167937054,0.1661987378083763,0.1793444457802702,56.87948833360748,1.916850913521616,0.84860364167518,5.828875351640748,0.7682095360666789,2.4856320336205977,10.0,335.0,65.0,33.5,4.0,86.0,False,57.0,6.0,False,249565.0,Aston Villa,Mediocentro,Manchester United,1997.0,28.0,100.0,38000000.0,38000000.0,38000000.0,17.453096744006448,0.0
356398,James Maddison,M,MID,Premier League,17,1266.0,7.558823529411764,0.5529211286967511,0.2516753536857781,2.002132493723073,0.4092828658635431,0.3181828163379805,56.199123161258505,2.152191724856756,0.8602280494600042,6.651470441968364,0.8056166575768121,1.5973008665239652,19.0,659.0,109.0,34.68421052631579,3.0,144.0,False,254.0,3.0,False,294057.0,Tottenham Hotspur,Mediocentro ofensivo,Tottenham Hotspur,1996.0,29.0,100.0,42000000.0,24000000.0,42000000.0,17.553180200057167,0.0
357584,Borna Sosa,M,MID,Serie A,15,1122.0,6.9,0.0,0.0,0.2845070422535211,0.1158558685446009,0.0673216437790406,40.22403385112867,0.7690281952342614,0.8368312606787373,3.557615643610037,1.0060511215440793,1.8735558706244635,34.0,633.0,76.0,18.61764705882353,7.0,106.0,False,145.0,3.0,False,293194.0,Torino FC,Lateral izquierdo,Crystal Palace,1998.0,27.0,100.0,4500000.0,3700000.0,4500000.0,15.319588176962746,0.0
357596,Nikola Vlašić,M,MID,Serie A,26,2035.0,6.973076923076923,0.1542783059636992,0.1579640239278793,1.3192201691595349,0.1774544801859692,0.0747187265969509,31.21315833529122,1.2467777438692025,0.8237166765037416,4.979384272007575,0.2819827231591937,1.6900348566489518,14.0,254.0,30.0,18.142857142857142,7.0,163.0,False,102.0,2.0,False,293200.0,Torino FC,Mediocentro ofensivo,Torino FC,1997.0,28.0,100.0,8000000.0,9300000.0,8000000.0,15.894952224644102,0.0
357752,Aurelio Buta,D,DEF,Ligue 1,23,1836.0,6.752173913043479,0.0,0.0455005055611729,0.4263371719801246,0.0376576242454523,0.0692523612849461,35.8643261227753,0.5152547588693015,0.8326495359484476,3.545891406509582,0.8534214803445815,1.509328568214174,9.0,683.0,80.0,75.88888888888889,1.0,14.0,False,202.0,2.0,False,258039.0,Stade de Reims,Lateral derecho,São Paulo FC,1997.0,28.0,100.0,5000000.0,2800000.0,5000000.0,15.424948670398354,0.0
358084,Cameron Burgess,D,DEF,Premier League,10,900.0,6.98,0.0,0.1,0.9,0.1275,0.024347177,49.2,0.3,0.7987972152394998,4.2,0.9,0.9,2.0,43.0,9.0,21.5,0.0,0.0,False,39.0,3.0,False,255788.0,Ipswich Town,Defensa central,Swansea City,1995.0,30.0,100.0,2000000.0,1900000.0,2000000.0,14.508658238524095,0.0
358108,Scott McKenna,D,DEF,La Liga,27,2417.0,6.796296296296297,0.0,0.0,0.3703703703703703,0.1460999999999999,0.0155172722222222,53.33814333814334,0.1481481481481481,0.8556245281348018,4.327561327561328,0.3333333333333333,0.7902837902837903,13.0,475.0,65.0,36.53846153846154,2.0,38.0,False,93.0,4.0,False,255906.0,UD Las Palmas,Defensa central,GNK Dinamo Zagreb,1996.0,29.0,100.0,4000000.0,3700000.0,4000000.0,15.201805169084134,0.0
358910,Augusto Batalla,G,GK,La Liga,31,2790.0,7.080645161290323,0.0,0.0,0.0,,0.0023885703225806,32.935483870967744,0.032258064516129,0.6310817728719007,0.8709677419354839,0.0,0.1290322580645161,2.0,16.0,3.0,8.0,0.0,0.0,False,12.0,5.0,False,275218.0,Rayo Vallecano,Portero,Rayo Vallecano,1996.0,29.0,100.0,6000000.0,5800000.0,6000000.0,15.607270193858982,2.967741935483871
358984,Koji Miyoshi,M,MID,Bundesliga,5,250.0,6.32,0.0,0.0,2.5056451612903223,0.4411132056451612,0.0949370483877171,21.972673697270476,0.8618951612903226,0.5828282828282828,3.2969913151364763,0.0,1.5388182382133997,8.0,465.0,73.0,58.125,2.0,54.0,False,201.0,3.0,False,295060.0,VfL Bochum,Interior derecho,VfL Bochum,1997.0,28.0,100.0,1500000.0,915000.0,1500000.0,14.220976332738882,0.0
354782,Sammie Szmodics,M,MID,Premier League,13,922.0,6.6,0.3833353121892578,0.0,1.9360741254296523,0.4728639971610365,0.0304510296316179,15.2471802534117,0.0887573964497041,0.7319053495524084,2.6615117636809846,0.4675238210353009,1.2553116227151349,6.0,378.0,62.0,63.0,2.0,121.0,False,167.0,3.0,False,292139.0,Ipswich Town,Mediocentro ofensivo,Ipswich Town,1995.0,30.0,100.0,10000000.0,5100000.0,10000000.0,16.118095750958314,0.0
354878,Dimitrios Giannoulis,M,MID,Bundesliga,30,2617.0,6.98,0.0333333333333333,0.1333333333333333,0.4333333333333333,0.1593285714285714,0.17975714649805,35.33819682926826,1.384555322795658,0.7667639696142547,3.4942110471977417,1.5742713296803394,1.6114840718807433,12.0,313.0,50.0,26.08333333333333,3.0,83.0,False,71.0,3.0,False,295630.0,FC Augsburgo,Lateral izquierdo,FC Augsburgo,1995.0,30.0,100.0,3000000.0,3100000.0,3000000.0,14.914123179965662,0.0
355486,Stefan Posch,D,DEF,Serie A,13,1053.0,7.0,0.0,0.0,0.3942307692307692,0.132196875,0.0477053544625922,52.14093782929399,0.7692307692307693,0.7944029835800309,6.6332982086406735,0.6923076923076923,3.6717597471022128,19.0,376.0,59.0,19.789473684210527,3.0,115.0,False,76.0,4.0,False,223974.0,Atalanta de Bérgamo,Defensa central,Como 1907,1997.0,28.0,100.0,8000000.0,5700000.0,8000000.0,15.894952224644102,0.0
355492,Konrad Laimer,D,DEF,Bundesliga,19,1541.0,7.047368421052632,0.1739130434782608,0.0526315789473684,0.8571264371583854,0.1874021274432789,0.1463459246515896,58.57768863215618,1.0666524822079122,0.8791179537816053,5.170324367113354,0.4404432132963989,2.63641005038339,16.0,563.0,105.0,35.1875,1.0,29.0,False,243.0,4.0,False,223967.0,Bayern Múnich,Lateral derecho,Bayern Múnich,1997.0,28.0,100.0,25000000.0,31000000.0,25000000.0,17.034386422832473,0.0
355528,Harry Wilson,M,MID,Premier League,10,710.0,7.12,0.1153846153846153,0.1011235955056179,2.5166002563504986,0.2565933288108299,0.1006145783107204,28.83780867127323,1.742584098730542,0.7471235734950905,3.4474442003776686,0.4372152441878608,0.9290082108902334,11.0,281.0,46.0,25.545454545454547,2.0,96.0,False,82.0,5.0,False,279455.0,Fulham FC,Extremo derecho,Leeds United,1997.0,28.0,100.0,15000000.0,27000000.0,15000000.0,16.52356082573315,0.0
355796,Jefferson Lerma,M,MID,Premier League,19,1459.0,6.915789473684211,0.0,0.0,1.4039848395498549,0.0683194804882737,0.0687712686725084,42.535873998722295,0.4736842105263157,0.7570685977309445,5.331106565433191,1.6952276524644947,1.29156223893066,15.0,305.0,38.0,20.33333333333333,2.0,66.0,False,48.0,2.0,False,262980.0,Crystal Palace,Pivote,Crystal Palace,1994.0,31.0,100.0,10000000.0,7400000.0,10000000.0,16.118095750958314,0.0
356160,Vanja Milinković-Savić,G,GK,Serie A,36,3240.0,7.277777777777778,0.0,0.0,0.0,,0.0070728813888888,38.52777777777778,0.0833333333333333,0.6494460266632507,0.5555555555555556,0.0,0.0277777777777777,14.0,141.0,23.0,10.071428571428571,5.0,46.0,False,16.0,5.0,False,257474.0,Torino FC,Portero,SSC Nápoles,1997.0,28.0,100.0,16000000.0,18600000.0,16000000.0,16.588099342704055,3.5833333333333335
356352,Hans Hateboer,D,DEF,Ligue 1,19,1507.0,6.957894736842104,0.0,0.0,0.4197584124245039,0.0607601775956284,0.0704475696744447,54.74626172451223,0.8015287093990926,0.8693025827098125,5.170631662445379,1.4703947368421053,1.7278660691920176,11.0,514.0,77.0,46.72727272727273,1.0,30.0,False,209.0,,True,275303.0,Stade Rennais FC,Lateral derecho,Sin equipo,1994.0,31.0,100.0,2500000.0,1900000.0,2500000.0,14.731801689838347,0.0
352736,Sebastiano Luperto,D,DEF,Serie A,34,3060.0,6.844117647058823,0.0294117647058823,0.088235294117647,0.6176470588235294,0.1655,0.0217079347058823,42.11764705882353,0.2352941176470588,0.850844110043898,3.7058823529411766,0.9117647058823528,1.3529411764705883,8.0,124.0,18.0,15.5,0.0,0.0,False,38.0,5.0,False,278531.0,Cagliari,Defensa central,US Cremonese,1996.0,29.0,100.0,4000000.0,3900000.0,4000000.0,15.201805169084134,0.0
352768,Ainsley Maitland-Niles,D,DEF,Ligue 1,22,1865.0,7.122727272727272,0.0454545454545454,0.1363636363636363,1.0174825174825175,0.226502564102564,0.1349741779720279,46.41608391608392,1.2272727272727273,0.8735428877024263,5.234265734265734,1.3076923076923077,3.1538461538461537,11.0,186.0,31.0,16.90909090909091,2.0,5.0,False,71.0,2.0,False,285845.0,Olympique de Lyon,Lateral derecho,Olympique de Lyon,1997.0,28.0,100.0,12000000.0,10900000.0,12000000.0,16.300417291085605,0.0
352770,Alex Iwobi,M,MID,Premier League,27,2282.0,7.314814814814815,0.264032704217767,0.1507030940007162,2.03531179455387,0.1455887373412875,0.2182897386812314,41.53436056281536,1.918508452566952,0.7945037189639493,3.487308924676784,0.3476319077931487,1.2919388786044437,8.0,162.0,24.0,20.25,1.0,27.0,False,36.0,3.0,False,242631.0,Fulham FC,Extremo izquierdo,Fulham FC,1996.0,29.0,100.0,28000000.0,26000000.0,28000000.0,17.147715103853763,0.0
352912,Dylan Batubinsika,D,DEF,Ligue 1,23,1919.0,6.630434782608695,0.0869565217391304,0.0,0.391304347826087,0.22222,0.0171846309422841,53.11650336803429,0.1739130434782608,0.9096585852709964,4.148270055113288,1.8532608695652173,1.173913043478261,6.0,152.0,21.0,25.33333333333333,2.0,38.0,False,49.0,3.0,False,289432.0,AS Saint-Étienne,Defensa central,FCSB,1996.0,29.0,100.0,1200000.0,720000.0,1200000.0,13.997832948091215,0.0
353130,Mario Hermoso,D,DEF,Bundesliga,6,465.0,6.683333333333334,0.0,0.0,0.8333333333333334,0.107825,0.0636578052564102,71.7275641025641,0.3333333333333333,0.8722632270932701,3.3557692307692304,2.2724358974358974,0.375,20.0,348.0,48.0,17.4,4.0,178.0,True,112.0,2.0,False,281769.0,AS Roma,Defensa central,AS Roma,1995.0,30.0,100.0,7000000.0,6600000.0,7000000.0,15.76142084987672,0.0
353138,Marcos Llorente,D,DEF,La Liga,30,2421.0,7.1866666666666665,0.0666666666666666,0.19375,0.5740740740740741,0.0610747474747474,0.1157834365834601,46.47644279553526,1.0011574074074074,0.8802971660493529,4.098519152714358,0.9037037037037036,2.371882927447996,11.0,436.0,64.0,39.63636363636363,1.0,32.0,False,119.0,2.0,False,282411.0,Atlético de Madrid,Lateral derecho,Atlético de Madrid,1995.0,30.0,100.0,25000000.0,23000000.0,25000000.0,17.034386422832473,0.0
353154,Javi Munoz,M,MID,La Liga,30,2471.0,6.876666666666667,0.0333333333333333,0.1,0.8325149134293613,0.0632828756547359,0.0766381421893209,35.53296205304329,0.9934837728194726,0.7693756272102463,3.563057720095965,1.0776565464895635,1.512161661104931,1.0,19.0,3.0,19.0,0.0,0.0,False,19.0,3.0,False,282421.0,UD Las Palmas,Mediocentro,Getafe CF,1995.0,30.0,100.0,2000000.0,1400000.0,2000000.0,14.508658238524095,0.0
354558,Laszlo Benes,M,MID,Bundesliga,6,340.0,6.733333333333333,0.0,0.0,0.9225352112676056,0.1390161971830986,0.1708530472547405,40.64193494299128,2.369047619047619,0.7149471641068929,1.621212121212121,0.5,0.0,19.0,552.0,77.0,29.05263157894737,5.0,35.0,False,169.0,5.0,False,243188.0,1.FC Unión Berlín,Mediocentro,KAA Gante,1997.0,28.0,100.0,3000000.0,2600000.0,3000000.0,14.914123179965662,0.0
351434,Hassane Kamara,M,MID,Serie A,23,1773.0,6.943478260869565,0.0584036340038935,0.1931929962620499,0.6694882016102003,0.0912330285386255,0.0913631387507247,33.22160006495534,0.9044714875916924,0.8145204472728687,3.9069696304643142,1.053145585045998,1.4889399696894876,6.0,167.0,22.0,27.83333333333333,3.0,27.0,False,82.0,3.0,False,290017.0,Udinese,Lateral izquierdo,Udinese,1994.0,31.0,100.0,3500000.0,3200000.0,3500000.0,15.068273812173889,0.0
351500,Brian Olivan,D,DEF,La Liga,11,851.0,6.6909090909090905,0.0,0.112079701120797,0.5047021943573667,0.0916543103448276,0.0728294786421608,30.47532958302916,1.2531455318418,0.7461484748768956,1.9592476489028212,0.5666251556662516,1.322884012539185,2.0,89.0,12.0,44.5,0.0,0.0,False,60.0,,True,166677.0,RCD Espanyol,Lateral izquierdo,Sin equipo,1994.0,31.0,100.0,1800000.0,1100000.0,1800000.0,14.403297778421797,0.0
352296,Breel Embolo,F,FWD,Ligue 1,22,1683.0,6.904545454545455,0.2331932773109243,0.2727272727272727,2.693067814925715,0.5836475297379965,0.1691761912044095,20.54230090330039,1.4863070291208116,0.7008423231161058,5.124615423969904,0.1494383994383994,1.045994370549774,22.0,1195.0,181.0,54.31818181818182,2.0,259.0,False,232.0,4.0,False,237662.0,AS Mónaco,Delantero centro,Stade Rennais FC,1997.0,28.0,100.0,12000000.0,10900000.0,12000000.0,16.300417291085605,0.0
352370,Lucas Hernandez,D,DEF,Ligue 1,9,682.0,6.966666666666667,0.0,0.0,0.3333333333333333,0.0147999999999999,0.0168514720138888,85.21230158730158,0.1111111111111111,0.9184472566124496,4.392857142857142,0.7569444444444444,2.265376984126984,23.0,997.0,157.0,43.34782608695652,2.0,222.0,False,220.0,3.0,False,281963.0,París Saint-Germain FC,Lateral izquierdo,París Saint-Germain FC,1996.0,29.0,100.0,25000000.0,21000000.0,25000000.0,17.034386422832473,0.0
352376,Renato Tapia,M,MID,La Liga,29,2345.0,6.9,0.0344827586206896,0.0,0.4628276712989087,0.0515273563471159,0.0294542851692898,38.26973480179102,0.3351454667940904,0.7908556993327444,5.220147060240246,1.0106900524422606,2.1126410329934684,18.0,467.0,63.0,25.944444444444443,4.0,115.0,False,92.0,2.0,False,277137.0,CD Leganés,Pivote,Al-Wasl SC,1995.0,30.0,100.0,2000000.0,1900000.0,2000000.0,14.508658238524095,0.0
352544,Sheraldo Becker,F,FWD,La Liga,14,896.0,6.885714285714286,0.1899728830272402,0.0,1.5854825968998634,0.2562321936635808,0.0892020638876213,20.14901581429684,0.525399583418772,0.7060208113834827,2.274814484602772,0.1053864168618267,0.1768149882903981,20.0,550.0,77.0,27.5,4.0,90.0,False,76.0,,False,188888.0,Real Sociedad,Extremo izquierdo,1.FSV Mainz 05,1995.0,30.0,100.0,2500000.0,1500000.0,2500000.0,14.731801689838347,0.0
352562,Pascal Stenzel,D,DEF,Bundesliga,4,250.0,6.8,0.0,0.0,1.4461538461538463,0.1001784615384615,0.1351139315384615,45.892307692307696,0.9461538461538462,0.9205963140173666,1.984615384615385,0.6923076923076923,0.9461538461538462,11.0,178.0,25.0,16.181818181818183,1.0,4.0,False,43.0,,True,195246.0,VfB Stuttgart,Lateral derecho,Sin equipo,1996.0,29.0,100.0,2000000.0,1100000.0,2000000.0,14.508658238524095,0.0
352668,Tosin Adarabioyo,D,DEF,Premier League,11,945.0,7.036363636363637,0.0909090909090909,0.0909090909090909,0.8181818181818182,0.16462,0.0119313809956909,76.52692130694892,0.0909090909090909,0.9169096105120196,3.745011086474501,0.6629711751662971,0.9090909090909092,7.0,208.0,33.0,29.714285714285715,2.0,101.0,False,88.0,3.0,False,258878.0,Chelsea FC,Defensa central,Chelsea FC,1997.0,28.0,100.0,20000000.0,18500000.0,20000000.0,16.811242881518265,0.0
372344,Dominic Calvert-Lewin,F,FWD,Premier League,19,1524.0,6.7631578947368425,0.1590909090909091,0.0538277511961722,2.3743456602263646,0.3991252365972758,0.0347926540831618,15.139732626637752,0.3333599149388623,0.6134374397532292,6.8434452582739285,0.3707362012336778,0.5195408846044055,18.0,729.0,110.0,40.5,5.0,161.0,False,126.0,3.0,False,306024.0,Everton FC,Delantero centro,Leeds United,1997.0,28.0,100.0,16000000.0,24000000.0,16000000.0,16.588099342704055,0.0
372430,Frederic Guilbert,D,DEF,Serie A,31,2451.0,6.861290322580645,0.0,0.032258064516129,0.4016019027045859,0.0305997590067257,0.0770923943926212,34.28572162302115,0.7169390346486612,0.7893490672456925,5.529819989851527,1.7078919056154858,2.420307212336425,6.0,182.0,19.0,30.33333333333333,1.0,7.0,False,71.0,3.0,False,354352.0,US Lecce,Lateral derecho,FC Nantes,1994.0,31.0,100.0,2500000.0,875000.0,2500000.0,14.731801689838347,0.0
377118,Robin Gosens,D,DEF,Serie A,31,2540.0,7.04516129032258,0.1290322580645161,0.1612903225806451,0.8237160250534799,0.1116687789173587,0.0593300392743187,38.59400997448344,0.8798133133996512,0.7629606406130315,5.492779756317296,0.6155338968431948,2.0411128646319563,21.0,389.0,71.0,18.52380952380953,2.0,37.0,False,93.0,2.0,False,273132.0,Fiorentina,Lateral izquierdo,FC Schalke 04,1994.0,31.0,100.0,8000000.0,4600000.0,8000000.0,15.894952224644102,0.0
377234,Sergio Gonzalez,D,DEF,La Liga,34,2924.0,6.861764705882353,0.088235294117647,0.0,0.4404034454833247,0.184078916827853,0.0162091300025975,45.72969767342229,0.1495393338058115,0.8245910040387694,3.480770574027427,1.1640375675842805,1.1879449378657727,0.0,0.0,0.0,0.0,0.0,0.0,False,0.0,,True,308989.0,CD Leganés,Defensa central,Sin equipo,1992.0,33.0,100.0,800000.0,770000.0,800000.0,13.592368256649284,0.0
377302,Georgios Kyriakopoulos,M,MID,Serie A,33,2761.0,6.884848484848485,0.0606060606060606,0.1396103896103896,0.8972771885657548,0.056438060372078,0.0789255603486077,31.37993622113404,1.268145024723972,0.7910537678238755,3.7683523761109967,0.7519091616187805,1.310181935181935,6.0,117.0,21.0,19.5,1.0,21.0,False,58.0,4.0,False,311178.0,AC Monza,Lateral izquierdo,Panathinaikos,1996.0,29.0,100.0,2500000.0,1800000.0,2500000.0,14.731801689838347,0.0
377512,Pasquale Mazzocchi,M,MID,Serie A,7,585.0,6.728571428571429,0.0,0.0,0.3318110460967604,0.0836058941058941,0.071693658160327,31.207056808737484,0.4987869273583559,0.8567509206973722,2.936853062903483,0.6241187384044528,1.053781512605042,10.0,217.0,26.0,21.7,3.0,49.0,False,95.0,2.0,False,250153.0,SSC Nápoles,Lateral derecho,SSC Nápoles,1995.0,30.0,100.0,2500000.0,1500000.0,2500000.0,14.731801689838347,0.0
378340,Marius Bulter,F,FWD,Bundesliga,23,1636.0,7.043478260869565,0.3313013742273953,0.1001890359168242,1.8615008166993967,0.2085397864654529,0.1270277631768563,23.500912098828984,0.9071954146986664,0.7522157135625696,4.766585837711411,0.251659551135043,0.6914284307401842,9.0,152.0,23.0,16.88888888888889,5.0,86.0,False,59.0,2.0,False,116088.0,TSG 1899 Hoffenheim,Extremo izquierdo,FC Colonia,1993.0,32.0,100.0,2500000.0,2100000.0,2500000.0,14.731801689838347,0.0
383560,Manuel Akanji,D,DEF,Premier League,20,1709.0,6.935,0.0,0.0,0.55,0.1178428571428571,0.0550777605080645,76.00483870967741,0.45,0.9393528867249736,2.7528225806451614,0.35,0.8725806451612904,19.0,696.0,112.0,36.63157894736842,4.0,112.0,False,302.0,3.0,False,284730.0,Manchester City,Defensa central,Inter de Milán,1995.0,30.0,100.0,28000000.0,20000000.0,28000000.0,17.147715103853763,0.0
367056,Jeremie Boga,F,FWD,Ligue 1,13,963.0,6.984615384615385,0.0769230769230769,0.0,2.6390323670511324,0.1943290504222434,0.2557229596818041,29.56277297831442,1.9599466955555935,0.8512298345931324,3.920175831876064,0.2663669167764477,0.8997480644491429,17.0,487.0,71.0,28.647058823529413,4.0,113.0,False,92.0,4.0,False,216569.0,OGC Niza,Extremo izquierdo,Juventus de Turín,1997.0,28.0,100.0,10000000.0,7700000.0,10000000.0,16.118095750958314,0.0
367228,Oli McBurnie,F,FWD,La Liga,23,1693.0,6.865217391304348,0.1371237458193979,0.3102251009859705,1.4756734936977025,0.3515806980433013,0.0467699241604329,18.48682678975383,1.1975017796430785,0.665335278385371,6.038012210882549,0.2262310403239938,0.6447222319720853,7.0,303.0,34.0,43.285714285714285,0.0,0.0,False,118.0,3.0,False,298477.0,UD Las Palmas,Delantero centro,Hull City,1996.0,29.0,100.0,2500000.0,4300000.0,2500000.0,14.731801689838347,0.0
368120,Nabil Bentaleb,M,MID,Ligue 1,3,245.0,6.433333333333334,0.0,0.0,1.4615384615384617,0.0552794871794871,0.0593259143589743,62.87179487179487,0.3333333333333333,0.8879668534080299,1.6666666666666667,1.1282051282051282,0.3333333333333333,19.0,801.0,141.0,42.1578947368421,2.0,276.0,False,240.0,,True,245537.0,LOSC Lille,Pivote,Sin equipo,1994.0,31.0,100.0,6000000.0,5500000.0,6000000.0,15.607270193858982,0.0
369004,Antonio Sivera,G,GK,La Liga,32,2812.0,7.0218750000000005,0.0,0.0,0.0,,0.0052925302406609,28.65373563218391,0.03125,0.5066062718435975,0.3958333333333333,0.0,0.0625,3.0,76.0,5.0,25.33333333333333,0.0,0.0,False,62.0,2.0,False,298197.0,Deportivo Alavés,Portero,Deportivo Alavés,1996.0,29.0,100.0,6000000.0,5600000.0,6000000.0,15.607270193858982,2.4324324324324325
369650,Jonathan Gradit,D,DEF,Ligue 1,23,2011.0,6.943478260869565,0.0,0.0,0.6961406936980947,0.1088661316211877,0.0412587865316614,55.472460540256805,0.4879446640316205,0.851781241082455,5.304761348234467,1.044954922947107,1.9340110613167465,11.0,448.0,52.0,40.72727272727273,5.0,75.0,False,243.0,3.0,False,126557.0,RC Lens,Defensa central,RC Lens,1992.0,33.0,100.0,4000000.0,2900000.0,4000000.0,15.201805169084134,0.0
369866,Luca Mazzitelli,M,MID,Serie A,3,217.0,7.133333333333333,0.3529411764705882,0.0,0.8291316526610645,0.054116806722689,0.0519042546096699,50.16222141030325,2.093045914017781,0.8494892641234104,5.014249177932043,0.4347826086956521,2.1334794787480207,16.0,470.0,54.0,29.375,3.0,80.0,False,96.0,2.0,False,226025.0,Como 1907,Mediocentro,Como 1907,1995.0,30.0,100.0,1500000.0,1500000.0,1500000.0,14.220976332738882,0.0
371222,Sasa Lukic,M,MID,Premier League,21,1730.0,6.980952380952381,0.0,0.0957731407169609,0.5406123345404292,0.1385980379489798,0.0606254858654037,46.87005571109223,1.1714474529402237,0.9079369928517678,5.085363640036578,1.0922549712810932,2.710757148343857,15.0,270.0,45.0,18.0,4.0,102.0,False,45.0,2.0,False,245056.0,Fulham FC,Mediocentro,Fulham FC,1996.0,29.0,100.0,14000000.0,11300000.0,14000000.0,16.454567959008102,0.0
372336,Jacob Murphy,F,FWD,Premier League,21,1528.0,7.1,0.3113784306826178,0.4579925588956814,1.779129065505515,0.3350157127992695,0.174920530387149,31.688700470304905,1.5423164968408811,0.7673342204040248,3.0020932620866505,0.5955493240188785,1.1701161109687623,3.0,123.0,0.0,41.0,2.0,104.0,False,94.0,2.0,False,199527.0,Newcastle United,Extremo derecho,Newcastle United,1995.0,30.0,100.0,16000000.0,13800000.0,16000000.0,16.588099342704055,0.0
362014,Hamari Traore,D,DEF,La Liga,9,651.0,6.888888888888889,0.0,0.1204819277108433,0.136986301369863,0.0666986301369863,0.053140395416584,45.232216331991374,0.404898281651195,0.8618987408238615,4.858751966360483,1.1298128868368846,2.623807324186925,12.0,407.0,72.0,33.916666666666664,4.0,219.0,False,181.0,2.0,False,297070.0,Real Sociedad,Lateral derecho,Paris FC,1992.0,33.0,100.0,2000000.0,1900000.0,2000000.0,14.508658238524095,0.0
362682,Joachim Andersen,D,DEF,Premier League,20,1763.0,7.005,0.0,0.0,0.55,0.0528875,0.0174422895585443,72.39996044303797,0.15,0.8311607232083746,4.018473101265823,1.3109375,1.0342365506329114,9.0,183.0,27.0,20.33333333333333,1.0,26.0,False,33.0,4.0,False,260827.0,Fulham FC,Defensa central,Fulham FC,1996.0,29.0,100.0,27000000.0,26000000.0,27000000.0,17.11134746100564,0.0
363042,Jordan Lefort,D,DEF,Ligue 1,33,2970.0,6.9393939393939394,0.0,0.0303030303030303,0.2727272727272727,0.07055,0.0359420054545454,51.0,0.303030303030303,0.8196240725303875,3.333333333333333,0.8787878787878788,1.4848484848484849,3.0,137.0,14.0,45.66666666666666,0.0,0.0,False,93.0,4.0,False,192492.0,Angers SCO,Defensa central,Angers SCO,1993.0,32.0,100.0,1500000.0,1200000.0,1500000.0,14.220976332738882,0.0
363380,Alen Sherri,G,GK,Serie A,6,532.0,6.95,0.0,0.0,0.0,,0.0008643384959349,28.90650406504065,0.1666666666666666,0.7120320283832714,0.0,0.1829268292682927,0.0,1.0,62.0,12.0,62.0,0.0,0.0,False,62.0,3.0,False,304144.0,Cagliari,Portero,Cagliari,1997.0,28.0,100.0,1000000.0,970000.0,1000000.0,13.815511557963774,2.706766917293233
363774,Mihailo Ristic,M,MID,La Liga,6,388.0,6.483333333333333,0.0,0.2,0.379746835443038,0.0336075949367088,0.0277049390422456,37.43018950946402,0.9130801687763714,0.7964231416186841,2.244626448556167,0.2,1.0173814471944078,9.0,347.0,43.0,38.55555555555556,6.0,234.0,False,69.0,,True,271455.0,RC Celta de Vigo,Lateral izquierdo,Sin equipo,1995.0,30.0,100.0,900000.0,775000.0,900000.0,13.71015115341694,0.0
363856,Nicolo Barella,M,MID,Serie A,31,2471.0,7.219354838709678,0.1082405394369461,0.208572691117985,1.4679906717997468,0.0946804884121635,0.1799117544236936,63.0306104735153,1.8872604294251365,0.8441182783389857,4.608564685261812,0.4080209241499564,1.7445202839248215,14.0,219.0,29.0,15.642857142857142,4.0,53.0,False,43.0,4.0,False,255942.0,Inter de Milán,Mediocentro,Inter de Milán,1997.0,28.0,100.0,75000000.0,54000000.0,75000000.0,18.13299868483392,0.0
363860,Manuel Locatelli,M,MID,Serie A,34,2816.0,7.297058823529412,0.0642414860681114,0.0588235294117647,0.7562771888797167,0.1336293487546519,0.0902301670806713,75.87783418243751,0.8773958195431211,0.8814133839991075,4.315720986324878,0.7162074145834988,2.295523749480169,9.0,132.0,21.0,14.666666666666666,2.0,35.0,False,38.0,5.0,False,265088.0,Juventus de Turín,Pivote,Juventus de Turín,1998.0,27.0,100.0,30000000.0,24000000.0,30000000.0,17.216707972959764,0.0
364612,João Palhinha,M,MID,Bundesliga,9,601.0,6.855555555555556,0.0,0.0,0.963392420809454,0.1120613354658136,0.0573089601068497,72.80106766817083,0.3441734417344173,0.9225784235021516,6.262254811670915,0.2750455373406193,2.842459444793511,8.0,161.0,30.0,20.125,3.0,109.0,False,73.0,3.0,False,257455.0,Bayern Múnich,Pivote,Bayern Múnich,1995.0,30.0,100.0,30000000.0,16500000.0,30000000.0,17.216707972959764,0.0
359742,Mikel Vesga,M,MID,La Liga,12,814.0,6.833333333333333,0.0,0.0,0.6061724433033805,0.4114395057766367,0.0706400790608923,45.20515346427919,1.21045197740113,0.8082902705784266,3.665358914294899,1.4496269686805527,1.342657491185591,7.0,108.0,14.0,15.428571428571429,4.0,60.0,False,22.0,2.0,False,300168.0,Athletic Club,Pivote,Athletic Club,1993.0,32.0,100.0,2500000.0,1400000.0,2500000.0,14.731801689838347,0.0
360396,Yerry Mina,D,DEF,Serie A,29,2463.0,7.103448275862069,0.0344827586206896,0.0,0.8886846555400338,0.138081276652452,0.0245717497738776,47.419768768939306,0.1379310344827586,0.8706212875296929,7.719938850340221,1.2760252318272327,2.2442854841842426,29.0,799.0,123.0,27.55172413793104,8.0,107.0,False,87.0,3.0,False,289446.0,Cagliari,Defensa central,Cagliari,1994.0,31.0,100.0,3000000.0,2800000.0,3000000.0,14.914123179965662,0.0
360718,Carl Starfelt,D,DEF,La Liga,26,2241.0,6.957692307692308,0.0384615384615384,0.0,0.1923076923076923,0.1662,0.0091847966239316,65.60683760683762,0.2692307692307692,0.9255124057409764,4.311965811965812,1.3119658119658122,1.4615384615384617,7.0,294.0,50.0,42.0,2.0,107.0,True,80.0,2.0,False,258987.0,RC Celta de Vigo,Defensa central,RC Celta de Vigo,1995.0,30.0,100.0,6000000.0,4500000.0,6000000.0,15.607270193858982,0.0
361004,Marco Asensio,F,FWD,Ligue 1,9,668.0,7.5,0.5559263379063156,0.5169134464909112,3.390995412020338,0.8249901733437618,0.206415149483161,42.91607236375288,2.3329914744162186,0.8849130464212593,1.6860284952061415,0.1111111111111111,0.3835125448028674,19.0,540.0,96.0,28.42105263157895,2.0,104.0,False,250.0,3.0,False,296622.0,Aston Villa,Mediocentro ofensivo,Fenerbahce,1996.0,29.0,100.0,20000000.0,15500000.0,20000000.0,16.811242881518265,0.0
361352,Adam Armstrong,F,FWD,Premier League,17,1211.0,6.68235294117647,0.1275783040488922,0.1502027384380325,1.7919309317560903,0.2823164196804757,0.0425544261978343,19.703625293604983,0.727587517191769,0.8331862807852174,2.0555057091758777,0.0645624103299856,0.7726167416867928,2.0,28.0,3.0,14.0,0.0,0.0,False,20.0,4.0,False,250426.0,Southampton FC,Delantero centro,Wolverhampton Wanderers,1997.0,28.0,100.0,12000000.0,8700000.0,12000000.0,16.300417291085605,0.0
361420,Dominic Solanke,F,FWD,Premier League,17,1511.0,7.029411764705882,0.4131016042780748,0.1764705882352941,2.5470341869194093,0.5238087710181079,0.0619521286135385,15.43158630784169,0.6535947712418301,0.7057630644108518,5.096850861556744,0.0,0.8366013071895424,14.0,487.0,91.0,34.785714285714285,4.0,73.0,False,139.0,5.0,False,258889.0,Tottenham Hotspur,Delantero centro,Tottenham Hotspur,1997.0,28.0,100.0,40000000.0,38000000.0,40000000.0,17.50439003707821,0.0
361696,Wout Faes,D,DEF,Premier League,21,1785.0,6.757142857142857,0.0476190476190476,0.0,0.4285714285714285,0.1903666666666666,0.0188781209523809,48.95238095238095,0.1428571428571428,0.8449072367005103,3.761904761904762,1.0,1.5238095238095235,3.0,32.0,6.0,10.666666666666666,1.0,4.0,False,15.0,2.0,False,292808.0,Leicester City,Defensa central,Leicester City,1998.0,27.0,100.0,15000000.0,12700000.0,15000000.0,16.52356082573315,0.0
361790,Donny van de Beek,M,MID,La Liga,19,1350.0,6.873684210526315,0.1400762179421155,0.0789473684210526,1.2483679384304676,0.1466372129444237,0.2120405422125529,26.687826269957508,1.2088880941640598,0.837871587441463,3.153453367234252,0.6814796425024826,1.6884178892009805,10.0,668.0,98.0,66.8,1.0,62.0,False,220.0,3.0,False,288255.0,Girona FC,Mediocentro,Girona FC,1997.0,28.0,100.0,5000000.0,2100000.0,5000000.0,15.424948670398354,0.0
571622,Jonas Omlin,G,GK,Bundesliga,11,951.0,7.072727272727272,0.0,0.0,0.0,,0.0012958092317541,42.7735503932687,0.0,0.6939697791796902,0.3896103896103896,0.0,0.0,19.0,728.0,106.0,38.31578947368421,6.0,302.0,False,153.0,4.0,False,247915.0,Borussia Mönchengladbach,Portero,FC Basilea,1994.0,31.0,100.0,2500000.0,1400000.0,2500000.0,14.731801689838347,4.228804902962207
575852,Sandi Lovrić,M,MID,Serie A,31,2181.0,6.9,0.0694789081885856,0.1120886282176604,1.8438350099349288,0.1421699417068166,0.085733284430145,31.244347230658786,1.1601370887990492,0.8277826019484498,3.791938393138485,0.81977287915791,1.7602888027241874,13.0,294.0,49.0,22.615384615384617,4.0,84.0,False,60.0,2.0,False,268429.0,Udinese,Mediocentro,Udinese,1998.0,27.0,100.0,8500000.0,4400000.0,8500000.0,15.955576839107596,0.0
575952,Mathias Honsak,M,MID,Bundesliga,14,1040.0,6.885714285714286,0.3418785235613232,0.0,2.4597938493800635,0.2806928349820941,0.1555466046121993,30.42369089797555,0.944662480376766,0.7256131281807366,4.386072150379139,0.673737654750313,1.3008456547175833,21.0,786.0,87.0,37.42857142857143,5.0,147.0,False,106.0,2.0,False,283497.0,1.FC Heidenheim 1846,Extremo izquierdo,1.FC Heidenheim 1846,1996.0,29.0,100.0,2000000.0,1900000.0,2000000.0,14.508658238524095,0.0
576266,Philipp Lienhart,D,DEF,Bundesliga,31,2681.0,6.890322580645161,0.032258064516129,0.0,0.2580645161290322,0.0661285714285714,0.0315198954796816,71.6887306242145,0.2258064516129032,0.8708050547803349,3.397151235860913,1.1177209886887307,0.7373271889400922,22.0,581.0,110.0,26.40909090909091,4.0,167.0,False,72.0,,False,225657.0,SC Friburgo,Defensa central,SC Friburgo,1996.0,29.0,100.0,12000000.0,11500000.0,12000000.0,16.300417291085605,0.0
576276,Domingos Duarte,D,DEF,La Liga,20,1770.0,6.859999999999999,0.05,0.0,0.15,0.0662,0.003997581,29.775,0.05,0.7684057468796455,3.4,0.875,1.35,1.0,4.0,1.0,4.0,0.0,0.0,False,4.0,,True,257376.0,Getafe CF,Defensa central,Sin equipo,1995.0,30.0,100.0,800000.0,870000.0,800000.0,13.592368256649284,0.0
576384,Kristoffer Ajer,D,DEF,Premier League,14,1126.0,6.707142857142857,0.0,0.0,0.576039523435054,0.1344583571026248,0.017006376271332,35.52582223038605,0.3139199717195339,0.7779701026668592,4.189801329268119,0.7437734817349585,1.4155494369396453,16.0,352.0,57.0,22.0,5.0,162.0,False,54.0,5.0,False,328658.0,Brentford FC,Defensa central,Brentford FC,1998.0,27.0,100.0,18000000.0,19500000.0,18000000.0,16.705882371415992,0.0
577726,Ramy Bensebaini,D,DEF,Bundesliga,25,1910.0,7.047999999999999,0.04,0.12,0.9060407769665244,0.1172859407287505,0.1010841777044976,56.73007980461414,0.52,0.8534281726018952,5.636241637598792,1.494942572526697,2.121873536299766,29.0,520.0,80.0,17.93103448275862,6.0,123.0,False,70.0,2.0,False,284732.0,Borussia Dortmund,Defensa central,Borussia Dortmund,1995.0,30.0,100.0,7000000.0,7400000.0,7000000.0,15.76142084987672,0.0
578166,Moritz Nicolas,G,GK,Bundesliga,17,1530.0,7.399999999999999,0.0,0.0,0.0,,0.00121094,38.35294117647059,0.0,0.8248248784266757,0.4117647058823529,0.0588235294117647,0.0,7.0,455.0,60.0,65.0,2.0,143.0,True,135.0,4.0,False,284270.0,Borussia Mönchengladbach,Portero,Borussia Mönchengladbach,1997.0,28.0,100.0,5000000.0,5800000.0,5000000.0,15.424948670398354,3.8903225806451616
555406,James Bree,D,DEF,Premier League,11,837.0,6.6,0.0,0.0929752066115702,0.365702479338843,0.0278801136363636,0.0758308689911145,47.04841511553985,0.836300063572791,0.8898743558744665,3.134301216753648,0.8244762636940227,1.5580434364789546,3.0,131.0,22.0,43.66666666666666,2.0,87.0,False,60.0,4.0,False,324223.0,Southampton FC,Lateral derecho,Southampton FC,1997.0,28.0,100.0,2500000.0,2600000.0,2500000.0,14.731801689838347,0.0
555540,Lorenzo Pellegrini,M,MID,Serie A,22,1551.0,6.931818181818182,0.1115633951454846,0.0511363636363636,2.406888078759796,0.323910589356993,0.136182846462101,32.44819428554718,1.3625983688586578,0.8299358667099722,3.9769191947870848,0.4665889665889665,1.4688206371100976,35.0,650.0,94.0,18.571428571428573,5.0,184.0,True,114.0,,True,286297.0,AS Roma,Mediocentro ofensivo,Sin equipo,1996.0,29.0,100.0,9000000.0,9500000.0,9000000.0,16.012735246411598,0.0
556866,Gregor Kobel,G,GK,Bundesliga,31,2790.0,6.887096774193548,0.0,0.0,0.0,,0.0011056303225806,34.58064516129032,0.032258064516129,0.7795671912255301,0.2903225806451613,0.032258064516129,0.0,22.0,216.0,36.0,9.818181818181818,8.0,67.0,False,33.0,3.0,False,257814.0,Borussia Dortmund,Portero,Borussia Dortmund,1997.0,28.0,100.0,40000000.0,41000000.0,40000000.0,17.50439003707821,2.6774193548387095
557008,Franco Cervi,M,MID,La Liga,4,241.0,6.9,0.0,0.0,0.0,,0.0702439111904761,36.84920634920635,1.6547619047619049,0.6615896358543417,4.599206349206349,2.4761904761904763,2.488095238095238,4.0,74.0,11.0,18.5,3.0,63.0,False,29.0,3.0,False,341110.0,RC Celta de Vigo,Extremo izquierdo,CA Rosario Central,1994.0,31.0,100.0,800000.0,680000.0,800000.0,13.592368256649284,0.0
557166,Mama Baldé,F,FWD,Ligue 1,13,884.0,6.838461538461539,0.1959882223040117,0.2217919380390776,1.6359080713821037,0.2527589819301014,0.1180554419161128,18.17571862549328,1.1251977433805855,0.7273322493970268,7.178977977147645,0.48747412546532,0.948938449462304,17.0,394.0,39.0,23.176470588235293,3.0,32.0,False,76.0,2.0,False,325223.0,Stade Brestois 29,Delantero centro,Stade Brestois 29,1995.0,30.0,100.0,4000000.0,3400000.0,4000000.0,15.201805169084134,0.0
558320,Ulisses Garcia,D,DEF,Ligue 1,11,820.0,6.881818181818182,0.0,0.194476409666283,0.6645247539649273,0.1198213604684708,0.117523434715698,50.10932995899788,0.7855543719516757,0.8649333625764087,4.13666328400731,0.6949310004451584,1.3287394508612884,13.0,250.0,42.0,19.23076923076923,1.0,41.0,False,68.0,3.0,False,192616.0,Olympique de Marsella,Lateral izquierdo,Olympique de Marsella,1996.0,29.0,100.0,5000000.0,2900000.0,5000000.0,15.424948670398354,0.0
560128,Joelinton,M,MID,Premier League,23,1922.0,6.947826086956522,0.1739130434782608,0.0434782608695652,1.7247516934525842,0.218797776290884,0.0835522860392613,38.473865352988064,0.9446681568659556,0.8416522229171611,5.909081079382341,0.9499803047359386,2.1989170135821654,23.0,464.0,63.0,20.17391304347826,5.0,224.0,False,119.0,3.0,False,333241.0,Newcastle United,Mediocentro,Newcastle United,1996.0,29.0,100.0,35000000.0,32000000.0,35000000.0,17.370858648025116,0.0
569784,Maximilian Eggestein,M,MID,Bundesliga,32,2765.0,6.90625,0.0625,0.0,1.1871654358013155,0.1027873136115196,0.0820252458990692,45.08266343074857,0.6215138100402957,0.8329317094919412,4.838406902548239,1.2568681570446518,1.8368174629447789,3.0,27.0,3.0,9.0,0.0,0.0,False,11.0,,False,190284.0,SC Friburgo,Mediocentro,SC Friburgo,1996.0,29.0,100.0,10000000.0,10500000.0,10000000.0,16.118095750958314,0.0
547838,Dani Ceballos,M,MID,La Liga,14,1042.0,7.335714285714286,0.0,0.0,0.6096818562821477,0.0885254884619928,0.1448015077750588,95.39494260083568,1.383324331259581,0.9337093188654416,5.629630964004025,1.119424306905978,3.123931789792981,18.0,534.0,97.0,29.666666666666668,5.0,172.0,False,150.0,,True,319745.0,Real Madrid CF,Mediocentro,Sin equipo,1996.0,29.0,100.0,10000000.0,8400000.0,10000000.0,16.118095750958314,0.0
548178,Rolando Mandragora,M,MID,Serie A,22,1728.0,7.154545454545455,0.1875,0.1343873517786561,1.6592211721410115,0.1694518909027881,0.1381736119716485,42.08488117253586,1.6375178174283365,0.7852102583285382,3.75322312204823,0.8762897549141389,0.9988804004214964,19.0,811.0,130.0,42.68421052631579,4.0,41.0,False,210.0,3.0,False,308279.0,Fiorentina,Pivote,Fiorentina,1997.0,28.0,100.0,12000000.0,9500000.0,12000000.0,16.300417291085605,0.0
548188,Lewis Cook,M,MID,Premier League,25,2199.0,7.0920000000000005,0.04,0.12,0.44,0.0883285714285714,0.1192839598285714,42.1,1.6828571428571428,0.8095211198184881,4.208571428571428,1.3257142857142856,2.362857142857143,10.0,959.0,113.0,95.9,1.0,4.0,False,283.0,3.0,False,249089.0,AFC Bournemouth,Mediocentro,AFC Bournemouth,1997.0,28.0,100.0,15000000.0,13700000.0,15000000.0,16.52356082573315,0.0
548660,Philip Billing,M,MID,Serie A,3,167.0,7.066666666666666,0.0,0.0,2.2432887759611138,0.7151343211444985,0.1566922016791869,46.51831087052585,1.37870083959346,0.7540832758224063,9.106551038444543,0.4838709677419355,5.381407423773752,10.0,281.0,39.0,28.1,2.0,25.0,False,92.0,5.0,False,320411.0,SSC Nápoles,Mediocentro,FC Midtjylland,1996.0,29.0,100.0,10000000.0,7300000.0,10000000.0,16.118095750958314,0.0
552884,Jarrod Bowen,M,MID,Premier League,22,1920.0,7.2,0.3226164079822616,0.1818181818181818,2.537356957827364,0.2970552283199602,0.2238778752717466,20.81193994743704,1.879982174241421,0.7828049441151045,4.664714241934096,0.5909090909090909,1.3229208732213698,8.0,103.0,17.0,12.875,6.0,83.0,False,34.0,5.0,False,314875.0,West Ham United,Extremo derecho,West Ham United,1996.0,29.0,100.0,40000000.0,34000000.0,40000000.0,17.50439003707821,0.0
553606,Guglielmo Vicario,G,GK,Premier League,15,1350.0,7.293333333333334,0.0,0.0,0.0,,0.0002996926666666,31.6,0.0,0.8895942832682343,0.4666666666666667,0.0666666666666666,0.0,6.0,274.0,40.0,45.66666666666666,3.0,118.0,True,78.0,3.0,False,286047.0,Tottenham Hotspur,Portero,Tottenham Hotspur,1996.0,29.0,100.0,32000000.0,22000000.0,32000000.0,17.281246492014,2.8666666666666667
555386,Ollie Watkins,F,FWD,Premier League,26,1949.0,6.961538461538462,0.4975052713060491,0.2930238295196384,3.291478240013567,0.7315634809035149,0.0879131133284275,13.578524430790774,1.011022353041145,0.7624187711946703,3.744292732123484,0.2885998667558482,0.3373110075496429,4.0,50.0,6.0,12.5,3.0,41.0,False,19.0,3.0,False,324358.0,Aston Villa,Delantero centro,Aston Villa,1995.0,30.0,100.0,40000000.0,31000000.0,40000000.0,17.50439003707821,0.0
385888,Mauro Arambarri,M,MID,La Liga,31,2577.0,6.961290322580646,0.3231226392827387,0.0,1.8073526949413656,0.4381098338579559,0.019492977621386,25.368079065523588,0.5483870967741935,0.7288634039989249,5.812693257603509,0.4685620557681793,1.6005798696948328,14.0,712.0,83.0,50.85714285714285,2.0,221.0,False,213.0,3.5,False,290249.0,Getafe CF,Mediocentro,CA River Plate,1995.0,30.0,100.0,12000000.0,10300000.0,12000000.0,16.300417291085605,0.0
489180,Ado Onaiwu,F,FWD,Ligue 1,11,724.0,6.709090909090909,0.2211302211302211,0.0,1.330819774001592,0.4676492765492765,0.079210919804513,27.37107500977364,0.5709366391184573,0.7552677421555835,6.321714450606108,0.2143524283935242,0.8602486784304966,0.0,0.0,0.0,0.0,0.0,0.0,False,0.0,,False,308133.0,AJ Auxerre,Delantero centro,Urawa Red Diamonds,1995.0,30.0,100.0,1500000.0,720000.0,1500000.0,14.220976332738882,0.0
537552,Jae-sung Lee,F,FWD,Bundesliga,31,2564.0,7.17741935483871,0.2265313519391084,0.2433669468808694,1.3256968040382031,0.280254815360947,0.1375485554807755,33.62760592368383,1.132573176823075,0.8002327268227424,4.758411395736141,1.2391729411106158,1.4526661141447463,12.0,210.0,25.0,17.5,1.0,5.0,False,64.0,,False,314398.0,1.FSV Mainz 05,Mediocentro ofensivo,1.FSV Mainz 05,1992.0,33.0,100.0,2500000.0,2100000.0,2500000.0,14.731801689838347,0.0
541426,Daler Kuzyaev,M,MID,Ligue 1,7,487.0,6.814285714285715,0.1785714285714285,0.0,0.4642857142857143,0.0799624999999999,0.0690302481506383,37.28339196449061,0.4147465437788019,0.8084613318546275,4.222389072368618,1.6184936163783337,1.8427046970969023,11.0,379.0,43.0,34.45454545454545,2.0,72.0,False,132.0,,True,279570.0,Le Havre AC,Mediocentro,Sin equipo,1993.0,32.0,100.0,3500000.0,3300000.0,3500000.0,15.068273812173889,0.0
541578,Emmanuel Gyasi,M,MID,Serie A,37,3224.0,6.675675675675675,0.054054054054054,0.027027027027027,0.6120678818353238,0.2536488372093023,0.0460413481064545,21.06390505324229,0.4981502435933612,0.7509949469028753,3.746048442992715,0.3043744439093276,1.4148777421996024,3.0,109.0,11.0,36.333333333333336,0.0,0.0,False,98.0,,False,241076.0,Empoli FC,Interior derecho,Palermo FC,1994.0,31.0,100.0,1400000.0,970000.0,1400000.0,14.151983508870948,0.0
542038,Eric Smith,D,DEF,Bundesliga,31,2739.0,7.064516129032258,0.032258064516129,0.032258064516129,0.7419354838709677,0.08830625,0.0858667283200435,49.89615802827112,0.8387096774193549,0.8332026010305624,3.379032258064516,1.129757158390721,1.5,16.0,422.0,54.0,26.375,5.0,69.0,False,76.0,2.0,False,292534.0,FC St. Pauli,Defensa central,FC St. Pauli,1997.0,28.0,100.0,5000000.0,5300000.0,5000000.0,15.424948670398354,0.0
545780,Harry Winks,M,MID,Premier League,18,1450.0,6.827777777777778,0.0,0.1666666666666666,0.5427714646464646,0.0359983901515151,0.0992059894717394,57.99054387197769,1.1111111111111112,0.880656807452176,2.83236422482746,0.4292929292929293,1.4916493841126193,10.0,480.0,68.0,48.0,0.0,0.0,False,151.0,3.0,False,249126.0,Leicester City,Pivote,Cagliari,1996.0,29.0,100.0,9000000.0,4500000.0,9000000.0,16.012735246411598,0.0
547246,Juan Soriano,G,GK,La Liga,6,540.0,7.033333333333334,0.0,0.0,0.0,,0.0013939633333333,27.5,0.0,0.5005852760001742,0.6666666666666666,0.0,0.1666666666666666,1.0,12.0,2.0,12.0,0.0,0.0,False,12.0,2.0,False,251892.0,CD Leganés,Portero,CD Leganés,1997.0,28.0,100.0,1000000.0,1100000.0,1000000.0,13.815511557963774,3.166666666666667
601962,Anuar,M,MID,La Liga,22,1653.0,6.754545454545454,0.0914198161389172,0.0,0.4418957966759291,0.251825209286826,0.0273357896356388,22.498402082879974,0.3541872566932855,0.8057512528398107,5.890722763450259,0.8665912328206808,1.7982650416852577,4.0,375.0,47.0,93.75,1.0,62.0,False,243.0,2.0,False,327126.0,Real Valladolid CF,Extremo derecho,AD Ceuta FC,1995.0,30.0,100.0,900000.0,840000.0,900000.0,13.71015115341694,0.0
603738,Junior Sambia,D,DEF,Serie A,5,264.0,6.92,0.0,0.0,1.6242914979757086,0.1151192307692307,0.0781581932940743,23.468715495031283,1.713765182186235,0.7650742240215924,7.132903938167095,0.2769230769230769,2.3822966507177035,3.0,83.0,4.0,27.666666666666668,2.0,63.0,False,58.0,,True,335147.0,Empoli FC,Lateral derecho,Sin equipo,1996.0,29.0,100.0,1000000.0,750000.0,1000000.0,13.815511557963774,0.0
604258,David Soria,G,GK,La Liga,36,3240.0,6.980555555555556,0.0,0.0,0.0,,0.0041187786111111,25.166666666666668,0.0,0.4704788311561516,0.2777777777777778,0.0277777777777777,0.0555555555555555,5.0,134.0,14.0,26.8,0.0,0.0,False,68.0,5.0,False,226012.0,Getafe CF,Portero,Getafe CF,1993.0,32.0,100.0,3000000.0,2900000.0,3000000.0,14.914123179965662,2.2777777777777777
604954,Borja Mayoral,F,FWD,La Liga,12,829.0,6.766666666666667,0.1782700421940928,0.1666666666666666,1.113568196837985,0.246800684383102,0.0281138540088975,19.04277375014104,0.7756596004270246,0.8146093285799169,3.459688398546332,0.1782700421940928,0.4247967479674797,4.0,334.0,32.0,83.5,1.0,195.0,False,195.0,2.0,False,298976.0,Getafe CF,Delantero centro,Getafe CF,1997.0,28.0,100.0,7500000.0,7800000.0,7500000.0,15.830413711839864,0.0
605338,Stephy Mavididi,M,MID,Premier League,15,1180.0,6.726666666666668,0.2174157303370786,0.0689655172413793,1.2666627456058026,0.1600372493384267,0.13064284340357,27.1143812628236,1.0878924780327452,0.8225033371907192,4.303258021583031,0.6476281421184703,1.6149739862022978,6.0,282.0,33.0,47.0,1.0,35.0,False,90.0,3.0,False,340328.0,Leicester City,Extremo izquierdo,Leicester City,1998.0,27.0,100.0,10000000.0,8400000.0,10000000.0,16.118095750958314,0.0
605374,Tete Morente,F,FWD,Serie A,28,1975.0,6.914285714285714,0.1106271777003484,0.0976401647133354,1.7392073902731826,0.1388698021576701,0.0544463269129487,28.29304892274317,1.1226402328623055,0.7890176239263972,4.962455006629703,0.7207631841238619,1.1638704262690946,4.0,46.0,7.0,11.5,1.0,7.0,False,18.0,3.0,False,339816.0,US Lecce,Extremo izquierdo,Elche CF,1996.0,29.0,100.0,2000000.0,1600000.0,2000000.0,14.508658238524095,0.0
605552,Irvin Cardona,F,FWD,Ligue 1,23,1499.0,6.92608695652174,0.2967008616966674,0.2761151891586674,1.6851777350294586,0.4085738436851133,0.1815441299961266,27.360792698151094,1.531118487007373,0.696253053660833,3.7254074416010634,0.554043562195736,1.0076475984347872,10.0,297.0,43.0,29.7,2.0,15.0,False,96.0,3.0,False,342226.0,AS Saint-Étienne,Extremo derecho,AS Saint-Étienne,1997.0,28.0,100.0,2500000.0,2600000.0,2500000.0,14.731801689838347,0.0
605672,Gorka Guruzeta,F,FWD,La Liga,27,1677.0,6.848148148148148,0.1610703071377228,0.1111111111111111,2.5472435513639278,0.2608126628456386,0.0457853488320344,19.78342074431851,0.6994053505571581,0.7201824701308704,4.299891233737754,0.4928044618397377,0.7748001524947962,4.0,223.0,6.0,55.75,3.0,39.0,False,184.0,3.0,False,340205.0,Athletic Club,Delantero centro,Athletic Club,1996.0,29.0,100.0,9000000.0,4600000.0,9000000.0,16.012735246411598,0.0
592010,Mikel Merino,M,MID,Premier League,10,829.0,7.19,0.2153846153846153,0.1,1.8673970917021523,0.2772828139944319,0.1025613072894225,34.93906403250666,1.1719806763285026,0.8025040055964137,6.681988534946482,0.9376068376068376,2.168574056813544,17.0,434.0,84.0,25.529411764705884,5.0,65.0,False,115.0,3.0,False,338424.0,Arsenal FC,Mediocentro,Arsenal FC,1996.0,29.0,100.0,35000000.0,31000000.0,35000000.0,17.370858648025116,0.0
592012,Álex Berenguer,M,MID,La Liga,30,2228.0,7.02,0.2274278566961493,0.257653244683539,2.1000390646259706,0.3110246462032558,0.1626890276411628,28.500588333322906,1.7639355173130975,0.7600581756199493,4.410075051319496,0.3941912984819291,1.1743768929330136,11.0,162.0,21.0,14.727272727272728,2.0,21.0,False,45.0,2.0,False,338425.0,Athletic Club,Extremo izquierdo,Athletic Club,1995.0,30.0,100.0,9000000.0,5200000.0,9000000.0,16.012735246411598,0.0
592098,Jorge Sáenz,D,DEF,La Liga,21,1665.0,7.019047619047619,0.0476190476190476,0.0,0.3809523809523809,0.1938571428571428,0.0156737258039579,47.87308368323406,0.1032776747062461,0.8194623971480869,4.871863099306709,1.4485157699443414,2.00417439703154,2.0,37.0,4.0,18.5,0.0,0.0,False,29.0,3.0,False,340339.0,CD Leganés,Defensa central,Real Sporting de Gijón,1996.0,29.0,100.0,1500000.0,1100000.0,1500000.0,14.220976332738882,0.0
592794,Alex Meret,G,GK,Serie A,34,3006.0,6.970588235294118,0.0,0.0,0.0,,0.0006410322058823,33.205882352941174,0.0,0.8380641223693186,0.3382352941176471,0.0,0.0,19.0,632.0,102.0,33.26315789473684,6.0,110.0,False,136.0,2.0,False,240414.0,SSC Nápoles,Portero,SSC Nápoles,1997.0,28.0,100.0,18000000.0,12600000.0,18000000.0,16.705882371415992,1.8263473053892214
593526,Nicolas Pépé,F,FWD,La Liga,17,1188.0,7.31764705882353,0.1915061167680023,0.3267972961768288,2.4067333358962166,0.3008289441570577,0.2786441576153479,35.11630715182402,2.1149317644291896,0.8367612008133337,5.581833668525915,0.1266968325791855,1.4322546419814493,13.0,363.0,47.0,27.923076923076923,5.0,127.0,False,123.0,3.0,False,343052.0,Villarreal CF,Extremo derecho,Villarreal CF,1995.0,30.0,100.0,6000000.0,6600000.0,6000000.0,15.607270193858982,0.0
596736,Tommaso Augello,M,MID,Serie A,30,2426.0,6.89,0.0,0.1670411985018726,0.2037037037037037,0.0248462962962962,0.1269527466979194,37.25591281432492,1.1341158475747612,0.7636070386171625,4.28617212969183,0.5089201877934272,1.7278842597438442,2.0,22.0,3.0,11.0,1.0,14.0,False,14.0,2.0,False,284595.0,Cagliari,Lateral izquierdo,Palermo FC,1994.0,31.0,100.0,1800000.0,1200000.0,1800000.0,14.403297778421797,0.0
599114,Jean Butez,G,GK,Serie A,19,1665.0,7.063157894736841,0.0,0.0,0.0,,0.0022315189473684,35.68421052631579,0.0526315789473684,0.7475057484213474,0.4210526315789473,0.0,0.0,2.0,144.0,22.0,72.0,1.0,93.0,False,93.0,5.0,False,290537.0,Como 1907,Portero,Como 1907,1995.0,30.0,100.0,3500000.0,4400000.0,3500000.0,15.068273812173889,2.6486486486486487
587126,Nicolas Haas,M,MID,Serie A,3,198.0,6.766666666666667,0.0,0.0,0.3333333333333333,0.0096,0.0203277078947368,37.13157894736842,0.6666666666666666,0.766748366013072,3.456140350877193,0.7280701754385964,2.3947368421052637,5.0,612.0,69.0,122.4,1.0,312.0,True,312.0,,True,192638.0,Empoli FC,Mediocentro,Sin equipo,1996.0,29.0,100.0,700000.0,760000.0,700000.0,13.45883704259595,0.0
587628,Gaetano Castrovilli,M,MID,Serie A,11,623.0,6.618181818181818,0.0,0.0,0.9708459348870307,0.1022102030332681,0.0782771858779395,35.73314085621681,1.1924992815403774,0.8086714429361489,3.257891815450488,0.6454918032786886,1.5203765811967225,14.0,687.0,98.0,49.07142857142857,3.0,246.0,False,252.0,,True,303116.0,AC Monza,Mediocentro,Sin equipo,1997.0,28.0,100.0,1500000.0,775000.0,1500000.0,14.220976332738882,0.0
588566,Unai López,M,MID,La Liga,23,1540.0,6.869565217391305,0.1291643139469226,0.0460358056265984,1.232056796501432,0.1176010264626425,0.0667880497221332,59.42350006010742,1.0271995994282603,0.8483829598080904,3.747891028630494,1.2294660918759177,1.4122774838677423,4.0,37.0,6.0,9.25,0.0,0.0,False,11.0,4.0,False,192009.0,Rayo Vallecano,Mediocentro,Rayo Vallecano,1995.0,30.0,100.0,2500000.0,2600000.0,2500000.0,14.731801689838347,0.0
591132,Kike Barja,F,FWD,La Liga,5,238.0,6.88,0.0,0.6,1.1261343012704177,0.0924018451300665,0.2073379613974591,13.561161524500909,1.8522686025408348,0.7194372294372294,3.457350272232305,0.631578947368421,0.631578947368421,7.0,553.0,60.0,79.0,3.0,257.0,False,215.0,3.0,False,298575.0,CA Osasuna,Extremo derecho,CA Osasuna,1997.0,28.0,100.0,1500000.0,1500000.0,1500000.0,14.220976332738882,0.0
591588,Johannes Eggestein,F,FWD,Bundesliga,21,1744.0,6.838095238095238,0.1629500114652602,0.2008532567373489,1.8606578818199628,0.3756995119606157,0.0674988956388831,24.93952206197885,1.2295630871006515,0.7800773971092899,2.650448481645028,0.0,0.2444563343439748,8.0,151.0,25.0,18.875,1.0,6.0,False,83.0,3.0,False,251303.0,FC St. Pauli,Delantero centro,FK Austria Viena,1998.0,27.0,100.0,2500000.0,2200000.0,2500000.0,14.731801689838347,0.0
591620,Joe Lumley,G,GK,Premier League,3,270.0,6.8,0.0,0.0,0.0,,0.0006535066666666,45.333333333333336,0.0,0.6779304198168296,1.0,0.0,0.0,0.0,0.0,0.0,0.0,0.0,0.0,False,0.0,3.0,False,336367.0,Southampton FC,Portero,Sheffield Wednesday,1995.0,30.0,100.0,500000.0,465000.0,500000.0,13.122365377402328,4.333333333333333
591706,Ellyes Skhiri,M,MID,Bundesliga,26,2120.0,6.9,0.041705282669138,0.0474183350895679,0.4751270333322681,0.1566321506716521,0.0697405751154784,51.86307911599423,0.7649585137985682,0.8864649847765118,3.515206222326334,1.3356418026607917,1.727333182343027,12.0,194.0,31.0,16.166666666666668,6.0,63.0,False,39.0,2.0,False,290587.0,Eintracht Fráncfort​​,Pivote,Eintracht Fráncfort​​,1995.0,30.0,100.0,7500000.0,6200000.0,7500000.0,15.830413711839864,0.0
591750,Joan Jordán,M,MID,La Liga,17,1245.0,7.141176470588236,0.3529411764705882,0.0,1.0520963185685022,0.50561214909848,0.1421611738048787,48.479228571903775,1.867023291636301,0.8136813113750957,4.078745723855692,0.6733785940765852,2.073922793414316,7.0,274.0,39.0,39.142857142857146,3.0,70.0,False,118.0,2.0,False,263727.0,Deportivo Alavés,Mediocentro,Sevilla FC,1994.0,31.0,100.0,2500000.0,1900000.0,2500000.0,14.731801689838347,0.0
579260,Marco Komenda,D,DEF,Bundesliga,16,1276.0,6.7125,0.0,0.0,0.3327205882352941,0.0575598039215686,0.0567054280863443,48.98095142619847,0.599370097262852,0.7820266728522661,3.861682722876773,0.389554794520548,1.8321350841575408,13.0,550.0,53.0,42.30769230769231,3.0,85.0,True,161.0,3.0,False,335631.0,Holstein Kiel,Defensa central,Arka Gdynia,1996.0,29.0,100.0,800000.0,730000.0,800000.0,13.592368256649284,0.0
579576,Ruben Aguilar,M,MID,Ligue 1,13,1096.0,7.161538461538461,0.0876338851022395,0.1634615384615384,0.9200340798442064,0.1408097837552742,0.1088167803735045,52.54431709603925,0.8932937201581399,0.8231373142864596,5.374066229222631,1.008102704409134,2.6284430308080564,17.0,318.0,45.0,18.705882352941178,5.0,116.0,False,89.0,3.0,False,203746.0,RC Lens,Lateral derecho,RC Lens,1993.0,32.0,100.0,3500000.0,3300000.0,3500000.0,15.068273812173889,0.0
580550,Clément Lenglet,D,DEF,La Liga,22,1886.0,7.063636363636364,0.0909090909090909,0.0454545454545454,0.4090909090909091,0.2629888888888889,0.0336381626324901,61.494752280946905,0.2642045454545454,0.8801211661606,3.6857892898241,1.0637560619759987,1.1167187243136611,9.0,124.0,19.0,13.77777777777778,1.0,13.0,False,48.0,2.0,False,182904.0,Atlético de Madrid,Defensa central,SL Benfica,1995.0,30.0,100.0,7500000.0,6200000.0,7500000.0,15.830413711839864,0.0
580642,Haris Belkebla,M,MID,Ligue 1,20,1692.0,6.909999999999999,0.0,0.05,0.15,0.0292999999999999,0.0161355319972976,41.00451732251245,0.25,0.8813361941873712,5.045050467162246,1.9180999795403395,2.4305999795403395,7.0,168.0,18.0,24.0,3.0,81.0,False,62.0,3.0,False,138055.0,Angers SCO,Mediocentro,Angers SCO,1994.0,31.0,100.0,2000000.0,2100000.0,2000000.0,14.508658238524095,0.0
581302,Robin Koch,D,DEF,Bundesliga,28,2484.0,7.103571428571429,0.1071428571428571,0.0,0.545271629778672,0.175266338028169,0.0164349257176621,62.67354813814393,0.25,0.900241950270169,4.9274000165375815,0.8845745707119429,0.8667002012072434,16.0,382.0,69.0,23.875,6.0,71.0,False,102.0,5.0,False,328784.0,Eintracht Fráncfort​​,Defensa central,Eintracht Fráncfort​​,1996.0,29.0,100.0,18000000.0,16100000.0,18000000.0,16.705882371415992,0.0
581310,David Raya,G,GK,Premier League,27,2430.0,7.0851851851851855,0.0,0.0,0.0,,0.0016730322222222,32.22222222222222,0.0,0.7306890424609738,0.5925925925925926,0.074074074074074,0.0,2.0,108.0,18.0,54.0,1.0,5.0,False,103.0,3.0,False,262749.0,Arsenal FC,Portero,Arsenal FC,1995.0,30.0,100.0,40000000.0,38000000.0,40000000.0,17.50439003707821,2.3703703703703702
581314,Valentin Rongier,M,MID,Ligue 1,19,1460.0,7.084210526315789,0.1773717036874931,0.1480263157894736,0.6529285955900097,0.129170262916775,0.0901507810937387,75.78676549545719,0.7451566268785949,0.8966814023484557,5.175208013743169,1.8569390157001444,2.944681962356575,16.0,732.0,97.0,45.75,3.0,310.0,False,286.0,3.0,False,332889.0,Olympique de Marsella,Mediocentro,Stade Rennais FC,1994.0,31.0,100.0,9000000.0,8700000.0,9000000.0,16.012735246411598,0.0
584722,Alexander Nübel,G,GK,Bundesliga,33,2970.0,6.872727272727273,0.0,0.0303030303030303,0.0,,0.0052528042424242,34.63636363636363,0.0909090909090909,0.7522750270285739,0.2727272727272727,0.0,0.0,7.0,103.0,17.0,14.714285714285714,3.0,37.0,False,43.0,4.0,False,195778.0,VfB Stuttgart,Portero,Besiktas JK,1996.0,29.0,100.0,12000000.0,10900000.0,12000000.0,16.300417291085605,2.515151515151515
786028,Kalvin Phillips,M,MID,Premier League,13,1065.0,6.661538461538461,0.0,0.0,0.8015125525076535,0.0658086251147214,0.0373529791925291,38.46526552137391,0.3378927410617551,0.8128439685437724,5.204735155362835,1.471510569336656,2.609726834543124,7.0,466.0,59.0,66.57142857142857,2.0,205.0,True,166.0,3.0,False,351749.0,Ipswich Town,Pivote,Manchester City,1995.0,30.0,100.0,12000000.0,4700000.0,12000000.0,16.300417291085605,0.0
786175,Federico Baschirotto,D,DEF,Serie A,38,3420.0,6.913157894736842,0.0526315789473684,0.0,0.5789473684210527,0.0822066666666666,0.0134094134210526,42.578947368421055,0.1052631578947368,0.8559597148946586,4.0,0.6052631578947368,0.9736842105263158,4.0,133.0,10.0,33.25,1.0,2.0,False,85.0,3.0,False,351955.0,US Lecce,Defensa central,US Cremonese,1996.0,29.0,100.0,3600000.0,3900000.0,3600000.0,15.096444681204078,0.0
786186,Hee-Chan Hwang,F,FWD,Premier League,9,501.0,6.655555555555555,0.1282051282051282,0.0,0.5672855879752432,0.0989232360742705,0.0456096155782752,24.81145819567795,0.6168582375478927,0.811875065143039,3.171190209881034,0.391713747645951,1.4124266538059642,25.0,624.0,102.0,24.96,5.0,128.0,False,85.0,3.0,False,292246.0,Wolverhampton Wanderers,Delantero centro,Wolverhampton Wanderers,1996.0,29.0,100.0,12000000.0,7300000.0,12000000.0,16.300417291085605,0.0
786259,Konstantinos Tsimikas,D,DEF,Premier League,5,369.0,7.5,0.0,0.0,0.6278481012658228,0.0390675105485232,0.1508100842843232,62.54352482960078,1.7816942551119763,0.9312785150490068,6.51139240506329,1.5047711781888995,4.627848101265823,9.0,184.0,39.0,20.444444444444443,3.0,73.0,False,46.0,2.0,False,338070.0,Liverpool FC,Lateral izquierdo,Liverpool FC,1996.0,29.0,100.0,18000000.0,7800000.0,18000000.0,16.705882371415992,0.0
787448,Silvère Ganvoula,F,FWD,Serie A,4,271.0,6.625,0.0,0.0,1.4643570952698202,0.1604833666444592,0.0110875661675549,15.789140572951366,0.3947368421052631,0.626797385620915,7.146902065289806,0.25,0.0,3.0,170.0,13.0,56.66666666666666,1.0,136.0,True,136.0,2.0,False,312819.0,AC Monza,Delantero centro,Al-Fayha FC,1996.0,29.0,100.0,1400000.0,1100000.0,1400000.0,14.151983508870948,0.0
787498,André Onana,G,GK,Premier League,27,2430.0,6.877777777777777,0.0,0.0,0.0,,0.0082428566666666,34.44444444444444,0.037037037037037,0.6969758519420429,0.3333333333333333,0.0,0.037037037037037,13.0,156.0,15.0,12.0,0.0,0.0,False,76.0,2.0,False,234509.0,Manchester United,Portero,Trabzonspor,1996.0,29.0,100.0,25000000.0,11100000.0,25000000.0,17.034386422832473,2.666666666666667
787505,Benjamin Pavard,D,DEF,Serie A,19,1510.0,7.1000000000000005,0.0,0.0526315789473684,0.4736842105263157,0.0968666666666666,0.059160724304086,62.982104582723785,0.631578947368421,0.9146537893720412,4.485285612220596,0.9109311740890688,1.8280542986425337,16.0,323.0,51.0,20.1875,6.0,139.0,True,50.0,3.0,False,353366.0,Inter de Milán,Defensa central,Inter de Milán,1996.0,29.0,100.0,25000000.0,21000000.0,25000000.0,17.034386422832473,0.0
787540,Angelo Fulgini,M,MID,Ligue 1,12,841.0,7.058333333333334,0.0,0.0961538461538461,1.992628818512717,0.1990904744932446,0.3360043578940151,48.57737524833559,2.229818277447772,0.8178048049033056,4.816536657588576,0.2307692307692307,1.2163048202104945,10.0,205.0,24.0,20.5,0.0,0.0,False,48.0,,False,250013.0,RC Lens,Mediocentro ofensivo,Al-Khaleej FC,1996.0,29.0,100.0,5000000.0,5300000.0,5000000.0,15.424948670398354,0.0
783126,Emiliano Buendía,F,FWD,Bundesliga,3,167.0,7.133333333333333,0.46875,0.0,1.6041666666666667,0.615046875,0.1017039079022988,46.79920977011494,0.46875,0.7819281045751634,8.732040229885058,0.0,2.788074712643678,6.0,520.0,94.0,86.66666666666667,1.0,328.0,False,328.0,2.0,False,321247.0,Bayer 04 Leverkusen,Extremo izquierdo,Aston Villa,1996.0,29.0,100.0,15000000.0,16500000.0,15000000.0,16.52356082573315,0.0
783278,Junya Ito,M,MID,Ligue 1,31,2585.0,7.090322580645162,0.137234580320015,0.0967741935483871,1.0419719581264515,0.2819572754492369,0.2956420736505139,32.08538122822045,2.748681959644772,0.7641049187290252,4.594537171509459,0.3608691161726149,1.4533432500406702,8.0,139.0,24.0,17.375,2.0,14.0,False,69.0,3.0,False,348791.0,Stade de Reims,Extremo derecho,KRC Genk,1993.0,32.0,100.0,6000000.0,3600000.0,6000000.0,15.607270193858982,0.0
783374,Iñaki Williams,M,MID,La Liga,32,2589.0,7.071875,0.2553636180499597,0.2503511235955056,2.2122774803773217,0.336452498522763,0.1574855528601272,22.74883235678176,1.3949739663200156,0.6930266017187691,4.061781370930183,0.382277397260274,0.5648409054684236,10.0,208.0,40.0,20.8,2.0,15.0,False,48.0,3.0,False,255508.0,Athletic Club,Extremo derecho,Athletic Club,1994.0,31.0,100.0,15000000.0,9100000.0,15000000.0,16.52356082573315,0.0
784625,Conor Chaplin,M,MID,Premier League,7,520.0,6.914285714285714,0.1428571428571428,0.1761252446183953,1.5333333333333334,0.2927044444444444,0.0788156448162841,29.941428601614195,0.7669970330155925,0.7690311873541688,2.9833452493638086,0.5236790606653621,1.7784109759363846,2.0,75.0,13.0,37.5,2.0,75.0,False,58.0,4.0,False,349503.0,Ipswich Town,Mediapunta,Leicester City,1997.0,28.0,100.0,6000000.0,5700000.0,6000000.0,15.607270193858982,0.0
784655,Fabián Ruiz,M,MID,Ligue 1,19,1551.0,7.521052631578947,0.2411798727588201,0.2894736842105263,2.3911748203745007,0.2787809351321403,0.2285620631731655,72.83954737226857,1.7622181095593188,0.9037456759256428,3.111638225001515,0.6176980913823019,1.789826463431894,23.0,396.0,72.0,17.217391304347824,2.0,31.0,False,85.0,2.0,False,350219.0,París Saint-Germain FC,Mediocentro,París Saint-Germain FC,1996.0,29.0,100.0,40000000.0,39000000.0,40000000.0,17.50439003707821,0.0
785418,Marcus Coco,D,DEF,Ligue 1,11,847.0,6.890909090909091,0.0,0.1203208556149732,0.1894852135815991,0.0326168674698795,0.0592334304335045,34.73950794743967,0.8898173622513437,0.8304189990948885,5.519997450283373,0.8243801652892562,2.384038614279839,4.0,260.0,37.0,65.0,0.0,0.0,False,204.0,2.0,False,353365.0,FC Nantes,Lateral derecho,Hapoel Tel Aviv,1996.0,29.0,100.0,1200000.0,895000.0,1200000.0,13.997832948091215,0.0
785468,Aritz Elustondo,D,DEF,La Liga,16,1361.0,6.84375,0.0,0.0,0.25,0.10735,0.0225617348021339,53.45659746467429,0.21875,0.854384502686296,4.072223694567522,0.639554794520548,1.2021865121180189,16.0,376.0,52.0,23.5,5.0,135.0,False,60.0,3.0,False,229804.0,Real Sociedad,Defensa central,PAOK de Salónica FC,1994.0,31.0,100.0,3000000.0,1900000.0,3000000.0,14.914123179965662,0.0
785989,Borja Iglesias,F,FWD,La Liga,26,1797.0,6.961538461538462,0.4874450060954004,0.1403066812705367,1.8569151653738205,0.6217335803728458,0.0571054274419511,21.242855450658794,0.8308550834877777,0.7318196912160277,3.0679890085552524,0.3256291814091868,0.4800355026818692,5.0,74.0,8.0,14.8,1.0,17.0,False,22.0,2.0,False,278359.0,RC Celta de Vigo,Delantero centro,RC Celta de Vigo,1993.0,32.0,100.0,3000000.0,3100000.0,3000000.0,14.914123179965662,0.0
758168,Moussa Niakhaté,D,DEF,Ligue 1,29,2610.0,6.9206896551724135,0.0,0.0,0.0689655172413793,0.05765,0.0359956096551724,60.06896551724138,0.2413793103448276,0.902566302805796,3.689655172413793,0.8620689655172413,1.6206896551724137,3.0,240.0,44.0,80.0,0.0,0.0,False,215.0,3.0,False,291200.0,Olympique de Lyon,Defensa central,Olympique de Lyon,1996.0,29.0,100.0,15000000.0,14600000.0,15000000.0,16.52356082573315,0.0
759520,Denzel Dumfries,M,MID,Serie A,23,1816.0,7.134782608695652,0.3955944229024007,0.0869565217391304,1.5976404587080273,0.4346175386283545,0.1283311940423779,28.619576086942423,0.8723649938310011,0.7576942245395383,5.371526755477619,0.2805049088359046,0.9961279585550642,10.0,213.0,48.0,21.3,5.0,83.0,False,70.0,5.0,False,321528.0,Inter de Milán,Lateral derecho,Real Madrid CF,1996.0,29.0,100.0,35000000.0,26000000.0,35000000.0,17.370858648025116,0.0
769333,Christopher Nkunku,F,FWD,Premier League,6,462.0,7.333333333333333,0.3473895582329317,0.3473895582329317,2.0763165744087617,0.5765573252608367,0.1352055507332415,30.60972887781757,1.8096751097647603,0.9498148148148148,3.586435508893034,1.050793429196333,1.3679673321234118,15.0,491.0,87.0,32.733333333333334,5.0,273.0,False,110.0,5.0,False,344381.0,Chelsea FC,Delantero centro,AC Milan,1997.0,28.0,100.0,35000000.0,33000000.0,35000000.0,17.370858648025116,0.0
770083,Mergim Berisha,F,FWD,Bundesliga,4,195.0,6.7,0.3688524590163934,0.0,2.7393734386112074,0.2835920426156567,0.0162228846423166,11.469451485256842,0.0,0.7708333333333334,3.627304473093966,0.0,0.3688524590163934,14.0,660.0,73.0,47.142857142857146,4.0,356.0,False,252.0,2.0,False,307924.0,FC Augsburgo,Delantero centro,1.FC Kaiserslautern,1998.0,27.0,100.0,3500000.0,1600000.0,3500000.0,15.068273812173889,0.0
770677,Denis Zakaria,M,MID,Ligue 1,24,2083.0,7.2,0.251937984496124,0.1666666666666666,1.255813953488372,0.2742346389228886,0.0829054030388106,49.083505456956345,0.626937984496124,0.8969630517204202,4.094489494084047,1.35203105875153,1.598155089759282,22.0,695.0,98.0,31.59090909090909,6.0,131.0,True,247.0,3.0,False,334526.0,AS Mónaco,Pivote,AS Mónaco,1996.0,29.0,100.0,30000000.0,26000000.0,30000000.0,17.216707972959764,0.0
773409,Che Adams,F,FWD,Serie A,31,2473.0,6.9,0.2261689017760058,0.0971366437114896,2.1475288813560063,0.4075237600129814,0.0990098353039941,18.43135601051721,0.891451804258902,0.7566503283951579,3.4107217828358545,0.0737327188940092,0.5104430953243929,7.0,67.0,9.0,9.571428571428571,1.0,19.0,False,19.0,2.0,False,346779.0,Torino FC,Delantero centro,Torino FC,1996.0,29.0,100.0,15000000.0,8199999.0,15000000.0,16.52356082573315,0.0
780014,Nordi Mukiele,D,DEF,Bundesliga,11,864.0,6.990909090909091,0.0909090909090909,0.0,0.6363636363636364,0.2856599999999999,0.1004735178787878,51.42424242424242,0.9696969696969696,0.8035298028584738,6.0,1.515151515151515,2.060606060606061,9.0,273.0,38.0,30.33333333333333,2.0,65.0,False,99.0,4.0,False,348026.0,Bayer 04 Leverkusen,Lateral derecho,Sunderland AFC,1997.0,28.0,100.0,10000000.0,17100000.0,10000000.0,16.118095750958314,0.0
782240,Assane Dioussé,M,MID,Ligue 1,7,573.0,6.814285714285715,0.0,0.0,0.3422644770959377,0.032823941227312,0.0112613488291936,37.901968947078,0.3422644770959377,0.9066447421021028,3.429185157208951,1.6202545957998702,1.483252289679917,3.0,28.0,5.0,9.333333333333334,0.0,0.0,False,11.0,2.0,False,287635.0,AJ Auxerre,Pivote,AJ Auxerre,1997.0,28.0,100.0,700000.0,635000.0,700000.0,13.45883704259595,0.0
606164,Diogo Jota,F,FWD,Premier League,10,655.0,6.81,0.4951740506329113,0.225,2.835193204530313,0.7363323352883792,0.0529401218665446,20.312790062001675,0.4951612903225806,0.7263543123543124,4.104458989705788,0.6226676839096517,0.9014240506329112,17.0,595.0,113.0,35.0,5.0,175.0,False,117.0,,False,340950.0,Liverpool FC,Extremo izquierdo,---,,,100.0,40000000.0,39000000.0,40000000.0,17.50439003707821,0.0
606346,Eric Bailly,D,DEF,La Liga,9,594.0,6.533333333333333,0.0,0.0,0.6168582375478927,0.132119540229885,0.0062210021286804,44.6121841923059,0.0,0.8852890370904439,4.096579337958648,0.9131545338441888,1.9241655448552,27.0,826.0,165.0,30.59259259259259,6.0,113.0,False,170.0,2.0,False,286384.0,Villarreal CF,Defensa central,Columbus Crew,1994.0,31.0,100.0,2000000.0,1500000.0,2000000.0,14.508658238524095,0.0
608362,Oliver Burke,F,FWD,Bundesliga,9,707.0,7.111111111111111,0.376068376068376,0.0,2.830712871716155,0.3538980827721484,0.1119660924768434,26.344643742913192,1.418302338875962,0.6553935508313712,4.299686023349956,0.1111111111111111,0.5209959123002601,15.0,232.0,32.0,15.466666666666669,5.0,92.0,False,48.0,4.0,False,341317.0,SV Werder Bremen,Delantero centro,1.FC Unión Berlín,1997.0,28.0,100.0,3000000.0,3900000.0,3000000.0,14.914123179965662,0.0
609206,Kingsley Ehizibue,M,MID,Serie A,30,2425.0,6.84,0.0,0.0333333333333333,0.5717186574742908,0.1516238238728024,0.0641430562987333,25.34404026411381,0.7804416421691179,0.7721894218059157,4.825378705239278,0.8547800964944952,2.069100341388766,4.0,251.0,24.0,62.75,3.0,39.0,False,212.0,,True,272812.0,Udinese,Lateral derecho,Sin equipo,1995.0,30.0,100.0,2400000.0,2200000.0,2400000.0,14.690979711984754,0.0
609752,Guido Rodríguez,M,MID,Premier League,14,998.0,6.785714285714286,0.0,0.0,0.5518311802332873,0.0344523631840796,0.0110414394431273,43.097869536085966,0.1659663865546218,0.8375852392680737,4.367712628416739,0.977093084424781,2.5792512155660607,3.0,112.0,18.0,37.333333333333336,1.0,94.0,False,94.0,3.0,False,342385.0,West Ham United,Pivote,Valencia CF,1994.0,31.0,100.0,10000000.0,6200000.0,10000000.0,16.118095750958314,0.0
610766,Tammy Abraham,F,FWD,Serie A,15,955.0,6.733333333333333,0.1901719901719901,0.1333333333333333,1.7593749228100204,0.5479288732504008,0.0424894252878711,15.345403489696809,0.7340823970037452,0.6511091686091687,5.166467771257837,0.081081081081081,1.2541983378433703,18.0,568.0,65.0,31.55555555555556,4.0,45.0,False,286.0,5.0,False,331726.0,AC Milan,Delantero centro,Aston Villa,1997.0,28.0,100.0,15000000.0,18300000.0,15000000.0,16.52356082573315,0.0
611210,Gianluca Mancini,D,DEF,Serie A,36,3116.0,7.011111111111111,0.0555555555555555,0.0,0.6264367816091955,0.1119583908045977,0.022975678233847,56.00039184952978,0.3888888888888889,0.8632778302885826,3.8521638801811218,0.9728535353535354,1.2104014280738418,12.0,76.0,14.0,6.333333333333333,4.0,19.0,False,15.0,4.0,False,256448.0,AS Roma,Defensa central,AS Roma,1996.0,29.0,100.0,15000000.0,14600000.0,15000000.0,16.52356082573315,0.0
754710,Umar Sadiq,F,FWD,La Liga,13,843.0,6.723076923076923,0.4285714285714285,0.0,2.1793696262805065,0.2904468086866297,0.04741795435056,17.47641122564578,0.7113856500953275,0.7110075275676299,6.1849300146457065,0.2021978021978022,1.367474983604016,7.0,472.0,70.0,67.42857142857143,2.0,14.0,False,292.0,3.0,False,337715.0,Valencia CF,Delantero centro,Valencia CF,1997.0,28.0,100.0,5000000.0,3900000.0,5000000.0,15.424948670398354,0.0
791355,Eldor Shomurodov,F,FWD,Serie A,15,957.0,6.933333333333334,0.2922183507549361,0.4632884357022288,2.013842331912385,0.5199894014800072,0.1370673820272135,21.39382041800993,1.3686913661051594,0.7827687724461918,4.137839245660306,0.2962292609351433,1.4954815114436917,5.0,131.0,28.0,26.2,2.0,93.0,False,75.0,3.0,False,358166.0,AS Roma,Delantero centro,Basaksehir FK,1995.0,30.0,100.0,5000000.0,7400000.0,5000000.0,15.424948670398354,0.0
791566,Grigoris Kastanos,M,MID,Serie A,11,564.0,6.8090909090909095,0.1203208556149732,0.1543739279588336,1.9843120451568743,0.1686765890759312,0.0859896513753691,28.738141706597933,0.7613873703901604,0.6829061289587606,5.963782351732477,0.7180610660686562,2.553767426349293,11.0,371.0,30.0,33.72727272727273,2.0,72.0,False,214.0,2.0,False,298635.0,Hellas Verona,Mediocentro,Hellas Verona,1998.0,27.0,100.0,1500000.0,1400000.0,1500000.0,14.220976332738882,0.0
791642,Josip Juranović,M,MID,Bundesliga,14,1115.0,6.864285714285714,0.0,0.0,0.3762575452716298,0.0682098591549295,0.2000769889876772,29.825810880773183,1.921688022874087,0.704179827643871,3.3701675847716617,0.5,1.6072280925604976,10.0,284.0,42.0,28.4,6.0,186.0,False,91.0,,False,362977.0,1.FC Unión Berlín,Lateral derecho,1.FC Unión Berlín,1995.0,30.0,100.0,4000000.0,2700000.0,4000000.0,15.201805169084134,0.0
791702,Marcus Thuram,F,FWD,Serie A,26,2151.0,7.411538461538461,0.5937695900045479,0.1802344485325575,2.421005549612949,0.4052737142931885,0.1633420439373807,20.45398000319628,1.6060855329566397,0.7353627929436611,4.760959744243322,0.1224696356275303,0.680123412778877,22.0,356.0,45.0,16.181818181818183,6.0,64.0,False,88.0,3.0,False,318528.0,Inter de Milán,Delantero centro,Inter de Milán,1997.0,28.0,100.0,75000000.0,52000000.0,75000000.0,18.13299868483392,0.0
791773,Álex Remiro,G,GK,La Liga,36,3240.0,6.969444444444445,0.0,0.0,0.0,,0.0010729922222222,32.666666666666664,0.0277777777777777,0.7288357438505487,0.3333333333333333,0.0,0.0277777777777777,2.0,39.0,7.0,19.5,0.0,0.0,False,31.0,2.0,False,212862.0,Real Sociedad,Portero,Real Sociedad,1995.0,30.0,100.0,18000000.0,14900000.0,18000000.0,16.705882371415992,2.4444444444444446
792073,Ferland Mendy,D,DEF,La Liga,11,900.0,6.890909090909091,0.0,0.0962566844919786,0.0,,0.0690148232641984,52.378453803032585,0.3130399012751954,0.9384631885058924,3.0312839249963703,1.0560799224325863,1.6599255737422631,25.0,1145.0,146.0,45.8,8.0,231.0,True,363.0,3.0,False,291417.0,Real Madrid CF,Lateral izquierdo,Real Madrid CF,1995.0,30.0,100.0,14000000.0,6400000.0,14000000.0,16.454567959008102,0.0
792318,Kjetil Haug,G,GK,Ligue 1,6,497.0,6.616666666666667,0.0,0.0,0.0,,0.0007456867730496,21.634751773049643,0.0,0.5931200159489634,0.0,0.0,0.0,1.0,34.0,2.0,34.0,0.0,0.0,False,34.0,4.0,False,328770.0,Toulouse FC,Portero,Go Ahead Eagles Deventer,1998.0,27.0,100.0,600000.0,485000.0,600000.0,13.304686600863562,1.6297786720321932
793167,Sander Berge,M,MID,Premier League,18,1492.0,6.916666666666667,0.0,0.0,0.1111111111111111,0.07765,0.0234948023891016,46.681006003768495,0.7333333333333333,0.9116458019043336,3.8804719813098343,1.0277777777777777,2.178267301814377,11.0,632.0,108.0,57.45454545454545,1.0,26.0,False,205.0,4.0,False,333014.0,Fulham FC,Pivote,Fulham FC,1998.0,27.0,100.0,25000000.0,26000000.0,25000000.0,17.034386422832473,0.0
789381,Chimy Ávila,F,FWD,La Liga,10,534.0,6.9,0.4727272727272728,0.0,2.594576012223071,0.4700735803412274,0.1126423786141254,26.05237412790555,1.5881898823159148,0.7516372907574733,4.611379903480864,0.1475409836065573,1.142681648568194,11.0,620.0,73.0,56.36363636363637,3.0,142.0,False,214.0,,True,167721.0,Real Betis Balompié,Delantero centro,Sin equipo,1994.0,31.0,100.0,2000000.0,1500000.0,2000000.0,14.508658238524095,0.0
789714,Finn Porath,M,MID,Bundesliga,24,1808.0,6.870833333333334,0.0833333333333333,0.125,1.3155433129911585,0.1308589371518956,0.08034271332943,24.430052658250123,0.91875,0.6880981945423645,5.317853107694318,0.8684296676810321,1.8756954417606932,14.0,455.0,39.0,32.5,3.0,87.0,False,71.0,2.0,False,241307.0,Holstein Kiel,Interior derecho,FC Schalke 04,1997.0,28.0,100.0,1700000.0,855000.0,1700000.0,14.346139397261563,0.0
790179,Cyle Larin,F,FWD,La Liga,22,1587.0,6.786363636363637,0.4356756489329869,0.0992822966507177,2.0497694606100825,0.4344474674769683,0.0228760126404545,14.74161456281736,0.3820938880443986,0.6926176096630642,5.9778245352033785,0.0,0.5791858831364781,9.0,135.0,21.0,15.0,0.0,0.0,False,28.0,3.0,False,343463.0,RCD Mallorca,Delantero centro,Southampton FC,1995.0,30.0,100.0,3500000.0,3600000.0,3500000.0,15.068273812173889,0.0
790833,Sergi Canós,M,MID,La Liga,3,164.0,6.4,0.0,0.0,0.5454545454545454,0.2505272727272727,0.0414211970261622,26.56766421983813,1.0909090909090908,0.4708994708994709,4.95219273480143,1.1283643892339543,2.802183323922454,6.0,376.0,29.0,62.66666666666666,3.0,98.0,True,212.0,2.0,False,251845.0,Valencia CF,Extremo izquierdo,Valencia CF,1997.0,28.0,100.0,1000000.0,840000.0,1000000.0,13.815511557963774,0.0
790965,Ritsu Doan,M,MID,Bundesliga,33,2801.0,7.203030303030303,0.3148395920338408,0.2208112535808096,1.9868302006121967,0.2584639343321023,0.1794809457282525,30.787037672847664,0.8398602615773878,0.7380456218747709,6.1551762099992,0.4348800363690646,2.0337433004358383,7.0,65.0,11.0,9.285714285714286,0.0,0.0,False,26.0,5.0,False,358504.0,SC Friburgo,Extremo derecho,Eintracht Fráncfort​​,1998.0,27.0,100.0,25000000.0,23000000.0,25000000.0,17.034386422832473,0.0
790989,Ko Itakura,D,DEF,Bundesliga,30,2700.0,6.883333333333334,0.1,0.0,0.6666666666666666,0.0880294117647058,0.0485673403333333,57.86666666666667,0.1666666666666666,0.8844094975042212,4.2,0.8333333333333334,1.3,13.0,320.0,51.0,24.615384615384617,4.0,89.0,False,73.0,4.0,False,355816.0,Borussia Mönchengladbach,Defensa central,Ajax de Ámsterdam,1997.0,28.0,100.0,12000000.0,10500000.0,12000000.0,16.300417291085605,0.0
791046,Dominik Greif,G,GK,La Liga,31,2790.0,7.090322580645162,0.0,0.0,0.0,,0.0029659054838709,29.483870967741936,0.0,0.6668887450074847,0.3870967741935484,0.0,0.0,6.0,76.0,10.0,12.666666666666666,1.0,5.0,False,21.0,4.0,False,316884.0,RCD Mallorca,Portero,Olympique de Lyon,1997.0,28.0,100.0,6000000.0,7600000.0,6000000.0,15.607270193858982,2.7419354838709675
791190,Rodrigo Bentancur,M,MID,Premier League,14,1087.0,7.121428571428572,0.1479591836734693,0.0,1.554731249560674,0.1440127243817542,0.0533349466478684,59.048562183814944,0.6224244505494505,0.8788703678905868,6.040765627924207,2.188148930167483,2.5498553736518805,13.0,556.0,88.0,42.76923076923077,3.0,59.0,False,255.0,4.0,False,354362.0,Tottenham Hotspur,Pivote,Tottenham Hotspur,1997.0,28.0,100.0,30000000.0,21000000.0,30000000.0,17.216707972959764,0.0
788170,Fodé Ballo-Touré,D,DEF,Ligue 1,7,527.0,6.5,0.0,0.0,0.0,,0.0221345989775586,32.62924238188426,0.1428571428571428,0.8696179832171987,4.236978676900399,0.5230640201285993,1.030426716141002,10.0,147.0,25.0,14.7,3.0,29.0,False,37.0,,True,296422.0,Le Havre AC,Lateral izquierdo,Sin equipo,1997.0,28.0,100.0,1200000.0,1100000.0,1200000.0,13.997832948091215,0.0
788197,André Ferreira,G,GK,La Liga,6,540.0,6.483333333333333,0.0,0.0,0.0,,0.0009344433333333,28.0,0.0,0.6701046972269383,0.0,0.0,0.0,3.0,134.0,20.0,44.66666666666666,0.0,0.0,False,107.0,3.0,False,290346.0,Real Valladolid CF,Portero,Moreirense FC,1996.0,29.0,100.0,700000.0,555000.0,700000.0,13.45883704259595,3.333333333333333
788216,Pablo Maffeo,D,DEF,La Liga,28,2348.0,7.007142857142857,0.0,0.0769230769230769,0.2504012841091493,0.0450213483146067,0.1351460248934329,27.510893615329746,1.133408057993291,0.7610558804665717,5.820734001231274,0.917286084701815,2.1255358323104523,11.0,264.0,38.0,24.0,2.0,47.0,False,93.0,4.0,False,251876.0,RCD Mallorca,Lateral derecho,Olympiacos El Pireo,1997.0,28.0,100.0,5000000.0,4800000.0,5000000.0,15.424948670398354,0.0
788255,Fikayo Tomori,D,DEF,Serie A,18,1566.0,6.977777777777778,0.0,0.0555555555555555,0.1111111111111111,0.0400499999999999,0.043588448857681,60.67519586079904,0.4814814814814814,0.927816721585924,4.228545687673337,1.160569140132965,2.179087658651484,7.0,169.0,33.0,24.142857142857142,1.0,66.0,False,66.0,2.0,False,303254.0,AC Milan,Defensa central,AC Milan,1997.0,28.0,100.0,20000000.0,18500000.0,20000000.0,16.811242881518265,0.0
788921,Florian Sotoca,F,FWD,Ligue 1,21,1593.0,7.080952380952381,0.0476190476190476,0.0476190476190476,2.1841300065246365,0.2779994465692739,0.1310675444489297,42.68105944992278,0.8770584792596365,0.7808335022852531,4.774885604525101,0.6190415389853593,1.0373194221508828,5.0,48.0,5.0,9.6,4.0,29.0,False,19.0,2.0,False,354726.0,RC Lens,Delantero centro,RC Lens,1990.0,35.0,100.0,2000000.0,1600000.0,2000000.0,14.508658238524095,0.0
788949,Maximilian Mittelstädt,D,DEF,Bundesliga,29,2361.0,7.420689655172413,0.0344827586206896,0.2726273771810157,0.7260751646648586,0.0737861423220973,0.2568377216665288,59.86666023716072,1.7303792334038368,0.864452003282884,5.927154828251589,1.8492825956266743,2.8731064552526053,14.0,202.0,25.0,14.428571428571429,2.0,35.0,False,31.0,3.0,False,282660.0,VfB Stuttgart,Lateral izquierdo,VfB Stuttgart,1997.0,28.0,100.0,20000000.0,19800000.0,20000000.0,16.811242881518265,0.0
789071,Dani Olmo,M,MID,La Liga,16,1007.0,7.48125,0.8830544755891436,0.2315026522773001,3.402319235989645,0.5270835862532799,0.2795122635148919,43.65667900312615,1.9038339941952256,0.8203828913748878,5.244981197669277,0.2668941450863082,1.1255579770587374,14.0,426.0,88.0,30.428571428571427,6.0,185.0,False,54.0,5.0,False,293385.0,FC Barcelona,Mediocentro ofensivo,FC Barcelona,1998.0,27.0,100.0,60000000.0,58000000.0,60000000.0,17.909855136853043,0.0
789234,Martin Erlić,D,DEF,Serie A,4,278.0,7.125,0.0,0.0,1.671641791044776,0.1310843283582089,0.0075988261097737,64.18560423688011,0.0,0.941028331979176,4.757462686567164,0.585820895522388,0.5,11.0,297.0,57.0,27.0,5.0,86.0,False,95.0,5.0,False,357003.0,Bolonia,Defensa central,FC Midtjylland,1998.0,27.0,100.0,4000000.0,3800000.0,4000000.0,15.201805169084134,0.0
787751,Robin Le Normand,D,DEF,La Liga,24,2100.0,6.958333333333333,0.0416666666666666,0.0,0.4583333333333333,0.173175,0.0421070920833333,54.875,0.1666666666666666,0.9011723172661906,4.625,0.4166666666666667,1.125,8.0,149.0,27.0,18.625,2.0,68.0,False,61.0,4.0,False,351809.0,Atlético de Madrid,Defensa central,Atlético de Madrid,1996.0,29.0,100.0,40000000.0,29000000.0,40000000.0,17.50439003707821,0.0
787885,Wilfred Ndidi,M,MID,Premier League,17,1384.0,6.952941176470588,0.0,0.2582878213378787,0.9093301038814952,0.220536710085633,0.0794444927437178,36.776304223478014,0.6066255255819188,0.8081275330632054,6.3422504623065326,0.83553387043382,3.1144865361042204,14.0,426.0,89.0,30.428571428571427,2.0,127.0,False,75.0,3.0,False,274839.0,Leicester City,Pivote,Besiktas JK,1996.0,29.0,100.0,15000000.0,9400000.0,15000000.0,16.52356082573315,0.0
787889,Lucas Tousart,M,MID,Bundesliga,8,463.0,6.825,0.0,0.25,0.8298182998053212,0.1693316028552887,0.1196402138661738,22.37335325540609,0.4130434782608695,0.6950417637917637,7.100953480584786,0.7198243233592801,2.567356099278296,7.0,166.0,21.0,23.714285714285715,2.0,80.0,False,56.0,2.0,False,353948.0,1.FC Unión Berlín,Mediocentro,Stade Brestois 29,1997.0,28.0,100.0,2500000.0,2100000.0,2500000.0,14.731801689838347,0.0
787941,Frank Anguissa,M,MID,Serie A,33,2816.0,7.093939393939394,0.1818181818181818,0.1379310344827586,1.389757340238415,0.1862294829237672,0.085945121567612,46.65421595595706,0.848283254971984,0.8495973729293642,5.378242395822247,1.0299783396627586,1.3257034451631822,17.0,352.0,60.0,20.705882352941178,4.0,59.0,False,77.0,2.0,False,354361.0,SSC Nápoles,Mediocentro,SSC Nápoles,1995.0,30.0,100.0,27000000.0,19400000.0,27000000.0,17.11134746100564,0.0
788027,Theo Hernández,D,DEF,Serie A,31,2586.0,7.235483870967742,0.1382044306257287,0.1032258064516129,1.5344733773804895,0.1294990470974808,0.1387883515710896,45.687090073307694,1.7200128657008456,0.8705649366004731,4.676784110859456,0.5548387096774193,1.2770253427503118,17.0,176.0,27.0,10.352941176470589,5.0,25.0,False,54.0,3.0,False,339808.0,AC Milan,Lateral izquierdo,Al-Hilal SFC,1997.0,28.0,100.0,35000000.0,30000000.0,35000000.0,17.370858648025116,0.0
788061,M'Bala Nzola,F,FWD,Ligue 1,17,1332.0,6.794117647058823,0.4518248265478155,0.0867888138862102,2.872119555116608,0.5256188766761958,0.0582121851366456,18.508075427597987,1.366263838863829,0.7702509412284498,4.602829923782117,0.3031674208144796,0.3005174665097609,10.0,149.0,24.0,14.9,3.0,27.0,False,48.0,2.0,False,354814.0,RC Lens,Delantero centro,Fiorentina,1996.0,29.0,100.0,6000000.0,5800000.0,6000000.0,15.607270193858982,0.0
788134,Dean Henderson,G,GK,Premier League,28,2520.0,7.0,0.0,0.0,0.0357142857142857,0.0149,0.0013502125,29.178571428571427,0.0357142857142857,0.5868874383000724,0.4642857142857143,0.0,0.0714285714285714,6.0,322.0,52.0,53.66666666666666,2.0,84.0,False,168.0,3.0,False,258919.0,Crystal Palace,Portero,Crystal Palace,1997.0,28.0,100.0,20000000.0,29000000.0,20000000.0,16.811242881518265,2.821428571428571
788141,Jon Guridi,M,MID,La Liga,27,1991.0,6.7444444444444445,0.0879629629629629,0.045662100456621,1.0168562640169558,0.2410419551797365,0.0452067131952991,29.66361329363457,0.7757946838223133,0.7341097302247404,4.443194301655269,0.6685476428406479,1.6407113224880026,9.0,633.0,68.0,70.33333333333333,2.0,9.0,False,216.0,3.0,False,289257.0,Deportivo Alavés,Mediocentro,Sevilla FC,1995.0,30.0,100.0,3000000.0,1900000.0,3000000.0,14.914123179965662,0.0
795044,Patrick Cutrone,F,FWD,Serie A,25,1863.0,7.032,0.2647169186623992,0.1508566643765029,3.181703627111093,0.3262390008502339,0.0853684149484106,18.475773446888137,0.9058752534079596,0.7651978733684617,3.2799362789343665,0.2136024844720496,0.7301986249045072,6.0,82.0,11.0,13.666666666666666,2.0,36.0,False,30.0,4.0,False,265078.0,Como 1907,Delantero centro,AC Monza,1998.0,27.0,100.0,6000000.0,4700000.0,6000000.0,15.607270193858982,0.0
795064,Trent Alexander-Arnold,D,DEF,Premier League,24,2014.0,7.35,0.0416666666666666,0.1666666666666666,1.6710645412835723,0.0982022840595309,0.273099392398456,60.31978021074584,2.0355098985447624,0.7700993207109503,3.835374408221764,1.2863495530462965,2.819857136143771,20.0,469.0,89.0,23.45,6.0,167.0,False,61.0,6.0,False,314353.0,Real Madrid CF,Lateral derecho,Real Madrid CF,1998.0,27.0,100.0,75000000.0,67000000.0,75000000.0,18.13299868483392,0.0
795222,Frenkie de Jong,M,MID,La Liga,18,1007.0,7.044444444444444,0.0641025641025641,0.0,0.3418803418803418,0.1374807692307692,0.1752500059741834,94.07833050247083,2.201291894740412,0.9503443460038956,3.618867174523694,0.6679292929292929,1.200833916701704,21.0,795.0,106.0,37.85714285714285,6.0,272.0,False,163.0,4.0,False,326330.0,FC Barcelona,Mediocentro,FC Barcelona,1997.0,28.0,100.0,45000000.0,42000000.0,45000000.0,17.622173069956816,0.0
796047,Aleix García,M,MID,Bundesliga,16,1265.0,7.4625,0.1875,0.2608577040593627,0.8573867421718854,0.1148018654230513,0.2312646486906717,74.08575317604355,2.0024006983849847,0.9099689624788596,1.722404890992212,0.6732078039927405,0.7357078039927405,1.0,15.0,2.0,15.0,0.0,0.0,False,15.0,4.0,False,261504.0,Bayer 04 Leverkusen,Mediocentro,Bayer 04 Leverkusen,1997.0,28.0,100.0,20000000.0,21000000.0,20000000.0,16.811242881518265,0.0
796081,Ibrahima Wadji,F,FWD,Ligue 1,5,274.0,6.5,0.0,0.0,1.9180124223602484,0.1751500776397515,0.0150414367641755,15.642456421558803,0.5806451612903226,0.8547619047619047,5.298657583650571,0.4,2.394930875576037,13.0,505.0,62.0,38.84615384615385,8.0,413.0,False,90.0,2.0,False,364232.0,AS Saint-Étienne,Delantero centro,Turan-Tovuz IK,1995.0,30.0,100.0,700000.0,620000.0,700000.0,13.45883704259595,0.0
796143,Alex Palmer,G,GK,Premier League,4,360.0,7.25,0.0,0.0,0.0,,0.001617535,25.75,0.25,0.6916685736079329,0.5,0.0,0.0,0.0,0.0,0.0,0.0,0.0,0.0,False,0.0,3.0,False,245625.0,Ipswich Town,Portero,Ipswich Town,1996.0,29.0,100.0,1000000.0,905000.0,1000000.0,13.815511557963774,3.75
796206,Kristijan Jakić,M,MID,Bundesliga,28,2255.0,6.875,0.0,0.0,0.6514360639360639,0.0511888041958042,0.0689955397139939,39.73662668744636,0.5673701298701299,0.8215574254793939,4.728431233144348,1.189172523035228,1.855661142136552,19.0,485.0,60.0,25.526315789473685,7.0,175.0,False,124.0,3.0,False,374954.0,FC Augsburgo,Pivote,FC Augsburgo,1997.0,28.0,100.0,6500000.0,5600000.0,6500000.0,15.687312888712007,0.0
796320,Joseph Aidoo,D,DEF,La Liga,8,582.0,6.3375,0.0,0.0,0.125,0.0363,0.0094264934474671,55.63696060037523,0.0,0.8690563449572106,2.632739212007505,0.7621951219512195,0.6852720450281427,6.0,307.0,43.0,51.16666666666666,1.0,258.0,False,258.0,,True,358250.0,Real Valladolid CF,Defensa central,Sin equipo,1995.0,30.0,100.0,1200000.0,930000.0,1200000.0,13.997832948091215,0.0
794948,Óscar Rodríguez,M,MID,La Liga,18,1153.0,6.838888888888889,0.0555555555555555,0.1685823754789271,2.0087207594769603,0.1617106330987456,0.0950684000533765,31.589862410369456,0.8562360610739407,0.7533665273414928,6.414147457936871,1.2524019253504433,1.6842878342478462,4.0,140.0,13.0,35.0,0.0,0.0,False,81.0,,False,284884.0,CD Leganés,Mediocentro ofensivo,Al-Diriyah FC,1998.0,27.0,100.0,2000000.0,1600000.0,2000000.0,14.508658238524095,0.0
794949,Iñaki Peña,G,GK,La Liga,16,1395.0,7.0,0.0,0.0,0.0,,0.00024141875,35.875,0.0,0.8776051645074341,0.125,0.0,0.0,5.0,172.0,10.0,34.4,0.0,0.0,False,122.0,4.0,False,283170.0,FC Barcelona,Portero,Panathinaikos,1999.0,26.0,100.0,8000000.0,4500000.0,8000000.0,15.894952224644102,2.3225806451612905
794950,Carles Pérez,M,MID,La Liga,17,1203.0,6.788235294117648,0.3143107989464442,0.0,2.57022465068123,0.2280548403871609,0.0730477265076519,17.383866462756206,1.1463138232358978,0.7065436904007057,4.80975355713463,0.3749924893348555,1.934389142342429,20.0,367.0,45.0,18.35,4.0,54.0,False,62.0,2.0,False,282810.0,Getafe CF,Extremo derecho,RC Celta de Vigo,1998.0,27.0,100.0,2000000.0,1700000.0,2000000.0,14.508658238524095,0.0
794953,Kevin Danso,D,DEF,Ligue 1,15,1338.0,7.206666666666666,0.0,0.0,0.8769230769230769,0.0822384615384615,0.0295864407692307,67.73846153846154,0.4769230769230769,0.8610189119210239,5.553846153846154,1.4769230769230768,1.4769230769230768,14.0,321.0,41.0,22.928571428571427,6.0,143.0,True,46.0,5.0,False,263236.0,Tottenham Hotspur,Defensa central,Tottenham Hotspur,1998.0,27.0,100.0,25000000.0,19400000.0,25000000.0,17.034386422832473,0.0
794995,Niklas Dorsch,M,MID,Bundesliga,18,1246.0,6.822222222222222,0.0,0.0714285714285714,0.5739135035409428,0.0665440080026419,0.1264528526201081,45.693036820744666,0.8119988629687097,0.8750320108520665,4.060003372992615,1.1104818661013285,1.7538188562441783,17.0,589.0,70.0,34.64705882352941,3.0,106.0,False,95.0,3.0,False,251302.0,1.FC Heidenheim 1846,Pivote,1.FC Heidenheim 1846,1998.0,27.0,100.0,3500000.0,2800000.0,3500000.0,15.068273812173889,0.0
795000,Felix Passlack,M,MID,Bundesliga,27,2081.0,6.725925925925925,0.037037037037037,0.2051261308632986,0.9814069412904506,0.0881031737869884,0.1282779914011133,28.45353883408331,0.9238963354391808,0.6959656832661901,3.573907714614448,0.7184244842781428,2.0409715769470376,8.0,75.0,8.0,9.375,2.0,24.0,False,29.0,4.0,False,274461.0,VfL Bochum,Lateral derecho,Hibernian FC,1998.0,27.0,100.0,2000000.0,750000.0,2000000.0,14.508658238524095,0.0
795004,Dennis Geiger,M,MID,Bundesliga,8,571.0,6.5625,0.0,0.0,0.7711038961038961,0.0730709956709956,0.0512407362362026,46.17463947828092,1.2880818247965955,0.8848957320386033,3.93176604840298,1.2960526315789471,2.394603974304019,38.0,1327.0,137.0,34.921052631578945,8.0,381.0,False,212.0,2.0,False,251309.0,TSG 1899 Hoffenheim,Mediocentro,TSG 1899 Hoffenheim,1998.0,27.0,100.0,2000000.0,1600000.0,2000000.0,14.508658238524095,0.0
795005,Salih Özcan,M,MID,Bundesliga,8,555.0,6.9875,0.0,0.0,0.5174050632911392,0.1404261603375527,0.0997810347120699,54.67487520057051,1.5,0.7693878389252035,6.521683900873596,2.4534230700659654,1.568260830807631,12.0,127.0,17.0,10.583333333333334,3.0,50.0,True,42.0,4.0,False,244940.0,Borussia Dortmund,Pivote,Besiktas JK,1998.0,27.0,100.0,4000000.0,3400000.0,4000000.0,15.201805169084134,0.0
794373,Carlens Arcus,D,DEF,Ligue 1,25,2006.0,6.776,0.0,0.04,0.12,0.039,0.0603159114953835,34.68146790718501,0.7340777193280164,0.8284619314214318,5.03254072260859,1.1669612844116175,2.297147891004034,4.0,120.0,17.0,30.0,3.0,76.0,False,44.0,2.0,False,371686.0,Angers SCO,Lateral derecho,Angers SCO,1996.0,29.0,100.0,1800000.0,1900000.0,1800000.0,14.403297778421797,0.0
794412,Vincent Sierro,M,MID,Ligue 1,28,2380.0,7.028571428571429,0.1881624241326207,0.0361155698234349,1.2547496481608609,0.2527059863120404,0.1284490748290057,47.93867981528972,1.061501313486978,0.806279280058365,4.502349482438791,0.6389866291344124,1.775016528463704,19.0,620.0,82.0,32.63157894736842,1.0,29.0,False,126.0,2.0,False,280387.0,Toulouse FC,Mediocentro,Al-Shabab FC,1995.0,30.0,100.0,4000000.0,3500000.0,4000000.0,15.201805169084134,0.0
794465,Dimitry Bertaud,G,GK,Ligue 1,4,360.0,6.725,0.0,0.0,0.0,,0.0008519549999999,23.5,0.0,0.7148522603485838,0.0,0.0,0.0,1.0,208.0,26.0,208.0,0.0,0.0,False,208.0,,False,371816.0,Montpellier HSC,Portero,Forge FC,1998.0,27.0,100.0,1000000.0,930000.0,1000000.0,13.815511557963774,2.5
794839,Gabriel Jesus,F,FWD,Premier League,6,487.0,7.3,0.5173765351450222,0.0,2.627711000783904,0.5638917219754377,0.0899104784905496,24.25953749673373,1.625,0.8014334045584045,4.732166187614319,0.1744186046511628,1.0929579304938597,20.0,812.0,137.0,40.6,6.0,424.0,True,319.0,2.0,False,363205.0,Arsenal FC,Delantero centro,Arsenal FC,1997.0,28.0,100.0,32000000.0,21000000.0,32000000.0,17.281246492014,0.0
794861,Jailson,D,DEF,La Liga,8,573.0,6.775,0.0,0.0,0.775,0.0680733333333333,0.0159059025714285,70.69285714285715,0.0,0.9099606770078906,5.417857142857143,1.475,2.1357142857142857,3.0,504.0,68.0,168.0,2.0,242.0,True,262.0,,True,366948.0,RC Celta de Vigo,Pivote,Sin equipo,1995.0,30.0,100.0,1000000.0,775000.0,1000000.0,13.815511557963774,0.0
794927,Arthur,M,MID,La Liga,13,898.0,6.892307692307692,0.0,0.0,0.549642718157204,0.0506003388174509,0.0528860763491735,68.44940681418235,0.3872082973206568,0.9267550128650532,5.468378403755908,0.7306988515279438,2.549211408672777,5.0,295.0,52.0,59.0,1.0,213.0,False,213.0,6.0,False,977464.0,Bayer 04 Leverkusen,Lateral derecho,Bayer 04 Leverkusen,2003.0,22.0,100.0,7000000.0,4200000.0,7000000.0,15.76142084987672,0.0
794937,Carles Aleñá,M,MID,La Liga,18,1394.0,7.005555555555556,0.0,0.1149425287356322,1.0893639762794802,0.1747287365739392,0.0878799345291493,31.715210857997167,1.3241132631706738,0.7957894642884511,5.064446006500855,0.1123595505617977,1.359850468110386,4.0,164.0,8.0,41.0,1.0,29.0,False,98.0,4.0,False,284854.0,Deportivo Alavés,Mediocentro,Deportivo Alavés,1998.0,27.0,100.0,2500000.0,3300000.0,2500000.0,14.731801689838347,0.0
794939,Marc Cucurella,D,DEF,Premier League,24,2065.0,6.958333333333333,0.125,0.0421348314606741,0.5838014981273408,0.1981258426966292,0.0853242273900086,51.226765481794494,0.6441109440504974,0.8909011429389729,4.228079439985457,0.8055984357311927,2.0212197246688013,7.0,237.0,31.0,33.857142857142854,1.0,78.0,False,78.0,7.0,False,284857.0,Chelsea FC,Lateral izquierdo,Real Madrid CF,1998.0,27.0,100.0,35000000.0,52000000.0,35000000.0,17.370858648025116,0.0
793645,Riccardo Orsolini,M,MID,Serie A,25,1792.0,7.216,0.6315498767030171,0.1858823529411764,3.2388462793269777,0.4851330875257341,0.0803304498675313,26.34573383917284,1.1048172815726085,0.6946540150185071,5.599956179186799,0.398061395383077,0.7354316348536194,12.0,272.0,27.0,22.666666666666668,4.0,104.0,False,43.0,2.0,False,368482.0,Bolonia,Extremo derecho,Bolonia,1997.0,28.0,100.0,25000000.0,26000000.0,25000000.0,17.034386422832473,0.0
793761,Mamadou Sylla,F,FWD,La Liga,18,1392.0,6.744444444444444,0.3521685669572993,0.115079365079365,1.0367618017061964,0.5749684638389446,0.0303415145138221,14.052027646039896,0.6934384082271406,0.6505547327915749,4.662088400357626,0.2149499365712214,0.4417562724014336,4.0,149.0,22.0,37.25,1.0,13.0,False,99.0,,False,166683.0,Real Valladolid CF,Delantero centro,Al-Riyadh SC,1994.0,31.0,100.0,1200000.0,1100000.0,1200000.0,13.997832948091215,0.0
793986,Mile Svilar,G,GK,Serie A,38,3420.0,7.189473684210526,0.0,0.0,0.0263157894736842,0.0451,0.0009046542105263,33.89473684210526,0.0,0.7558428291574588,0.3684210526315789,0.0,0.0,6.0,68.0,12.0,11.333333333333334,0.0,0.0,False,32.0,5.0,False,338670.0,AS Roma,Portero,AS Roma,1999.0,26.0,100.0,25000000.0,33000000.0,25000000.0,17.034386422832473,3.1052631578947367
793988,Orel Mangala,M,MID,Premier League,15,1236.0,6.926666666666667,0.0674157303370786,0.0,1.1990094204447006,0.094745644390222,0.0452829866160043,33.5252511569418,0.688984357788059,0.8887409637364312,3.5987290050431264,1.3388865761262505,1.2207503166136462,16.0,658.0,70.0,41.125,4.0,348.0,True,308.0,3.0,False,289592.0,Olympique de Lyon,Pivote,Olympique de Lyon,1998.0,27.0,100.0,18000000.0,9600000.0,18000000.0,16.705882371415992,0.0
794254,Florinel Coman,F,FWD,Serie A,4,157.0,6.725,0.0,0.0,2.1334310850439886,0.1842697947214076,0.0194539609970674,30.417888563049853,0.7258064516129032,0.7791666666666667,5.718475073313783,0.0,1.4076246334310851,9.0,296.0,59.0,32.888888888888886,3.0,38.0,False,86.0,2.0,False,340982.0,Cagliari,Extremo izquierdo,Al-Gharafa SC,1998.0,27.0,100.0,5000000.0,3600000.0,5000000.0,15.424948670398354,0.0
794294,Andreas Hanche-Olsen,D,DEF,Bundesliga,13,1119.0,6.9692307692307685,0.1538461538461538,0.0769230769230769,0.5384615384615384,0.11978,0.0461089758241758,42.44505494505495,0.2307692307692307,0.7991045065241326,5.17032967032967,1.0,1.4615384615384617,11.0,399.0,60.0,36.27272727272727,5.0,214.0,False,141.0,3.0,False,370683.0,1.FSV Mainz 05,Defensa central,1.FSV Mainz 05,1997.0,28.0,100.0,6000000.0,3800000.0,6000000.0,15.607270193858982,0.0
794298,Deniz Undav,F,FWD,Bundesliga,21,1619.0,7.142857142857143,0.4506952341053723,0.1523809523809524,3.7536927212505096,0.5470780865895952,0.176842107852169,28.916200870707627,1.1853925507498129,0.7214364257000457,3.3423311615486595,0.1531531531531531,0.5197644320263766,8.0,237.0,39.0,29.625,6.0,101.0,False,97.0,4.0,False,339314.0,VfB Stuttgart,Delantero centro,VfB Stuttgart,1996.0,29.0,100.0,20000000.0,18500000.0,20000000.0,16.811242881518265,0.0
794338,Daichi Kamada,M,MID,Premier League,11,806.0,6.872727272727272,0.0,0.0,0.8696653569976968,0.1147609239940387,0.1059494298934228,37.17393791336403,1.4318948777470508,0.8178610010135567,3.967777112429824,1.191431658324697,2.509936772520302,12.0,171.0,29.0,14.25,2.0,12.0,False,51.0,2.0,False,356141.0,Crystal Palace,Mediocentro ofensivo,Crystal Palace,1996.0,29.0,100.0,12000000.0,12400000.0,12000000.0,16.300417291085605,0.0
800417,Ola Aina,D,DEF,Premier League,28,2445.0,6.932142857142857,0.0718298555377207,0.0357142857142857,0.3099250936329588,0.0856751203852327,0.0559468210432975,31.24876808922972,0.3932584269662921,0.7881409895548511,4.605761704482675,1.110945501796224,2.003305816708706,11.0,386.0,65.0,35.09090909090909,2.0,58.0,False,117.0,3.0,False,236490.0,Nottingham Forest,Lateral derecho,Nottingham Forest,1996.0,29.0,100.0,22000000.0,18200000.0,22000000.0,16.906553056777135,0.0
800419,Tyler Adams,M,MID,Premier League,11,881.0,6.972727272727273,0.0,0.2727272727272727,0.2130257801899593,0.0731783582089552,0.0220899761198251,47.47030933178846,0.6675712347354138,0.834891588258887,6.4638874457757565,1.9847990346061783,4.395671911519639,18.0,717.0,122.0,39.833333333333336,5.0,283.0,False,159.0,3.0,False,332705.0,AFC Bournemouth,Pivote,AFC Bournemouth,1999.0,26.0,100.0,18000000.0,26000000.0,18000000.0,16.705882371415992,0.0
800749,Matvey Safonov,G,GK,Ligue 1,10,878.0,6.9,0.0,0.0,0.0,,0.0006599849705882,27.370588235294115,0.0,0.789982602013831,0.1,0.1,0.0,7.0,221.0,28.0,31.571428571428573,2.0,9.0,False,100.0,4.0,False,318470.0,París Saint-Germain FC,Portero,París Saint-Germain FC,1999.0,26.0,100.0,20000000.0,15900000.0,20000000.0,16.811242881518265,1.742596810933941
800951,Julian Ryerson,D,DEF,Bundesliga,26,2132.0,6.880769230769231,0.0800382456356794,0.1153846153846153,0.6438541576048062,0.0703166982496889,0.1730384238115288,45.069095500575,1.4460239918509628,0.8731179477952646,4.195202967884833,0.944491943184443,1.8764931018000648,19.0,235.0,33.0,12.36842105263158,9.0,130.0,False,60.0,3.0,False,370789.0,Borussia Dortmund,Lateral derecho,Borussia Dortmund,1997.0,28.0,100.0,20000000.0,18900000.0,20000000.0,16.811242881518265,0.0
801030,Atakan Karazor,M,MID,Bundesliga,30,2516.0,7.113333333333333,0.0666666666666666,0.1333333333333333,0.5169842918222047,0.1873832420705259,0.0866099098281523,62.9872173016011,0.5476704556272729,0.869022699904549,6.554647926985384,1.0698712110597357,2.1099542058287044,11.0,96.0,11.0,8.727272727272727,1.0,14.0,False,18.0,3.0,False,232320.0,VfB Stuttgart,Pivote,VfB Stuttgart,1996.0,29.0,100.0,12000000.0,9900000.0,12000000.0,16.300417291085605,0.0
801211,Selim Amallah,M,MID,La Liga,20,1310.0,6.805,0.1650276782806903,0.0529411764705882,1.519508607270334,0.3450359706765863,0.0628764641682318,23.663636443988224,0.780357455851355,0.8105915000032647,6.1534560294076925,0.7691361179764697,1.9304182810787625,8.0,272.0,44.0,34.0,0.0,0.0,False,80.0,,False,377219.0,Real Valladolid CF,Mediocentro ofensivo,Khor Fakkan SSC,1996.0,29.0,100.0,1600000.0,1500000.0,1600000.0,14.285514812209817,0.0
801263,Jakub Kamiński,M,MID,Bundesliga,12,960.0,6.816666666666666,0.0,0.1889671361502347,0.9960777322160812,0.1179188931054682,0.2465396542697747,26.037632970820702,1.745171450644797,0.7283056456643918,2.523206751054852,1.0949367088607591,1.3333333333333333,3.0,32.0,4.0,10.666666666666666,2.0,25.0,False,17.0,6.0,False,407098.0,VfL Wolfsburgo,Extremo izquierdo,SL Benfica,2002.0,23.0,100.0,5000000.0,10900000.0,5000000.0,15.424948670398354,0.0
801280,Florian Ayé,F,FWD,Ligue 1,4,264.0,6.65,0.0,0.0,0.9834360271013354,0.0782238069520817,0.0175449630142871,15.42787706205813,0.2960526315789473,0.7323717948717948,3.964582924194815,0.6318735271013354,0.2960526315789473,7.0,190.0,22.0,27.142857142857142,1.0,62.0,False,62.0,3.0,False,372713.0,AJ Auxerre,Delantero centro,Servette FC,1997.0,28.0,100.0,1200000.0,1900000.0,1200000.0,13.997832948091215,0.0
799046,Waldemar Anton,D,DEF,Bundesliga,21,1799.0,7.214285714285714,0.0952380952380952,0.1428571428571428,0.8095238095238095,0.15169,0.0856879702728732,84.6896736222579,0.2862493311931514,0.9078509944874776,5.527019796682718,1.381487426431247,1.478330658105939,17.0,216.0,26.0,12.705882352941176,3.0,53.0,False,32.0,3.0,False,193004.0,Borussia Dortmund,Defensa central,Borussia Dortmund,1996.0,29.0,100.0,18000000.0,19700000.0,18000000.0,16.705882371415992,0.0
799054,Djibril Sow,M,MID,La Liga,25,1995.0,6.976,0.125,0.04,0.924864980243716,0.1659327340812943,0.0701263467722015,42.00687594280769,1.0418342215287468,0.8942812979084539,4.485842531060121,1.1681256258161414,1.1293558106884851,21.0,454.0,74.0,21.61904761904762,6.0,140.0,False,89.0,4.0,False,212723.0,Sevilla FC,Mediocentro,Sevilla FC,1997.0,28.0,100.0,7500000.0,7100000.0,7500000.0,15.830413711839864,0.0
799195,Aleksandar Sedlar,D,DEF,La Liga,7,579.0,6.785714285714286,0.0,0.0,0.1428571428571428,0.0267,0.0042301994021335,34.375345192536834,0.0,0.8154495131385887,4.705342248762913,1.455107447748013,2.6178981454224317,1.0,238.0,29.0,238.0,1.0,238.0,False,238.0,,True,237499.0,Deportivo Alavés,Defensa central,Sin equipo,1991.0,34.0,100.0,300000.0,260000.0,300000.0,12.611541086966117,0.0
799216,Pedro Chirivella,M,MID,Ligue 1,27,2164.0,6.885185185185185,0.0,0.0749158249158249,0.2824518134975651,0.0842588886059474,0.0902049185910026,59.3846637352302,0.701110699587754,0.8397710882562701,2.7999688988782148,0.7431367621566184,1.6128323263435949,5.0,127.0,24.0,25.4,2.0,22.0,False,49.0,2.0,False,242273.0,FC Nantes,Pivote,Panathinaikos,1997.0,28.0,100.0,5000000.0,5400000.0,5000000.0,15.424948670398354,0.0
799251,Mathias Jensen,M,MID,Premier League,9,626.0,7.011111111111111,0.0,0.1111111111111111,0.6114307633294975,0.0601708573072497,0.1488925898230079,37.61133716413571,1.595602731062549,0.809476428766668,4.799830913094261,1.1583283102270443,1.1410226062255888,7.0,341.0,53.0,48.71428571428572,4.0,126.0,False,106.0,2.0,False,319859.0,Brentford FC,Mediocentro,Brentford FC,1996.0,29.0,100.0,14000000.0,12500000.0,14000000.0,16.454567959008102,0.0
800252,Tim Skarke,M,MID,Bundesliga,16,848.0,6.64375,0.0,0.0922131147540983,1.3632632362744592,0.2882602337660769,0.0810376027904174,23.13171008991461,1.0914448918861486,0.7001410048285048,4.197328674647691,0.487017868681346,1.211782080154597,10.0,282.0,34.0,28.2,0.0,0.0,False,113.0,,False,287920.0,1.FC Unión Berlín,Delantero centro,1.FC Unión Berlín,1996.0,29.0,100.0,2000000.0,1700000.0,2000000.0,14.508658238524095,0.0
800400,Sirlord Conteh,F,FWD,Bundesliga,13,607.0,6.646153846153847,0.0,0.0,1.5751193777759245,0.3946059410861118,0.1018757262293022,20.691808934693185,1.282148591446504,0.7168363687594457,3.0906718800456945,0.2036199095022624,0.7512692958613262,17.0,593.0,74.0,34.88235294117647,3.0,17.0,False,118.0,2.0,False,307183.0,1.FC Heidenheim 1846,Extremo derecho,1.FC Heidenheim 1846,1996.0,29.0,100.0,1500000.0,1600000.0,1500000.0,14.220976332738882,0.0
800408,Suat Serdar,M,MID,Serie A,18,1299.0,6.805555555555555,0.1292959626292959,0.0555555555555555,2.107571668246805,0.175178780567838,0.0284021885584048,28.52658597536723,0.5229555279741454,0.7615297119656934,5.647604303320263,0.5365754993055596,2.602143637898452,26.0,795.0,89.0,30.57692307692308,5.0,128.0,False,147.0,3.0,False,261905.0,Hellas Verona,Mediocentro,Hellas Verona,1997.0,28.0,100.0,4500000.0,3200000.0,4500000.0,15.319588176962746,0.0
798147,Mërgim Vojvoda,D,DEF,Serie A,22,1703.0,6.890909090909091,0.0693374422187981,0.0909090909090909,0.5307650172013604,0.097610460695209,0.0925524817703734,52.70888839423164,1.1189920408961562,0.8549000547943336,2.6502787448135505,0.4405687894992707,1.1985294031481717,13.0,189.0,29.0,14.538461538461538,6.0,78.0,False,33.0,3.0,False,336125.0,Como 1907,Lateral derecho,Udinese,1995.0,30.0,100.0,3000000.0,3200000.0,3000000.0,14.914123179965662,0.0
798306,Arthur Desmas,G,GK,Ligue 1,18,1620.0,6.861111111111111,0.0,0.0,0.0,,0.0008525333333333,24.944444444444443,0.0555555555555555,0.7611344922055375,0.4444444444444444,0.0,0.0,6.0,100.0,13.0,16.666666666666668,1.0,4.0,False,28.0,,False,379869.0,Le Havre AC,Portero,Al-Duhail SC,1994.0,31.0,100.0,1200000.0,940000.0,1200000.0,13.997832948091215,3.166666666666667
798583,Dayot Upamecano,D,DEF,Bundesliga,19,1671.0,7.368421052631579,0.1058545239503252,0.0,0.6848018923713779,0.1212430337078651,0.0607039115054203,96.2924620808093,0.3684210526315789,0.9349991541607148,5.696580504403797,1.7744987161847263,1.845834345150172,27.0,448.0,82.0,16.59259259259259,9.0,150.0,False,111.0,5.0,False,344695.0,Bayern Múnich,Defensa central,Bayern Múnich,1998.0,27.0,100.0,50000000.0,65000000.0,50000000.0,17.72753358339242,0.0
798820,Artem Dovbyk,F,FWD,Serie A,29,2366.0,6.972413793103448,0.4823283347624118,0.0705693664795509,2.3207681321451665,0.5662158767399141,0.0548976046513164,15.576811213584405,0.9106090892699972,0.7556336215058324,2.523962195756576,0.0709939148073022,0.1538913399407581,16.0,613.0,77.0,38.3125,8.0,132.0,True,232.0,4.0,False,343537.0,AS Roma,Delantero centro,AS Roma,1997.0,28.0,100.0,30000000.0,13900000.0,30000000.0,17.216707972959764,0.0
798835,Giovani Lo Celso,M,MID,La Liga,18,1235.0,7.4944444444444445,0.3507653995458873,0.2885785153251048,1.9330058281277795,0.3258052091534043,0.3050160851787599,54.47189039218804,2.756983727632756,0.8520392949113815,7.206836070002668,0.3009009009009009,2.1689957396447683,20.0,643.0,112.0,32.15,8.0,267.0,True,85.0,3.0,False,348795.0,Real Betis Balompié,Mediocentro ofensivo,Real Betis Balompié,1996.0,29.0,100.0,15000000.0,14600000.0,15000000.0,16.52356082573315,0.0
798926,Cedric Zesiger,D,DEF,Bundesliga,21,1747.0,6.928571428571429,0.0,0.0952380952380952,0.6642607944597094,0.2070457949750671,0.0676806443760742,40.13498912686808,0.4138554592504833,0.7692618428303364,3.75845610035085,1.2407226886645772,1.3753680312665202,8.0,155.0,34.0,19.375,1.0,6.0,False,78.0,6.0,False,382478.0,FC Augsburgo,Defensa central,BSC Young Boys,1998.0,27.0,100.0,7000000.0,4900000.0,7000000.0,15.76142084987672,0.0
798936,Benedikt Gimber,D,DEF,Bundesliga,31,2587.0,6.748387096774193,0.0,0.0,0.4838709677419355,0.0844999999999999,0.0155261722200734,43.89575083554505,0.0967741935483871,0.8164461443288855,6.249756184266751,1.0206663303159411,2.1925381465147877,8.0,363.0,35.0,45.375,1.0,35.0,True,93.0,3.0,False,227084.0,1.FC Heidenheim 1846,Defensa central,1.FC Heidenheim 1846,1997.0,28.0,100.0,3000000.0,2600000.0,3000000.0,14.914123179965662,0.0
799041,Tomáš Souček,M,MID,Premier League,23,1828.0,7.021739130434782,0.2240802675585284,0.0434782608695652,2.019581400366814,0.2319820099255583,0.0550074430893565,34.45274394288028,0.6667925342539648,0.727517845382981,6.211163069565571,0.7363890564175668,1.4844837984538626,3.0,50.0,3.0,16.666666666666668,0.0,0.0,False,34.0,2.0,False,283628.0,West Ham United,Pivote,West Ham United,1995.0,30.0,100.0,18000000.0,11600000.0,18000000.0,16.705882371415992,0.0
796358,Diadié Samassékou,M,MID,Bundesliga,5,282.0,6.82,0.0,0.0,0.7571428571428571,0.0353428571428571,0.0407649686608594,44.470034843205575,0.0,0.9215335850939566,4.871428571428572,1.3390243902439023,1.65,16.0,316.0,40.0,19.75,4.0,115.0,False,53.0,1.5,False,315604.0,TSG 1899 Hoffenheim,Pivote,Houston Dynamo FC,1996.0,29.0,100.0,1000000.0,970000.0,1000000.0,13.815511557963774,0.0
796372,Falaye Sacko,D,DEF,Ligue 1,15,1190.0,6.433333333333334,0.0,0.0666666666666666,0.0,,0.0187597288106963,42.79096475799622,0.6680867695915575,0.8348470827649607,2.180610383688359,0.901439645625692,0.9465572275421796,4.0,132.0,22.0,33.0,0.0,0.0,False,55.0,2.0,False,364857.0,Montpellier HSC,Lateral derecho,Neftchi PFK,1995.0,30.0,100.0,1500000.0,1300000.0,1500000.0,14.220976332738882,0.0
796987,Mattias Svanberg,M,MID,Bundesliga,15,1138.0,6.8133333333333335,0.3329918907383696,0.0,1.895847394659381,0.4962604593792175,0.0635289129442561,24.87519517404202,0.7754195840087594,0.7455226076544862,4.702727702605197,1.0014645928002472,1.4846792177994064,12.0,299.0,34.0,24.916666666666668,4.0,191.0,True,72.0,2.0,False,342405.0,VfL Wolfsburgo,Mediocentro,VfL Wolfsburgo,1999.0,26.0,100.0,12000000.0,9300000.0,12000000.0,16.300417291085605,0.0
797286,Aarón Martín,D,DEF,Serie A,35,3020.0,7.065714285714286,0.0,0.2829493087557603,0.4664950664950665,0.064060725010725,0.1816857962776035,34.323921695215645,1.9468674805391009,0.7995379082218089,3.6899792248106857,0.549034749034749,1.9458379728042647,4.0,62.0,9.0,15.5,2.0,43.0,False,28.0,2.0,False,251878.0,Génova,Lateral izquierdo,Génova,1997.0,28.0,100.0,6500000.0,6800000.0,6500000.0,15.687312888712007,0.0
797290,Alfonso Pedraza,D,DEF,La Liga,4,321.0,6.775,0.0,0.3082191780821918,0.8891015310233683,0.1282967902229385,0.0242504603565672,28.052276390008057,0.8082191780821918,0.7497959964299376,3.654411764705882,1.1391015310233683,0.5808823529411764,12.0,525.0,74.0,43.75,3.0,301.0,False,182.0,4.0,False,356197.0,Villarreal CF,Lateral izquierdo,SS Lazio,1996.0,29.0,100.0,2500000.0,2400000.0,2500000.0,14.731801689838347,0.0
797291,Unai Simón,G,GK,La Liga,21,1890.0,7.066666666666667,0.0,0.0,0.0,,0.0021635028571428,26.61904761904762,0.0,0.6761944571278742,0.4285714285714285,0.0476190476190476,0.0,5.0,229.0,36.0,45.8,1.0,126.0,False,126.0,4.0,False,262396.0,Athletic Club,Portero,Athletic Club,1997.0,28.0,100.0,28000000.0,24000000.0,28000000.0,17.147715103853763,2.2857142857142856
797306,Mouctar Diakhaby,D,DEF,La Liga,8,616.0,7.175,0.3189655172413793,0.0,1.4902153670551483,0.244140078697585,0.0066570304976326,46.53488075213264,0.1939655172413793,0.8406128505139212,4.932833901537907,1.190766550522648,1.0689655172413794,12.0,866.0,119.0,72.16666666666667,3.0,431.0,False,326.0,2.0,False,346289.0,Valencia CF,Defensa central,Valencia CF,1996.0,29.0,100.0,2000000.0,2900000.0,2000000.0,14.508658238524095,0.0
798124,Rasmus Nicolaisen,D,DEF,Ligue 1,7,624.0,7.057142857142857,0.0,0.1428571428571428,0.7142857142857143,0.10665,0.0257762836734693,55.41836734693878,0.2857142857142857,0.8750596943396101,5.173469387755103,1.4387755102040816,0.8571428571428571,3.0,453.0,51.0,151.0,1.0,295.0,True,295.0,4.0,False,283227.0,Toulouse FC,Defensa central,Toulouse FC,1997.0,28.0,100.0,4500000.0,5200000.0,4500000.0,15.319588176962746,0.0
807648,Yeray Álvarez,D,DEF,La Liga,20,1780.0,7.135,0.05,0.0,0.45,0.0689142857142857,0.0202499578571428,59.47857142857144,0.2,0.8408056562551947,4.807142857142857,1.7142857142857142,1.25,23.0,691.0,96.0,30.043478260869566,4.0,186.0,False,191.0,3.0,False,255488.0,Athletic Club,Defensa central,Athletic Club,1995.0,30.0,100.0,7000000.0,1000000.0,7000000.0,15.76142084987672,0.0
808590,Leon Bailey,M,MID,Premier League,16,1035.0,6.81875,0.0625,0.087890625,2.2731544130734456,0.1516311236594466,0.2365938232090285,27.633556065098148,1.1383443702508265,0.7777115027859997,4.193562188213613,0.2412515762925599,0.4826423576423576,26.0,579.0,94.0,22.26923076923077,6.0,71.0,False,68.0,2.0,False,387626.0,Aston Villa,Extremo derecho,Aston Villa,1997.0,28.0,100.0,28000000.0,15000000.0,28000000.0,17.147715103853763,0.0
809034,Douglas Augusto,M,MID,Ligue 1,27,2225.0,7.025925925925925,0.1128337639965547,0.0767195767195767,1.3716611947955886,0.1638781748348629,0.0494853937772836,46.362301843977406,0.6024648341721511,0.8586486839303172,5.4379446201017565,1.3280351878648562,2.6302880502336228,10.0,350.0,41.0,35.0,4.0,90.0,False,141.0,3.0,False,393621.0,FC Nantes,Mediocentro,FK Krasnodar,1997.0,28.0,100.0,6000000.0,6800000.0,6000000.0,15.607270193858982,0.0
809276,Jacob Bruun Larsen,M,MID,Bundesliga,8,534.0,6.8375,0.4910714285714285,0.0,1.6389958713930233,0.4088225698377371,0.2041490610525822,28.187082454289733,1.4599989277600036,0.7143408674658674,3.65768496622927,0.0,0.7674050632911392,16.0,607.0,95.0,37.9375,1.0,14.0,False,190.0,4.0,False,293281.0,VfB Stuttgart,Extremo izquierdo,Burnley FC,1998.0,27.0,100.0,5000000.0,5400000.0,5000000.0,15.424948670398354,0.0
810526,Gautier Larsonneur,G,GK,Ligue 1,33,2943.0,7.042424242424243,0.0,0.0,0.0,,0.0012978152380952,31.662337662337663,0.0303030303030303,0.6125374607421753,0.6796536796536796,0.0,0.0303030303030303,2.0,60.0,8.0,30.0,1.0,37.0,False,37.0,3.0,False,357047.0,AS Saint-Étienne,Portero,AS Saint-Étienne,1997.0,28.0,100.0,3000000.0,3100000.0,3000000.0,14.914123179965662,4.00611620795107
810535,Tino Kadewere,M,MID,Ligue 1,6,452.0,6.833333333333333,0.1875,0.3370786516853932,1.3804777935270494,0.4620213058114811,0.0797756398634027,26.191837740917407,1.1220395461555408,0.7518726741095162,5.484629529353369,0.8265562248995985,2.183097558774424,18.0,660.0,104.0,36.66666666666666,5.0,199.0,False,148.0,3.0,False,384060.0,FC Nantes,Delantero centro,Aris de Salónica,1996.0,29.0,100.0,2500000.0,1900000.0,2500000.0,14.731801689838347,0.0
811629,Luis Milla,M,MID,La Liga,31,2713.0,7.119354838709677,0.032258064516129,0.1305326331582895,0.9439257404712624,0.0821356335641569,0.1627428024883258,41.6635868082896,2.1455386436970687,0.7921729438928725,4.97961593959794,0.6491935483870968,1.96986237168789,6.0,373.0,47.0,62.16666666666666,0.0,0.0,False,152.0,4.0,False,281989.0,Getafe CF,Mediocentro,Como 1907,1994.0,31.0,100.0,3500000.0,3200000.0,3500000.0,15.068273812173889,0.0
812145,Dennis Man,M,MID,Serie A,26,1896.0,6.834615384615384,0.1769550615704462,0.1380776757489086,1.8043712622887207,0.2560155505441568,0.1386859916534542,34.14815604639101,2.117124569340104,0.8116237624008291,2.910179100676896,0.3785774525494633,0.693514153727975,16.0,380.0,53.0,23.75,4.0,51.0,False,91.0,4.0,False,397486.0,Parma,Extremo derecho,PSV Eindhoven,1998.0,27.0,100.0,10000000.0,13600000.0,10000000.0,16.118095750958314,0.0
805078,Mathías Olivera,D,DEF,Serie A,28,2314.0,7.096428571428571,0.0,0.0718298555377207,0.6394452204771973,0.1129604332836825,0.0355086903313984,52.12393357591691,1.0529501347675196,0.8371515142549221,4.9799137232045165,1.0662083379733809,2.3658303713162288,21.0,403.0,55.0,19.19047619047619,4.0,136.0,False,76.0,5.0,False,376514.0,SSC Nápoles,Lateral izquierdo,SSC Nápoles,1997.0,28.0,100.0,20000000.0,17400000.0,20000000.0,16.811242881518265,0.0
805123,Yoane Wissa,F,FWD,Premier League,24,2004.0,7.166666666666667,0.5877463054187192,0.0863095238095238,2.6853174549037733,0.6716433717195889,0.0427741518628232,18.59290823991672,0.78431320682717,0.8095337958824801,3.681310248946036,0.3013698630136986,0.5164769367238321,4.0,204.0,44.0,51.0,1.0,36.0,False,114.0,4.0,False,388165.0,Brentford FC,Delantero centro,Newcastle United,1996.0,29.0,100.0,32000000.0,28000000.0,32000000.0,17.281246492014,0.0
805137,Omar Alderete,D,DEF,La Liga,32,2811.0,7.040625,0.03125,0.0,1.1171688098086126,0.0783877582644628,0.0281203363076694,32.96706317096216,0.349025974025974,0.6123738782652586,5.4130805581802095,1.1301916325740822,1.3273610580595874,8.0,118.0,20.0,14.75,2.0,14.0,False,39.0,4.0,False,353032.0,Getafe CF,Defensa central,Sunderland AFC,1996.0,29.0,100.0,8000000.0,15900000.0,8000000.0,15.894952224644102,0.0
805465,Pervis Estupiñán,D,DEF,Premier League,18,1543.0,6.972222222222222,0.0,0.0555555555555555,0.6720867208672087,0.0599634146341463,0.0996568128832752,48.68544328300426,0.9552845528455284,0.878082093314895,5.520760743321719,1.1204994192799071,2.4563492063492065,14.0,492.0,75.0,35.142857142857146,4.0,259.0,False,140.0,5.0,False,349599.0,Brighton & Hove Albion,Lateral izquierdo,AC Milan,1998.0,27.0,100.0,30000000.0,12900000.0,30000000.0,17.216707972959764,0.0
806076,Ludovic Blas,F,FWD,Ligue 1,26,2188.0,7.25,0.2422138836772983,0.3428710851636274,2.222140584919693,0.2227558733859899,0.2102294316037409,32.00394670582205,1.866102027603129,0.8146904177856105,5.675575437031632,0.513992178846719,1.4332642540803886,3.0,68.0,6.0,22.666666666666668,1.0,37.0,False,37.0,2.0,False,288225.0,Stade Rennais FC,Interior derecho,Stade Rennais FC,1997.0,28.0,100.0,18000000.0,9300000.0,18000000.0,16.705882371415992,0.0
807116,Antonio Raíllo,D,DEF,La Liga,36,3209.0,7.141666666666668,0.0555555555555555,0.0,0.9764957264957264,0.0910622377622377,0.0267701367536415,49.5423137113278,0.3611111111111111,0.8820625390104586,4.836403033586133,0.8098290598290598,0.8611111111111112,4.0,290.0,40.0,72.5,1.0,66.0,False,171.0,2.0,False,278296.0,RCD Mallorca,Defensa central,RCD Mallorca,1991.0,34.0,100.0,1800000.0,1600000.0,1800000.0,14.403297778421797,0.0
807291,Pedro Pereira,M,MID,Serie A,32,2652.0,6.625,0.0,0.1141826923076923,0.4185173101546341,0.0879609825130055,0.0489202231111789,32.0687742617572,0.5177282227287667,0.8157591645519964,3.526083101146944,0.715445735266367,1.792000255184651,6.0,72.0,12.0,12.0,0.0,0.0,False,23.0,2.0,False,314965.0,AC Monza,Lateral derecho,Genclerbirligi Ankara,1998.0,27.0,100.0,1500000.0,1100000.0,1500000.0,14.220976332738882,0.0
807295,Alessandro Vogliacco,D,DEF,Serie A,19,1455.0,6.768421052631578,0.131578947368421,0.0,0.3947368421052631,0.3244499999999999,0.0158307623091325,46.54035781152486,0.2105263157894736,0.8538807336300553,3.4107551487414187,0.6475972540045767,1.236842105263158,3.0,74.0,10.0,24.666666666666668,3.0,74.0,False,43.0,2.0,False,330208.0,Génova,Defensa central,Génova,1998.0,27.0,100.0,2800000.0,2400000.0,2800000.0,14.845130332288226,0.0
803031,Matthijs de Ligt,D,DEF,Premier League,22,1795.0,6.972727272727273,0.0924764890282131,0.0,0.7694820391043958,0.1974088578232616,0.0125500389007433,60.47224800983631,0.2288401253918495,0.9027316305202888,4.155715386294069,1.478744075437865,1.2544041454115928,21.0,561.0,94.0,26.714285714285715,6.0,117.0,False,212.0,4.0,False,326031.0,Manchester United,Defensa central,Manchester United,1999.0,26.0,100.0,38000000.0,42000000.0,38000000.0,17.453096744006448,0.0
803033,Teun Koopmeiners,M,MID,Serie A,26,1957.0,7.042307692307692,0.2055109070034443,0.1538461538461538,1.8577621704246643,0.2136403412701886,0.167423272481854,38.60582251990336,1.8920821114369504,0.8649181229067444,3.1479527307897355,0.3678321678321679,1.4083819934692487,12.0,236.0,35.0,19.666666666666668,6.0,153.0,False,53.0,4.0,False,360518.0,Juventus de Turín,Pivote,Juventus de Turín,1998.0,27.0,100.0,35000000.0,18900000.0,35000000.0,17.370858648025116,0.0
803039,Donyell Malen,M,MID,Bundesliga,9,516.0,6.833333333333333,0.4418580477902511,0.0,3.0337128613778925,0.5502610163492045,0.0673951334777925,25.497415311021392,0.3174603174603174,0.7571210324833513,3.1087684864446685,0.0,0.3809523809523809,11.0,449.0,43.0,40.81818181818182,4.0,44.0,False,242.0,5.0,False,326029.0,Aston Villa,Delantero centro,AS Roma,1999.0,26.0,100.0,25000000.0,27000000.0,25000000.0,17.034386422832473,0.0
803174,Antonee Robinson,D,DEF,Premier League,27,2430.0,7.17037037037037,0.0,0.3703703703703703,0.5925925925925926,0.0573666666666666,0.1191705177777777,47.333333333333336,1.2962962962962965,0.7984804628357616,5.592592592592593,1.7407407407407407,2.6296296296296298,16.0,443.0,68.0,27.6875,4.0,123.0,True,112.0,3.0,False,349701.0,Fulham FC,Lateral izquierdo,Fulham FC,1997.0,28.0,100.0,35000000.0,27000000.0,35000000.0,17.370858648025116,0.0
803185,Lukas Nmecha,F,FWD,Bundesliga,4,253.0,6.75,0.3,0.0,1.9214285714285717,0.6917238095238094,0.0735496017857142,18.3,0.6571428571428571,0.6270833333333333,5.257142857142857,0.5,0.5,14.0,736.0,77.0,52.57142857142857,6.0,443.0,False,213.0,2.0,False,314288.0,VfL Wolfsburgo,Delantero centro,Leeds United,1998.0,27.0,100.0,3000000.0,9100000.0,3000000.0,14.914123179965662,0.0
804472,Pablo Rosario,M,MID,Ligue 1,20,1667.0,6.92,0.1725806451612903,0.05,0.9244487850660944,0.3196789373873791,0.0370095804795073,37.37645813399316,0.85883016522126,0.8448083635985574,3.60388541165142,1.5136688748986793,1.5363986519017814,7.0,100.0,16.0,14.285714285714286,2.0,43.0,False,28.0,4.0,False,370791.0,OGC Niza,Pivote,FC Oporto,1997.0,28.0,100.0,8000000.0,7800000.0,8000000.0,15.894952224644102,0.0
804621,Lassana Coulibaly,M,MID,Serie A,36,2653.0,6.725,0.0277777777777777,0.0,0.2777777777777778,0.1233142857142857,0.0214901970224551,32.647162045674804,0.462962962962963,0.8126790823950769,4.785321114521548,0.5929125170853111,1.4632125534384282,9.0,190.0,28.0,21.11111111111111,2.0,17.0,False,59.0,2.0,False,386552.0,US Lecce,Mediocentro,US Lecce,1996.0,29.0,100.0,2500000.0,2600000.0,2500000.0,14.731801689838347,0.0
801306,Pierre Lees Melou,M,MID,Ligue 1,19,1506.0,7.226315789473683,0.1052631578947368,0.1052631578947368,1.4567830817830818,0.0986121235521235,0.1228662912987936,62.27914919362288,1.1776315789473684,0.8603916748222714,5.656987216197742,0.7677717019822282,2.9327741959320908,13.0,447.0,50.0,34.38461538461539,2.0,195.0,False,158.0,2.0,False,377393.0,Stade Brestois 29,Pivote,Paris FC,1993.0,32.0,100.0,6000000.0,4700000.0,6000000.0,15.607270193858982,0.0
801411,Derek Cornelius,D,DEF,Ligue 1,17,1355.0,6.9,0.0,0.0,0.6156325543916197,0.1480358121330724,0.0266676594207608,88.12418465823743,0.2805429864253393,0.9330813276497814,4.281989187988331,0.808484378665633,1.390993830961599,3.0,235.0,41.0,78.33333333333333,1.0,33.0,False,181.0,3.0,False,328609.0,Olympique de Marsella,Defensa central,Olympique de Marsella,1997.0,28.0,100.0,5000000.0,2700000.0,5000000.0,15.424948670398354,0.0
801837,Íñigo Lekue,D,DEF,La Liga,8,676.0,6.7,0.0,0.0,0.0,,0.0502109496651785,39.140625,0.765625,0.8008725156965257,3.0267857142857144,1.140625,1.6986607142857142,8.0,381.0,50.0,47.625,2.0,13.0,False,206.0,,False,255501.0,Athletic Club,Lateral derecho,Retirado,1993.0,32.0,100.0,2000000.0,1100000.0,2000000.0,14.508658238524095,0.0
802034,Fabien Centonze,D,DEF,Ligue 1,4,227.0,6.875,0.0,0.0,0.0,,0.173948388125,42.890625,2.109375,0.7095391577147793,5.875,0.953125,3.25,14.0,512.0,56.0,36.57142857142857,6.0,202.0,False,102.0,2.0,False,384859.0,FC Nantes,Lateral derecho,FC Nantes,1996.0,29.0,100.0,1800000.0,1100000.0,1800000.0,14.403297778421797,0.0
802137,Maxime Bernauer,D,DEF,Ligue 1,9,720.0,6.633333333333334,0.0,0.0,0.1111111111111111,0.0161,0.0136939744444444,59.55555555555556,0.1111111111111111,0.8683254222279064,3.333333333333333,0.4444444444444444,1.3333333333333333,3.0,145.0,18.0,48.333333333333336,0.0,0.0,False,103.0,2.0,False,324819.0,AS Saint-Étienne,Defensa central,AS Saint-Étienne,1998.0,27.0,100.0,2000000.0,1700000.0,2000000.0,14.508658238524095,0.0
802142,Jonathan Ikoné,M,MID,Serie A,8,502.0,6.7625,0.4084507042253521,0.0,2.7275810612337126,0.2659846904959166,0.080933937786115,24.53901248399488,0.5493697478991597,0.8155674622511807,3.414714221155812,0.0,1.5603275401069518,10.0,168.0,27.0,16.8,4.0,64.0,False,50.0,2.0,False,324690.0,Como 1907,Extremo derecho,Paris FC,1998.0,27.0,100.0,7000000.0,3800000.0,7000000.0,15.76142084987672,0.0
802143,Kelvin Amian,D,DEF,Ligue 1,23,1930.0,6.869565217391305,0.0434782608695652,0.0,0.3069053708439898,0.1680862745098039,0.0724509694736795,28.62148867063667,0.5353040020713271,0.809223486337376,4.405436858153094,0.5896124336022034,2.5240258462764857,5.0,265.0,22.0,53.0,1.0,30.0,False,121.0,3.0,False,344072.0,FC Nantes,Lateral derecho,FC Nantes,1998.0,27.0,100.0,2500000.0,2600000.0,2500000.0,14.731801689838347,0.0
802149,Yann Karamoh,F,FWD,Serie A,11,754.0,6.545454545454546,0.0,0.1319648093841642,1.9810417223512704,0.1169460085252139,0.0497758698776568,21.29795109988952,0.8231938260168534,0.7439659755449228,2.7789095974817077,0.0,0.4861555697823304,12.0,259.0,35.0,21.58333333333333,2.0,22.0,False,93.0,,True,324804.0,Torino FC,Extremo izquierdo,Sin equipo,1998.0,27.0,100.0,1800000.0,1500000.0,1800000.0,14.403297778421797,0.0
822519,Éder Militão,D,DEF,La Liga,11,920.0,7.272727272727272,0.0909090909090909,0.0909090909090909,0.9090909090909092,0.10585,0.0150918359090909,67.60227272727273,0.5568181818181818,0.8843920335252058,5.0227272727272725,1.0,1.7386363636363635,16.0,849.0,159.0,53.0625,5.0,485.0,True,234.0,3.0,False,401530.0,Real Madrid CF,Defensa central,Real Madrid CF,1998.0,27.0,100.0,30000000.0,26000000.0,30000000.0,17.216707972959764,0.0
822564,Finn Dahmen,G,GK,Bundesliga,19,1710.0,7.263157894736842,0.0,0.0,0.0,,0.0026890994736842,37.26315789473684,0.0,0.6820993048724516,0.3684210526315789,0.0,0.0526315789473684,2.0,153.0,9.0,76.5,2.0,153.0,False,123.0,2.0,False,251299.0,FC Augsburgo,Portero,FC Augsburgo,1998.0,27.0,100.0,9000000.0,12500000.0,9000000.0,16.012735246411598,3.4210526315789473
822594,Julián Chicco,M,MID,La Liga,3,193.0,6.8,0.0,0.3333333333333333,0.9375,0.0916874999999999,0.0902913707453051,38.4181338028169,0.3333333333333333,0.8244114559904033,3.868544600938967,0.755868544600939,2.6901408450704225,2.0,201.0,20.0,100.5,0.0,0.0,False,145.0,2.0,False,401583.0,CD Leganés,Pivote,Asteras Aktor,1998.0,27.0,100.0,500000.0,515000.0,500000.0,13.122365377402328,0.0
822600,Exequiel Palacios,M,MID,Bundesliga,14,1000.0,7.3428571428571425,0.0,0.3995643201100665,1.2703585935882775,0.2963483653823313,0.1690378912735507,75.55181796184516,2.125555431867024,0.8851305850336377,3.7795527082011273,0.8230337078651686,1.4368210832804509,20.0,592.0,110.0,29.6,7.0,102.0,False,94.0,5.0,False,401578.0,Bayer 04 Leverkusen,Mediocentro,Bayer 04 Leverkusen,1998.0,27.0,100.0,40000000.0,31000000.0,40000000.0,17.50439003707821,0.0
822607,Tomás Conechny,M,MID,La Liga,11,708.0,6.6909090909090905,0.1048951048951048,0.0,2.4093292605308254,0.3380003278483811,0.0928524345754402,27.428483172954305,0.7120435916542474,0.6378803052241713,4.976987729042041,0.7980474054345563,1.3358186213876506,1.0,47.0,6.0,47.0,1.0,47.0,False,47.0,4.5,False,401571.0,Deportivo Alavés,Extremo izquierdo,Racing Club,1998.0,27.0,100.0,1800000.0,2000000.0,1800000.0,14.403297778421797,0.0
822708,Amadou Haidara,M,MID,Bundesliga,19,1199.0,6.868421052631579,0.0,0.0845864661654135,1.0509468703088918,0.190494406280803,0.0748352716242682,59.53888188757341,0.3521831687652867,0.8001955233811189,4.826057111423364,1.0955997067644372,1.9037197956610292,9.0,348.0,52.0,38.66666666666666,2.0,110.0,True,99.0,4.0,False,402008.0,RB Leipzig,Mediocentro,RC Lens,1998.0,27.0,100.0,16000000.0,5800000.0,16000000.0,16.588099342704055,0.0
822877,Alexis Claude-Maurice,F,FWD,Bundesliga,27,2047.0,7.155555555555555,0.4193479510552682,0.1152263374485596,2.5759260181769945,0.2411355794985422,0.0813228035120941,27.309686714524695,0.8949164086390496,0.8448584193489295,5.825089741001579,0.5312162502674601,1.7596058099219418,5.0,345.0,28.0,69.0,0.0,0.0,False,131.0,2.0,False,384593.0,FC Augsburgo,Mediocentro ofensivo,FC Augsburgo,1998.0,27.0,100.0,12000000.0,12900000.0,12000000.0,16.300417291085605,0.0
823085,Kyle Walker-Peters,D,DEF,Premier League,26,2292.0,6.757692307692308,0.0,0.0769230769230769,0.6275094414629299,0.0489804134366925,0.0819569141102958,46.14958107193031,0.855098389982111,0.9011041589183484,4.319055752638724,0.5384615384615384,1.3681513598738668,7.0,154.0,21.0,22.0,0.0,0.0,False,47.0,3.0,False,341051.0,Southampton FC,Lateral derecho,West Ham United,1997.0,28.0,100.0,15000000.0,12100000.0,15000000.0,16.52356082573315,0.0
818481,Jhon Lucumí,D,DEF,Serie A,31,2603.0,6.922580645161291,0.0,0.032258064516129,0.4225019669551534,0.0627251219512195,0.0234907224454175,69.29897228892659,0.2580645161290322,0.9112126285764378,4.3649401857039,0.9289360451131838,1.8169353046124204,5.0,177.0,30.0,35.4,3.0,100.0,False,57.0,2.0,False,413565.0,Bolonia,Defensa central,Bolonia,1998.0,27.0,100.0,22000000.0,26000000.0,22000000.0,16.906553056777135,0.0
818986,Gabriel Suazo,M,MID,Ligue 1,23,1931.0,7.160869565217391,0.0,0.2216330858960763,0.3069053708439898,0.2107676470588235,0.1992723445386094,41.26225448855998,1.3375139445013906,0.8248200857688358,5.296021300518897,1.4456354186654377,2.496367316873563,7.0,102.0,18.0,14.571428571428571,2.0,25.0,False,26.0,3.0,False,385105.0,Toulouse FC,Lateral izquierdo,Sevilla FC,1997.0,28.0,100.0,4000000.0,7600000.0,4000000.0,15.201805169084134,0.0
821728,Jonathan Clauss,M,MID,Ligue 1,27,2221.0,7.362962962962962,0.1185185185185185,0.3582909494001043,1.0569251707112957,0.1610917821776944,0.2601374859092691,40.464568977185,2.1459857284428745,0.7632214374811092,3.48312632376745,1.7456409027336577,2.075526601606426,6.0,101.0,16.0,16.833333333333332,3.0,55.0,False,28.0,3.0,False,175639.0,OGC Niza,Lateral derecho,OGC Niza,1992.0,33.0,100.0,5000000.0,4099999.0,5000000.0,15.424948670398354,0.0
822110,Deiver Machado,D,DEF,Ligue 1,19,1651.0,6.942105263157895,0.0526315789473684,0.2129742962056303,1.1733170134638922,0.1800317352415026,0.1325082062223702,35.07111023111815,0.9166606667146664,0.8531967800384306,5.114774281805746,0.7012383900928792,1.7143962848297212,13.0,362.0,57.0,27.846153846153847,7.0,160.0,False,95.0,,True,332560.0,RC Lens,Lateral izquierdo,Sin equipo,1993.0,32.0,100.0,3000000.0,2100000.0,3000000.0,14.914123179965662,0.0
822340,Phillip Tietz,F,FWD,Bundesliga,20,1361.0,7.045,0.3583770552554076,0.0681818181818181,2.701173752434045,0.4011223611990824,0.0794365766538923,25.529098643982252,1.1515292408563662,0.6043549696643501,6.612035735199491,0.1608108108108108,0.5888388568426152,7.0,170.0,21.0,24.285714285714285,0.0,0.0,False,128.0,3.0,False,288340.0,FC Augsburgo,Delantero centro,1.FSV Mainz 05,1997.0,28.0,100.0,5000000.0,3400000.0,5000000.0,15.424948670398354,0.0
822470,Samuel Chukwueze,M,MID,Serie A,12,775.0,7.058333333333334,0.3125,0.1666666666666666,3.3666776104169998,0.341342303502713,0.1824648442361132,33.19603343584668,2.180640191569733,0.817710004229612,5.522002866654819,0.0,1.4259906759906762,13.0,334.0,55.0,25.692307692307693,5.0,77.0,False,162.0,3.0,False,401922.0,AC Milan,Extremo derecho,AC Milan,1999.0,26.0,100.0,10000000.0,15500000.0,10000000.0,16.118095750958314,0.0
822485,Marin Šverko,D,DEF,Serie A,12,982.0,6.733333333333333,0.0,0.0,0.1764705882352941,0.0908470588235294,0.0289894656645497,44.39908787173138,0.2570281124497992,0.8578487824888293,4.338540410687824,1.18776404318573,1.5182071295111692,21.0,793.0,78.0,37.76190476190476,4.0,77.0,False,123.0,3.0,False,282169.0,Venezia FC,Defensa central,Venezia FC,1998.0,27.0,100.0,1000000.0,1400000.0,1000000.0,13.815511557963774,0.0
822518,Dodô,D,DEF,Serie A,34,3029.0,6.997058823529412,0.0,0.1236268802191723,0.7657200811359026,0.0678262452107279,0.1234748210643526,39.10743409171401,1.012362834370948,0.796710745940185,4.869760338827276,1.0096509868315142,1.2789193002174748,9.0,227.0,40.0,25.22222222222222,3.0,167.0,False,123.0,2.0,False,401529.0,Fiorentina,Lateral derecho,Fiorentina,1998.0,27.0,100.0,24000000.0,19500000.0,24000000.0,16.993564429978885,0.0
814882,Nikola Moro,M,MID,Serie A,16,1163.0,7.11875,0.0,0.146455223880597,0.9486750811621992,0.0554383622075661,0.0796279386312385,56.26820228554728,1.5219835055921616,0.8178250683895366,4.883282308264989,1.0031579807602502,2.672061986085032,3.0,202.0,30.0,67.33333333333333,0.0,0.0,False,181.0,2.0,False,316934.0,Bolonia,Pivote,Bolonia,1998.0,27.0,100.0,4500000.0,6700000.0,4500000.0,15.319588176962746,0.0
815202,Ionuț Radu,G,GK,Serie A,15,1350.0,7.006666666666666,0.0,0.0,0.0,,0.0018658413333333,32.13333333333333,0.0,0.5531173807448401,0.2,0.0,0.0,7.0,461.0,60.0,65.85714285714286,0.0,0.0,False,232.0,4.0,False,303657.0,Venezia FC,Portero,RC Celta de Vigo,1997.0,28.0,100.0,2500000.0,4900000.0,2500000.0,14.731801689838347,3.2
815612,Marco Grüll,F,FWD,Bundesliga,13,949.0,6.923076923076923,0.4389120534524066,0.1033295063145809,1.4159332644812206,0.2779516787742898,0.1019445018616025,19.408131908322822,0.6502398220636298,0.7964531813216025,4.525421258522045,0.269826149083115,0.9172001872961898,4.0,38.0,6.0,9.5,2.0,22.0,False,16.0,,False,391766.0,SV Werder Bremen,Extremo izquierdo,SV Werder Bremen,1998.0,27.0,100.0,4000000.0,6500000.0,4000000.0,15.201805169084134,0.0
816763,Pablo Fornals,M,MID,La Liga,22,1685.0,7.0181818181818185,0.0909090909090909,0.0,1.086347955326296,0.1026161462936754,0.1364331431095742,53.36394494138287,1.8723713380587168,0.8315421934796592,2.5025704452624105,1.012847062278694,0.9524593192507084,4.0,86.0,17.0,21.5,2.0,66.0,False,37.0,4.0,False,357885.0,Real Betis Balompié,Mediocentro,Real Betis Balompié,1996.0,29.0,100.0,6000000.0,8400000.0,6000000.0,15.607270193858982,0.0
817957,Christian Pulišić,M,MID,Serie A,30,2390.0,7.36,0.3966737816961372,0.3754746835443037,1.9889515528934965,0.4916493252054187,0.2266095514299985,33.34091730006117,2.484058610817766,0.8316591776608735,4.528741067878485,0.2092827004219409,1.5425356338191591,37.0,719.0,97.0,19.43243243243243,4.0,59.0,False,157.0,2.0,False,315779.0,AC Milan,Extremo derecho,AC Milan,1998.0,27.0,100.0,50000000.0,54000000.0,50000000.0,17.72753358339242,0.0
817979,Axel Tuanzebe,D,DEF,Premier League,13,1074.0,6.623076923076923,0.0,0.0865384615384615,0.3339397089397089,0.0743399774774774,0.0112807417361032,36.33650253961263,0.324812382739212,0.8747374445118381,3.6977155535695063,1.5622161598113915,1.9258405070748317,14.0,828.0,126.0,59.142857142857146,4.0,100.0,False,195.0,,True,342046.0,Ipswich Town,Defensa central,Sin equipo,1997.0,28.0,100.0,5000000.0,4600000.0,5000000.0,15.424948670398354,0.0
818073,Joe Aribo,M,MID,Premier League,23,1680.0,6.791304347826086,0.1304347826086956,0.0,0.765919651028383,0.2993194013544832,0.0621314175729897,44.64591944088661,0.6205510437468965,0.8773913445339153,5.560173695771648,0.8311248359779088,2.166769010772054,4.0,128.0,24.0,32.0,0.0,0.0,False,62.0,,True,468198.0,Southampton FC,Mediocentro,Sin equipo,1996.0,29.0,100.0,6000000.0,3000000.0,6000000.0,15.607270193858982,0.0
818244,Ousmane Dembélé,F,FWD,Ligue 1,18,1394.0,8.033333333333333,1.031753325279381,0.4307159790220835,4.944941781831036,0.8535265318258387,0.3617907190781253,45.65961390605025,3.1760536498303327,0.839158407345665,3.5987339239193776,0.5258544321734777,0.5485153883406523,32.0,994.0,174.0,31.0625,8.0,94.0,False,192.0,3.0,False,288230.0,París Saint-Germain FC,Delantero centro,París Saint-Germain FC,1997.0,28.0,100.0,90000000.0,97000000.0,90000000.0,18.31532023940565,0.0
812533,Mehdi Taremi,F,FWD,Serie A,10,613.0,7.05,0.2903225806451613,0.2232876712328767,2.1656591050030265,0.7371148853178037,0.0763412161244147,23.84455385124328,1.7263389168997345,0.8187989787989787,4.240599751591543,0.0,0.566589861751152,6.0,102.0,18.0,17.0,3.0,68.0,False,42.0,2.0,False,307058.0,Inter de Milán,Delantero centro,Olympiacos El Pireo,1992.0,33.0,100.0,3500000.0,2600000.0,3500000.0,15.068273812173889,0.0
812946,Christian Kouamé,F,FWD,Serie A,14,938.0,6.942857142857143,0.0714285714285714,0.1428571428571428,1.877066877960654,0.3354101027038453,0.072944528833112,25.724952267656423,1.3541621558980146,0.6571510711307935,10.571439802416164,0.0959488272921108,1.4109799954247295,7.0,645.0,68.0,92.14285714285714,2.0,262.0,True,233.0,2.0,False,337725.0,Empoli FC,Delantero centro,Aris de Salónica,1997.0,28.0,100.0,4000000.0,1900000.0,4000000.0,15.201805169084134,0.0
814023,Eray Cömert,D,DEF,La Liga,21,1734.0,6.523809523809524,0.0,0.0,0.4986568906941934,0.1407937342786338,0.0055733543676414,47.04285989091714,0.0,0.8552855106303635,3.342575562413971,1.167128489326765,1.3090794617411152,13.0,377.0,49.0,29.0,0.0,0.0,False,156.0,,True,298583.0,Real Valladolid CF,Defensa central,Sin equipo,1998.0,27.0,100.0,2000000.0,2700000.0,2000000.0,14.508658238524095,0.0
814589,Giuseppe Pezzella,M,MID,Serie A,35,2887.0,6.762857142857143,0.0,0.0956445993031358,0.4543312558129591,0.0451400720896006,0.1350216955607577,23.778585505826804,1.1477529598932772,0.70410048144614,4.41302154234709,0.4433673469387755,1.7756191710605798,16.0,362.0,50.0,22.625,2.0,126.0,False,123.0,3.0,False,336960.0,Empoli FC,Lateral izquierdo,US Cremonese,1997.0,28.0,100.0,2500000.0,2600000.0,2500000.0,14.731801689838347,0.0
814590,Marcus Rashford,M,MID,Premier League,16,1044.0,7.08125,0.2847753827558421,0.3125,2.0272822182618078,0.2727674473232362,0.3087222375012494,32.2827043616635,2.157963011133689,0.7837871602333943,3.105279316100628,0.4088970324237737,0.876384971796938,17.0,431.0,58.0,25.352941176470587,4.0,68.0,False,142.0,3.0,False,258923.0,Aston Villa,Extremo izquierdo,Manchester United,1997.0,28.0,100.0,50000000.0,38000000.0,50000000.0,17.72753358339242,0.0
814594,Achraf Hakimi,D,DEF,Ligue 1,24,2051.0,7.791666666666667,0.1666666666666666,0.2083333333333333,1.370967741935484,0.1796282732447818,0.2351988343055192,82.98799189353926,2.25346919141399,0.909596251289126,4.614157582206138,1.3363291877186163,2.0685035222858645,8.0,202.0,35.0,25.25,0.0,0.0,False,67.0,4.0,False,398073.0,París Saint-Germain FC,Lateral derecho,París Saint-Germain FC,1998.0,27.0,100.0,80000000.0,82000000.0,80000000.0,18.197537205138158,0.0
814735,Timo Becker,D,DEF,Bundesliga,28,2327.0,6.6571428571428575,0.0,0.0714285714285714,0.5714285714285714,0.113325,0.033155774291472,32.80087646343804,0.2142857142857142,0.7603890168440964,3.99672125903653,0.6185784658691063,2.06955729000064,12.0,369.0,40.0,30.75,4.0,136.0,False,85.0,4.0,False,282349.0,Holstein Kiel,Defensa central,FC Schalke 04,1997.0,28.0,100.0,1500000.0,1500000.0,1500000.0,14.220976332738882,0.0
814873,Vitaly Janelt,M,MID,Premier League,25,1993.0,6.916,0.0404494382022471,0.12,0.5093354142081208,0.0957748804110203,0.07689080046728,40.73576321461192,0.5756000228558369,0.8517069173298917,2.943504266895053,1.1153078192556034,1.4781586556011748,6.0,465.0,39.0,77.5,1.0,138.0,True,138.0,5.0,False,270171.0,Brentford FC,Pivote,Brentford FC,1998.0,27.0,100.0,20000000.0,18600000.0,20000000.0,16.811242881518265,0.0
826167,Sebastiaan Bornauw,D,DEF,Bundesliga,9,752.0,6.877777777777777,0.2222222222222222,0.3125,0.9791666666666666,0.256678125,0.0155819511111111,37.67361111111112,0.3125,0.7796833888637167,4.979166666666667,1.5347222222222223,1.0,12.0,435.0,47.0,36.25,5.0,133.0,False,124.0,4.0,False,338629.0,VfL Wolfsburgo,Defensa central,Leeds United,1999.0,26.0,100.0,6000000.0,7800000.0,6000000.0,15.607270193858982,0.0
826171,Senne Lynen,M,MID,Bundesliga,30,2582.0,6.826666666666667,0.0,0.0337078651685393,0.8591286793764134,0.0775046294121283,0.0395013933521323,43.32476463458294,0.2794591797946271,0.8227310773483064,4.350908901426477,2.173963794582386,2.3925590671508306,4.0,325.0,36.0,81.25,1.0,16.0,False,272.0,,False,338668.0,SV Werder Bremen,Pivote,SV Werder Bremen,1999.0,26.0,100.0,9000000.0,9100000.0,9000000.0,16.012735246411598,0.0
826185,Raoul Bellanova,M,MID,Serie A,33,2462.0,6.996969696969697,0.0,0.262025012025012,0.6215479486864712,0.0812191091086919,0.1681272198033532,34.36344417106806,1.2562440526463128,0.8345035332109765,3.7000477200807422,0.583084321741309,0.8433318164964438,7.0,122.0,24.0,17.428571428571427,0.0,0.0,False,51.0,4.0,False,357992.0,Atalanta de Bérgamo,Interior derecho,Atalanta de Bérgamo,2000.0,25.0,100.0,24000000.0,17500000.0,24000000.0,16.993564429978885,0.0
826186,Luca Pellegrini,D,DEF,Serie A,10,792.0,7.109999999999999,0.0,0.3,1.557792207792208,0.078004365079365,0.1015491317207792,44.51038961038961,1.701298701298701,0.8037975811695878,4.587662337662338,1.797077922077922,2.169805194805195,27.0,675.0,86.0,25.0,8.0,67.0,False,141.0,2.0,False,346567.0,SS Lazio,Lateral izquierdo,SS Lazio,1999.0,26.0,100.0,3000000.0,3400000.0,3000000.0,14.914123179965662,0.0
826188,Alessandro Bastoni,D,DEF,Serie A,31,2384.0,7.264516129032257,0.032258064516129,0.1976845731868479,0.4759488655565007,0.085536651704605,0.1091460320166772,77.10840158326525,1.0859686998184894,0.9010673701677738,5.198822725011807,0.8070664490117059,1.8091226080967848,17.0,197.0,28.0,11.588235294117649,3.0,30.0,False,56.0,3.0,False,315853.0,Inter de Milán,Defensa central,Inter de Milán,1999.0,26.0,100.0,80000000.0,65000000.0,80000000.0,18.197537205138158,0.0
826195,Matteo Gabbia,D,DEF,Serie A,24,2126.0,7.058333333333334,0.0833333333333333,0.0,0.5029761904761905,0.0969114285714285,0.0104887142928141,60.12870768789443,0.0868473895582329,0.9136645072657452,3.0826807228915665,0.6285140562248995,0.9148235800344234,12.0,237.0,36.0,19.75,3.0,55.0,True,52.0,4.0,False,323167.0,AC Milan,Defensa central,AC Milan,1999.0,26.0,100.0,14000000.0,21000000.0,14000000.0,16.454567959008102,0.0
826198,Andrea Pinamonti,F,FWD,Serie A,34,2769.0,6.964705882352941,0.3277092059437478,0.0294117647058823,2.5117084876238254,0.2978151030142255,0.0396347171764007,20.400620566573178,0.4820834990553009,0.6664533338965322,4.591954110704468,0.0294117647058823,0.3406678460858027,12.0,233.0,31.0,19.416666666666668,0.0,0.0,False,62.0,2.0,False,315865.0,Génova,Delantero centro,US Sassuolo,1999.0,26.0,100.0,15000000.0,15500000.0,15000000.0,16.52356082573315,0.0
826201,Alban Lafont,G,GK,Ligue 1,12,1080.0,6.9750000000000005,0.0,0.0,0.0,,0.0035369683333333,25.83333333333333,0.1666666666666666,0.654645295916076,0.5,0.0,0.0833333333333333,4.0,80.0,9.0,20.0,2.0,50.0,False,38.0,,False,357117.0,FC Nantes,Portero,Amed SK,1999.0,26.0,100.0,3000000.0,2700000.0,3000000.0,14.914123179965662,2.666666666666667
826004,Manu Morlanes,M,MID,La Liga,15,1209.0,6.973333333333333,0.0,0.0,0.7441371413974154,0.0605469439236562,0.041823953007034,43.60349714648061,0.7241206584580079,0.898194637757409,4.705730095804458,1.6397047301125365,3.0255838453904547,9.0,442.0,36.0,49.11111111111112,2.0,112.0,False,122.0,3.0,False,335225.0,RCD Mallorca,Mediocentro,RCD Mallorca,1999.0,26.0,100.0,2500000.0,2200000.0,2500000.0,14.731801689838347,0.0
826010,Pol Lozano,M,MID,La Liga,27,1917.0,6.71111111111111,0.0,0.074074074074074,0.365383445267689,0.0373159680162719,0.0479597311257451,36.610256312893206,0.7415332639634892,0.8435206318667109,3.610690864507499,1.0108611029527337,2.335965075377341,1.0,39.0,7.0,39.0,0.0,0.0,False,39.0,2.0,False,412045.0,RCD Espanyol,Mediocentro,RCD Espanyol,1999.0,26.0,100.0,5000000.0,5800000.0,5000000.0,15.424948670398354,0.0
826013,Abel Ruíz,F,FWD,La Liga,20,1312.0,6.65,0.241492628992629,0.0,1.3820669111068935,0.5248584979580495,0.0527048553737539,17.384279424302925,0.5679647039598803,0.8963174815380699,2.1768619057716574,0.4044191919191919,0.4604060983762841,8.0,258.0,34.0,32.25,1.0,38.0,False,64.0,4.0,False,340376.0,Girona FC,Delantero centro,Girona FC,2000.0,25.0,100.0,4000000.0,2800000.0,4000000.0,15.201805169084134,0.0
826057,Mads Roerslev,D,DEF,Premier League,16,1262.0,6.8,0.0,0.1271551724137931,0.3168103448275862,0.0497155172413793,0.1647851132345601,37.41598831002455,1.0751307782641186,0.8223697776788298,3.993257579801431,0.5822768762677485,1.7856003789900714,4.0,375.0,65.0,93.75,2.0,20.0,False,263.0,4.0,False,391005.0,VfL Wolfsburgo,Lateral derecho,Southampton FC,1999.0,26.0,100.0,6000000.0,6400000.0,6000000.0,15.607270193858982,0.0
826064,Jens Odgaard,M,MID,Serie A,26,1921.0,6.869230769230769,0.28775742610226,0.039787798408488,2.1474540329004514,0.2029012322755705,0.0599538279315058,21.113400980952445,0.7927567626635177,0.7664975170300843,5.540471792009779,0.3146119482250523,0.9065639886108264,11.0,295.0,26.0,26.818181818181817,4.0,122.0,True,72.0,4.0,False,345590.0,Bolonia,Mediocentro ofensivo,Bolonia,1999.0,26.0,100.0,12000000.0,14200000.0,12000000.0,16.300417291085605,0.0
826069,Jonas Wind,F,FWD,Bundesliga,24,1845.0,7.270833333333333,0.509703196347032,0.1347031963470319,1.8289567744650248,0.3344678063325484,0.2170977511375683,27.157677378364998,1.43506005184359,0.7073847792318122,6.470204413663129,0.3316630552546045,0.2147435897435897,13.0,622.0,101.0,47.84615384615385,1.0,5.0,False,225.0,4.0,False,391004.0,VfL Wolfsburgo,Delantero centro,SC Braga,1999.0,26.0,100.0,12000000.0,7300000.0,12000000.0,16.300417291085605,0.0
826134,Trevoh Chalobah,D,DEF,Premier League,15,1333.0,7.133333333333334,0.2,0.0666666666666666,0.9485329485329486,0.1459447619047619,0.0378787883391053,44.89607984607984,0.4047619047619047,0.8136872294372295,5.315728715728715,1.6696969696969697,1.5544252044252045,13.0,399.0,65.0,30.692307692307693,5.0,264.0,False,163.0,3.0,False,346314.0,Chelsea FC,Defensa central,Chelsea FC,1999.0,26.0,100.0,25000000.0,43000000.0,25000000.0,17.034386422832473,0.0
826139,Reiss Nelson,M,MID,Premier League,5,368.0,7.140000000000001,0.0,0.0,1.82690794649882,0.2742639653815893,0.1502915792289536,45.56618388537361,1.96852871754524,0.928201581027668,4.803936126594342,1.3044070876874148,1.0508859609268515,16.0,596.0,93.0,37.25,1.0,178.0,False,178.0,2.0,False,340325.0,Fulham FC,Extremo izquierdo,Arsenal FC,1999.0,26.0,100.0,16000000.0,13200000.0,16000000.0,16.588099342704055,0.0
825681,Romain Del Castillo,F,FWD,Ligue 1,14,1017.0,7.307142857142857,0.4350282748758418,0.2442022263450835,1.366813691426919,0.4405892056510564,0.2494665644149372,38.03536506792698,2.5792591009923203,0.7330985598175498,4.851606120833591,0.6024743230625583,1.8448352929324197,12.0,287.0,44.0,23.916666666666668,3.0,52.0,False,58.0,2.0,False,353399.0,Stade Brestois 29,Extremo derecho,Stade Brestois 29,1996.0,29.0,100.0,7000000.0,6400000.0,7000000.0,15.76142084987672,0.0
825719,Issa Diop,D,DEF,Premier League,14,1215.0,6.757142857142857,0.0,0.0,0.2857142857142857,0.1685666666666666,0.0051411378571428,52.0,0.2142857142857142,0.8689910281298351,3.5,0.4285714285714285,1.7857142857142858,14.0,350.0,46.0,25.0,4.0,143.0,False,69.0,5.0,False,272622.0,Fulham FC,Defensa central,Ipswich Town,1997.0,28.0,100.0,14000000.0,10300000.0,14000000.0,16.454567959008102,0.0
825740,Alex Král,M,MID,La Liga,31,2509.0,6.735483870967743,0.0,0.0326205146792316,0.779964052596727,0.1752232160312805,0.0484638915770727,25.365711151666797,0.323667995650598,0.756092731011288,4.77178075697876,0.968466835810076,1.7247026261161815,5.0,92.0,13.0,18.4,1.0,13.0,False,32.0,3.0,False,337333.0,RCD Espanyol,Mediocentro,FC Copenhague,1998.0,27.0,100.0,6000000.0,2300000.0,6000000.0,15.607270193858982,0.0
825754,Rafa Mir,F,FWD,La Liga,11,576.0,6.6,0.0,0.3613322161709258,3.415908399638765,0.4765543247320754,0.1005951858816382,24.07357175205588,0.5561374109761207,0.7077329694066781,2.8478145321761423,0.6948051948051948,0.88601844996298,4.0,172.0,22.0,43.0,2.0,119.0,False,69.0,2.0,False,361254.0,Valencia CF,Delantero centro,Sevilla FC,1997.0,28.0,100.0,800000.0,4099999.0,800000.0,13.592368256649284,0.0
825771,Marco Friedl,D,DEF,Bundesliga,23,1976.0,7.0260869565217385,0.0,0.0,0.1739130434782608,0.1138499999999999,0.0192739298271346,61.45333843736149,0.0869565217391304,0.8985825004820756,5.175524841842286,1.6009791675061449,2.546117580690656,19.0,275.0,37.0,14.473684210526317,6.0,113.0,False,35.0,3.0,False,156990.0,SV Werder Bremen,Defensa central,SV Werder Bremen,1998.0,27.0,100.0,12000000.0,12700000.0,12000000.0,16.300417291085605,0.0
825844,Ferdi Kadıoğlu,D,DEF,Premier League,5,365.0,6.8,0.2068965517241379,0.0,0.6137931034482759,0.2071103448275862,0.0770246366508013,33.99327343370568,0.8604176784847013,0.858130758130758,4.1953375424963575,1.5070422535211268,2.281253035454104,22.0,484.0,82.0,22.0,8.0,300.0,False,236.0,3.0,False,369316.0,Brighton & Hove Albion,Lateral izquierdo,Brighton & Hove Albion,1999.0,26.0,100.0,25000000.0,31000000.0,25000000.0,17.034386422832473,0.0
825846,Jordan Teze,D,DEF,Ligue 1,8,497.0,7.0375,0.1424050632911392,0.0,0.6898289508789612,0.4315614087095722,0.2903868691517993,44.505194615616105,1.9347001360599216,0.8522779946210872,4.950730127157937,1.0629314063848143,2.758396627072974,5.0,134.0,22.0,26.8,3.0,93.0,False,83.0,4.0,False,364245.0,AS Mónaco,Lateral derecho,AS Mónaco,1999.0,26.0,100.0,9000000.0,13100000.0,9000000.0,16.012735246411598,0.0
825956,Christoph Baumgartner,M,MID,Bundesliga,18,1324.0,6.838888888888889,0.0555555555555555,0.0555555555555555,1.9240941885366691,0.3075422949151866,0.0886193738233049,32.792572997042534,1.0473576402223386,0.7258418203102982,6.520069688783386,0.6498571241665811,2.3207272556534906,10.0,315.0,27.0,31.5,2.0,13.0,False,153.0,3.0,False,324278.0,RB Leipzig,Mediocentro ofensivo,RB Leipzig,1999.0,26.0,100.0,12000000.0,31000000.0,12000000.0,16.300417291085605,0.0
823622,Mikel Oyarzabal,F,FWD,La Liga,27,2060.0,6.966666666666667,0.3770019916556671,0.1147244805781391,1.6159946315853888,0.5776465069548835,0.0720213005179905,18.820558819303404,0.5683749266970243,0.7321641991447634,3.72137587450956,0.0882694541231126,1.1155915691672642,11.0,434.0,78.0,39.45454545454545,3.0,31.0,False,281.0,3.0,False,351478.0,Real Sociedad,Delantero centro,Real Sociedad,1997.0,28.0,100.0,25000000.0,27000000.0,25000000.0,17.034386422832473,0.0
823631,Dodi Lukebakio,M,MID,La Liga,37,3075.0,7.0729729729729724,0.3073344049578189,0.0556438791732909,2.757919599138749,0.2971274917427524,0.1132535091430551,26.85038359822096,1.6083051473962051,0.8156648390466672,5.005103646717937,0.4137347620493687,0.6188334237388552,8.0,269.0,46.0,33.625,1.0,83.0,False,83.0,5.0,False,303259.0,Sevilla FC,Extremo derecho,SL Benfica,1997.0,28.0,100.0,20000000.0,18800000.0,20000000.0,16.811242881518265,0.0
823733,Ismaël Bennacer,M,MID,Ligue 1,16,903.0,7.075,0.0,0.0632022471910112,0.6623376623376623,0.0695214285714285,0.1481228649542077,91.59807862983703,1.4950664979062491,0.9215358165458712,6.119229518766267,1.1966410870439017,2.23136465049384,20.0,643.0,117.0,32.15,4.0,151.0,False,205.0,2.0,False,351816.0,Olympique de Marsella,Pivote,AC Milan,1997.0,28.0,100.0,15000000.0,9500000.0,15000000.0,16.52356082573315,0.0
823941,Alexander Isak,F,FWD,Premier League,23,1958.0,7.5,0.8980708358663617,0.2346938617926565,3.147858698693012,0.7418606300451259,0.1500815660470366,22.32861195152058,1.6876308803238305,0.7485586925391423,3.4629399773738863,0.0874450415241817,0.5328138109338031,22.0,519.0,96.0,23.59090909090909,5.0,99.0,False,107.0,6.0,False,349066.0,Newcastle United,Delantero centro,Liverpool FC,1999.0,26.0,100.0,120000000.0,103000000.0,120000000.0,18.603002309079653,0.0
823984,Lautaro Martínez,F,FWD,Serie A,31,2577.0,7.196774193548387,0.4479115589886454,0.1137233460907599,3.5755541014664134,0.5110681133834117,0.1437783903626261,21.076613501986955,1.2515287646092703,0.7583080260848575,4.33733312595044,0.3382509479968406,1.0257173631245284,16.0,322.0,46.0,20.125,6.0,60.0,False,115.0,4.0,False,406625.0,Inter de Milán,Delantero centro,Inter de Milán,1997.0,28.0,100.0,95000000.0,80000000.0,95000000.0,18.36938746009113,0.0
824200,Ademola Lookman,F,FWD,Serie A,31,2263.0,7.319354838709677,0.6244718080295518,0.2108972621306587,3.1442840875001425,0.5123346134042273,0.3028533720781401,32.58578221004498,2.4871603475658453,0.7766619302277269,4.190097281659243,0.1079437640158702,1.194893219283782,12.0,220.0,29.0,18.33333333333333,2.0,36.0,False,36.0,5.0,False,406040.0,Atalanta de Bérgamo,Extremo izquierdo,Atlético de Madrid,1997.0,28.0,100.0,60000000.0,38000000.0,60000000.0,17.909855136853043,0.0
824509,Gianluigi Donnarumma,G,GK,Ligue 1,21,1890.0,6.923809523809524,0.0,0.0,0.0,,0.0003410138095238,23.33333333333333,0.0,0.8608783479204151,0.238095238095238,0.0,0.0476190476190476,12.0,155.0,16.0,12.916666666666666,2.0,30.0,False,36.0,5.0,False,315858.0,París Saint-Germain FC,Portero,Manchester City,1999.0,26.0,100.0,40000000.0,46000000.0,40000000.0,17.50439003707821,2.2594142259414225
825133,Javi Galán,D,DEF,La Liga,23,1685.0,6.769565217391304,0.0,0.1304347826086956,0.5007548309178744,0.0327638020833333,0.1250274165922718,40.30644619201622,0.6889974294374503,0.8638957599035442,6.397925457923445,0.3964808509399918,2.160720531929184,2.0,21.0,3.0,10.5,2.0,21.0,False,13.0,3.0,False,448628.0,Atlético de Madrid,Lateral izquierdo,RC Celta de Vigo,1994.0,31.0,100.0,4000000.0,3400000.0,4000000.0,15.201805169084134,0.0
830127,Romano Schmid,M,MID,Bundesliga,30,2660.0,7.273333333333331,0.1674157303370786,0.1340823970037453,1.550108417110191,0.1787091526217228,0.2977531955720074,47.93122552018176,2.249667289998455,0.783685286199142,5.035128959936766,0.3677902621722846,1.4225494149060085,7.0,87.0,13.0,12.428571428571429,2.0,15.0,False,35.0,2.0,False,346853.0,SV Werder Bremen,Mediocentro ofensivo,SV Werder Bremen,2000.0,25.0,100.0,17000000.0,18700000.0,17000000.0,16.648723960844016,0.0
830142,Jens Stage,M,MID,Bundesliga,26,2099.0,7.165384615384616,0.3557692307692308,0.1923076923076923,1.7238722290021882,0.4142795274010611,0.1613457072736873,39.41033950129308,0.8182371663903811,0.7865575651210978,4.999677070653296,0.776386404293381,2.091532082239191,14.0,314.0,31.0,22.428571428571427,3.0,44.0,False,54.0,3.0,False,289835.0,SV Werder Bremen,Mediocentro,SV Werder Bremen,1996.0,29.0,100.0,14000000.0,14400000.0,14000000.0,16.454567959008102,0.0
830659,Marcos Senesi,D,DEF,Premier League,11,921.0,6.890909090909091,0.0,0.0,0.2130257801899593,0.5209097014925373,0.0429991132923898,55.13596460791748,0.2815964523281596,0.7610235471112304,6.18247186179145,1.0554250660482252,3.196128490102081,8.0,221.0,32.0,27.625,3.0,166.0,False,123.0,5.0,False,469781.0,AFC Bournemouth,Defensa central,Tottenham Hotspur,1997.0,28.0,100.0,22000000.0,20000000.0,22000000.0,16.906553056777135,0.0
830803,Danilho Doekhi,D,DEF,Bundesliga,32,2880.0,6.821875,0.03125,0.0,0.90625,0.1821230769230769,0.02446703375,35.28125,0.34375,0.7625410451118733,4.0625,1.28125,1.09375,6.0,132.0,21.0,22.0,2.0,75.0,False,69.0,4.0,False,387047.0,1.FC Unión Berlín,Defensa central,SS Lazio,1998.0,27.0,100.0,13000000.0,13900000.0,13000000.0,16.380459992348886,0.0
830858,Keinan Davis,F,FWD,Serie A,13,933.0,6.953846153846154,0.1538461538461538,0.0,2.060392598854137,0.2264693894993895,0.0412501169245387,22.354816049191808,1.80663486233778,0.7797694719891516,6.155000239611128,0.0,0.8911657160994031,16.0,586.0,82.0,36.625,6.0,261.0,False,119.0,6.0,False,412660.0,Udinese,Delantero centro,Udinese,1998.0,27.0,100.0,3400000.0,4099999.0,3400000.0,15.039286283703994,0.0
831005,Raphinha,M,MID,La Liga,35,2816.0,7.825714285714285,0.5607939727615184,0.267853494819787,3.681233148123493,0.5917018341993306,0.3037595786500031,40.15850754516824,3.0268585446066045,0.7942068566161704,4.408914046601183,0.376924178762414,1.209633880650807,17.0,338.0,64.0,19.88235294117647,3.0,61.0,False,64.0,3.0,False,411295.0,FC Barcelona,Extremo izquierdo,FC Barcelona,1996.0,29.0,100.0,90000000.0,72000000.0,90000000.0,18.31532023940565,0.0
831253,Toni Martínez,F,FWD,La Liga,12,757.0,7.05,0.2243021710234825,0.0,3.627754025933573,0.2779121084298736,0.0364574351198524,17.81033951352156,0.5092694388005975,0.5915910478410479,9.323730671080122,0.1041666666666666,1.258503303813151,0.0,0.0,0.0,0.0,0.0,0.0,False,0.0,3.0,False,302371.0,Deportivo Alavés,Delantero centro,Deportivo Alavés,1997.0,28.0,100.0,2500000.0,3400000.0,2500000.0,14.731801689838347,0.0
831400,Mathias Pereira Lage,M,MID,Ligue 1,19,1466.0,7.0894736842105255,0.1118421052631579,0.3427507922402374,1.9381240929935009,0.2116331965520436,0.1504678648326503,20.038665421110966,1.2465798427985524,0.7082942959659208,5.555287949750438,1.0754629039940884,1.864989652602725,10.0,521.0,38.0,52.1,1.0,34.0,False,254.0,3.0,False,424072.0,Stade Brestois 29,Extremo izquierdo,FC St. Pauli,1996.0,29.0,100.0,2500000.0,3200000.0,2500000.0,14.731801689838347,0.0
827942,Sergio Akieme,D,DEF,Ligue 1,28,2424.0,6.878571428571428,0.0714285714285714,0.1071428571428571,0.9924549306902248,0.0906730742613787,0.092980554090354,32.70229745744452,0.7592436974789916,0.8437424151285863,3.0606532356532354,0.6277167277167278,1.1554945054945056,3.0,61.0,5.0,20.33333333333333,2.0,36.0,False,25.0,3.0,False,355627.0,Stade de Reims,Lateral izquierdo,Stade de Reims,1997.0,28.0,100.0,7000000.0,5400000.0,7000000.0,15.76142084987672,0.0
828239,Toni Lato,D,DEF,La Liga,7,557.0,6.714285714285714,0.0,0.0,0.0,,0.1008342988008787,32.88044792890889,0.8490840474880101,0.7921926868971204,3.188074927274157,0.837488500178177,1.946133736929004,8.0,178.0,29.0,22.25,1.0,38.0,False,43.0,2.0,False,320271.0,RCD Mallorca,Lateral izquierdo,RCD Mallorca,1997.0,28.0,100.0,1800000.0,1400000.0,1800000.0,14.403297778421797,0.0
828571,Bernardo,D,DEF,Bundesliga,18,1575.0,7.055555555555555,0.0,0.0,0.3333333333333333,0.12272,0.092767765,48.94444444444444,0.2777777777777778,0.7421673806932373,7.722222222222222,1.3333333333333333,2.333333333333333,17.0,557.0,66.0,32.76470588235294,2.0,126.0,False,98.0,2.0,False,364258.0,VfL Bochum,Lateral izquierdo,TSG 1899 Hoffenheim,1995.0,30.0,100.0,5500000.0,4600000.0,5500000.0,15.520258832020865,0.0
829022,Konstantinos Mavropanos,D,DEF,Premier League,19,1453.0,6.947368421052632,0.0,0.0,0.7380382775119617,0.1136482954545454,0.0360777410969222,54.4302663907927,0.2697368421052631,0.8550875832199802,5.834992887624467,2.0939318505107978,1.8157894736842104,16.0,444.0,71.0,27.75,2.0,32.0,False,127.0,3.0,False,415912.0,West Ham United,Defensa central,West Ham United,1997.0,28.0,100.0,17000000.0,16300000.0,17000000.0,16.648723960844016,0.0
829093,Ibrahima Sissoko,M,MID,Bundesliga,28,2369.0,6.860714285714286,0.0357142857142857,0.0378151260504201,0.7320129929906235,0.0969012697097618,0.1042563857106105,36.02815564408857,0.9710956535584528,0.7602560446319095,7.048318466336119,1.2407276093853377,2.254551405433721,5.0,170.0,25.0,34.0,2.0,24.0,False,77.0,3.0,False,372712.0,VfL Bochum,Pivote,FC Nantes,1997.0,28.0,100.0,6000000.0,2400000.0,6000000.0,15.607270193858982,0.0
829570,Jack Harrison,M,MID,Premier League,17,1261.0,6.723529411764706,0.0588235294117647,0.0,0.9337712325328424,0.2852022871168382,0.1340831152396446,20.76060532877524,1.4651633335288252,0.7150242855539206,3.636629478515488,0.368594890813066,1.2874310386516417,4.0,180.0,21.0,45.0,1.0,83.0,False,83.0,5.0,False,417346.0,Everton FC,Extremo izquierdo,New England Revolution,1996.0,29.0,100.0,14000000.0,10800000.0,14000000.0,16.454567959008102,0.0
829643,Teddy Teuma,M,MID,Ligue 1,8,545.0,6.775,0.0,0.0,0.8253526947429983,0.0781179110445374,0.1271825592739342,69.8921122562419,0.906067108173952,0.8490590452610244,4.490556607807601,1.172711139424827,2.433349074354925,10.0,219.0,28.0,21.9,4.0,77.0,False,41.0,3.0,False,409153.0,Stade de Reims,Mediocentro,Sliema Wanderers,1993.0,32.0,100.0,3000000.0,2300000.0,3000000.0,14.914123179965662,0.0
829932,Cristian Romero,D,DEF,Premier League,11,961.0,7.3,0.0909090909090909,0.0,1.0,0.1376375,0.0686882147540983,80.68554396423248,0.6795827123695977,0.9043023215211924,5.938897168405365,1.354694485842027,2.315946348733234,17.0,411.0,79.0,24.176470588235293,4.0,127.0,False,86.0,4.0,False,355915.0,Tottenham Hotspur,Defensa central,Tottenham Hotspur,1998.0,27.0,100.0,50000000.0,46000000.0,50000000.0,17.72753358339242,0.0
827243,Axel Disasi,D,DEF,Premier League,8,622.0,6.825,0.125,0.0,0.3961038961038961,0.1212441558441558,0.0466654854786342,58.810483870967744,0.5422077922077922,0.8908212692496889,4.12012987012987,0.8064516129032258,1.6331168831168832,5.0,99.0,6.0,19.8,4.0,85.0,False,62.0,4.0,False,386047.0,Aston Villa,Defensa central,Chelsea FC,1998.0,27.0,100.0,22000000.0,15500000.0,22000000.0,16.906553056777135,0.0
827362,Caoimhin Kelleher,G,GK,Premier League,8,720.0,6.95,0.0,0.0,0.0,,0.0005602825,32.375,0.0,0.7225969484050148,0.375,0.0,0.0,3.0,121.0,15.0,40.333333333333336,1.0,4.0,False,106.0,5.0,False,340918.0,Liverpool FC,Portero,Brentford FC,1998.0,27.0,100.0,20000000.0,23000000.0,20000000.0,16.811242881518265,3.0
827504,Léo Pétrot,D,DEF,Ligue 1,29,2514.0,6.841379310344828,0.0,0.10423197492163,0.2561576354679803,0.0936761904761904,0.0518872789204116,39.03952396183188,0.5525078369905956,0.7922221575950795,4.922875553330165,1.4950638023911849,2.3958829788891847,2.0,93.0,3.0,46.5,1.0,77.0,False,77.0,3.0,False,412829.0,AS Saint-Étienne,Defensa central,RSC Anderlecht,1997.0,28.0,100.0,900000.0,1400000.0,900000.0,13.71015115341694,0.0
827506,Gaëtan Perrin,M,MID,Ligue 1,31,2585.0,7.390322580645161,0.3407283503865811,0.3416605123311431,2.039181249046444,0.2459494427371969,0.1566026662818657,28.61489883761942,2.5436207306262717,0.7728147347687105,4.728413920904964,0.4325225937555904,1.7812058706716776,1.0,17.0,3.0,17.0,0.0,0.0,False,17.0,3.0,False,353404.0,AJ Auxerre,Extremo derecho,LOSC Lille,1996.0,29.0,100.0,8000000.0,6200000.0,8000000.0,15.894952224644102,0.0
827519,Romain Perraud,D,DEF,La Liga,22,1872.0,6.740909090909091,0.0454545454545454,0.0454545454545454,0.7727272727272727,0.0421599999999999,0.0599733922727272,38.90909090909091,0.6931818181818182,0.8107159844094753,4.375,0.9659090909090908,1.6590909090909092,7.0,145.0,13.0,20.714285714285715,1.0,15.0,False,54.0,3.0,False,318523.0,Real Betis Balompié,Lateral izquierdo,LOSC Lille,1997.0,28.0,100.0,5000000.0,6800000.0,5000000.0,15.424948670398354,0.0
827522,Amine Harit,M,MID,Ligue 1,6,446.0,7.516666666666667,0.3821811100292113,0.5492424242424242,1.0184830991793017,0.2063885015301154,0.1782763176464885,41.78106703423159,3.2409705273629323,0.8585018774534904,4.628377951162761,0.6358225108225107,0.9668680475642502,21.0,600.0,86.0,28.571428571428573,5.0,133.0,False,214.0,2.0,False,372711.0,Olympique de Marsella,Extremo izquierdo,Olympique de Marsella,1997.0,28.0,100.0,8000000.0,5300000.0,8000000.0,15.894952224644102,0.0
827679,Ezri Konsa,D,DEF,Premier League,24,2160.0,6.879166666666666,0.0416666666666666,0.0,0.25,0.13016,0.0180555191666666,51.458333333333336,0.125,0.9214565069736462,3.9166666666666665,0.7916666666666666,1.1666666666666667,7.0,133.0,11.0,19.0,3.0,44.0,False,57.0,3.0,False,413403.0,Aston Villa,Defensa central,Aston Villa,1997.0,28.0,100.0,35000000.0,42000000.0,35000000.0,17.370858648025116,0.0
827681,James Justin,D,DEF,Premier League,24,2024.0,6.795833333333333,0.0833333333333333,0.0416666666666666,1.0004974375465907,0.1200963212522222,0.021738183955239,37.28015904220711,0.4347587719298245,0.7551212385534339,5.386710124704309,1.394801263005897,1.7767267134910163,3.0,547.0,78.0,182.33333333333331,1.0,10.0,False,332.0,4.0,False,413220.0,Leicester City,Lateral derecho,Leeds United,1998.0,27.0,100.0,13000000.0,12400000.0,13000000.0,16.380459992348886,0.0
826203,Malang Sarr,D,DEF,Ligue 1,15,1244.0,6.846666666666667,0.0,0.0,0.4533333333333333,0.0459533333333333,0.0462767253333333,63.71826086956522,0.4533333333333333,0.8817499539242157,3.820289855072464,1.3402898550724638,1.6736231884057973,4.0,165.0,20.0,41.25,0.0,0.0,False,92.0,,False,344596.0,RC Lens,Defensa central,NEOM SC,1999.0,26.0,100.0,5000000.0,10600000.0,5000000.0,15.424948670398354,0.0
826204,Boubacar Kamara,M,MID,Premier League,12,1003.0,6.95,0.0,0.0,0.4490570979570455,0.0588645049764274,0.0260836781911189,49.26662916086372,0.5140562248995985,0.8969341439684201,6.641882804326882,1.0079644420378142,3.4394528625421343,13.0,813.0,107.0,62.53846153846154,3.0,283.0,False,287.0,5.0,False,394327.0,Aston Villa,Pivote,Aston Villa,1999.0,26.0,100.0,40000000.0,39000000.0,40000000.0,17.50439003707821,0.0
826215,Ibrahima Konaté,D,DEF,Premier League,21,1716.0,7.119047619047619,0.0476190476190476,0.0952380952380952,0.6666666666666666,0.2101428571428571,0.0364317035497835,66.77922077922078,0.438095238095238,0.9010935097907536,4.9012987012987015,0.4761904761904761,1.380952380952381,15.0,578.0,92.0,38.53333333333333,4.0,81.0,False,161.0,5.0,False,357119.0,Liverpool FC,Defensa central,Real Madrid CF,1999.0,26.0,100.0,60000000.0,52000000.0,60000000.0,17.909855136853043,0.0
826643,Kylian Mbappé,F,FWD,La Liga,33,2825.0,7.721212121212122,0.9628236454771952,0.0909090909090909,4.987532633340591,0.8542124949687906,0.1936953564602981,33.882641218561695,1.562129398796593,0.8540379330752684,4.117410759826018,0.0303030303030303,0.246893088185223,26.0,301.0,60.0,11.576923076923077,3.0,25.0,True,36.0,4.0,False,342229.0,Real Madrid CF,Delantero centro,Real Madrid CF,1998.0,27.0,100.0,180000000.0,212000000.0,180000000.0,19.00846741441004,0.0
826679,Álvaro Tejero,M,MID,La Liga,14,1027.0,6.914285714285714,0.0,0.3237156931738212,1.2439210232774534,0.0572489316062949,0.3087530842484892,32.18179720557958,2.370192734638461,0.7907486482974313,2.8591270463611766,0.955629232286522,1.028576262732094,1.0,22.0,3.0,22.0,0.0,0.0,False,22.0,3.0,False,290273.0,RCD Espanyol,Lateral derecho,CD Leganés,1996.0,29.0,100.0,1800000.0,1900000.0,1800000.0,14.403297778421797,0.0
826948,Pepelu,M,MID,La Liga,18,1462.0,7.205555555555555,0.1357549073564483,0.1111111111111111,0.8842648515185664,0.2496709343930697,0.1730817715515428,58.81169739618402,2.185425685425685,0.835675138261967,5.006187732827732,0.807841628223657,1.856481170755571,1.0,9.0,1.0,9.0,0.0,0.0,False,9.0,3.0,False,328480.0,Valencia CF,Pivote,Valencia CF,1998.0,27.0,100.0,9000000.0,8199999.0,9000000.0,16.012735246411598,0.0
827064,Arnaut Danjuma,F,FWD,La Liga,21,1433.0,6.842857142857143,0.1678026614735475,0.0,2.0628181555953704,0.2700041737416098,0.1191538561799822,20.77685283567604,1.0184621856838478,0.8143455216844573,2.9337140115570444,0.1428571428571428,0.6973346290144397,12.0,587.0,79.0,48.91666666666666,1.0,15.0,False,145.0,3.0,False,355861.0,Girona FC,Extremo izquierdo,Valencia CF,1997.0,28.0,100.0,4000000.0,3800000.0,4000000.0,15.201805169084134,0.0
827212,Jules Koundé,D,DEF,La Liga,28,2457.0,7.192857142857143,0.0714285714285714,0.1071428571428571,0.6878856193640247,0.1439605226169179,0.1339572668953672,61.57950359967111,1.1321308248160056,0.8769050903175675,4.365026955754461,0.7376125523907565,2.1858447194796686,8.0,167.0,32.0,20.875,2.0,60.0,False,41.0,5.0,False,411975.0,FC Barcelona,Lateral derecho,FC Barcelona,1998.0,27.0,100.0,65000000.0,69000000.0,65000000.0,17.989897843244528,0.0
839156,Nikola Krstović,F,FWD,Serie A,37,3068.0,7.14054054054054,0.306345009914078,0.1499500270686711,4.007489593689274,0.3598508933457928,0.0463399220267023,18.72324662126384,0.8387694598128491,0.6722131665939716,5.2562903246723165,0.2055984555984555,0.5855440754072898,3.0,22.0,4.0,7.333333333333333,0.0,0.0,False,15.0,5.0,False,434433.0,US Lecce,Delantero centro,Atalanta de Bérgamo,2000.0,25.0,100.0,15000000.0,24000000.0,15000000.0,16.52356082573315,0.0
839226,Pietro Pellegri,F,FWD,Serie A,4,293.0,7.05,0.930989038574178,0.0,2.1888063760354783,0.0791059327671324,0.0098280040656639,12.591063509329762,1.5229876160990712,0.7083333333333333,4.70454773659108,0.0,1.5538699690402478,34.0,1516.0,191.0,44.588235294117645,6.0,367.0,True,295.0,2.0,False,364133.0,Empoli FC,Delantero centro,Torino FC,2001.0,24.0,100.0,2000000.0,1000000.0,2000000.0,14.508658238524095,0.0
839410,Aaron Ramsdale,G,GK,Premier League,20,1800.0,7.17,0.0,0.0,0.0,,0.0026181335,37.95,0.0,0.5979224609315897,0.4,0.1,0.0,4.0,60.0,10.0,15.0,2.0,47.0,False,40.0,3.0,False,427568.0,Southampton FC,Portero,Southampton FC,1998.0,27.0,100.0,16000000.0,12600000.0,16000000.0,16.588099342704055,4.5
839493,Amir Murillo,D,DEF,Ligue 1,27,2309.0,6.981481481481482,0.037037037037037,0.1111111111111111,0.4823232323232323,0.1547645454545454,0.0992546751042685,62.58737916802433,0.8535353535353536,0.8756642876529058,4.628353426740524,0.8120723362658846,1.7775605517541,11.0,281.0,41.0,25.545454545454547,7.0,195.0,False,81.0,3.0,False,354482.0,Olympique de Marsella,Lateral derecho,Besiktas JK,1996.0,29.0,100.0,10000000.0,7600000.0,10000000.0,16.118095750958314,0.0
839585,Yangel Herrera,M,MID,La Liga,27,2228.0,7.02962962962963,0.1746575342465753,0.1261574074074074,1.512322825961321,0.1652269635730719,0.0490227280005038,39.72738016732233,0.6853254950542262,0.8363900929293572,7.981207445597587,1.2370235527110705,2.652696154270897,15.0,776.0,119.0,51.73333333333333,2.0,86.0,False,131.0,5.0,False,378293.0,Girona FC,Mediocentro,Real Sociedad,1998.0,27.0,100.0,15000000.0,8400000.0,15000000.0,16.52356082573315,0.0
839956,Erling Haaland,F,FWD,Premier League,27,2393.0,7.3,0.7631532013554485,0.1123882503192848,3.725044023378002,0.791296683924367,0.0651442216381616,12.125398465382968,0.9840357598978288,0.6660390716763266,2.9323741464384625,0.1481481481481481,0.3492063492063492,23.0,360.0,68.0,15.652173913043478,6.0,115.0,False,54.0,9.0,False,418560.0,Manchester City,Delantero centro,Manchester City,2000.0,25.0,100.0,180000000.0,218000000.0,180000000.0,19.00846741441004,0.0
839981,Lucas Paquetá,M,MID,Premier League,21,1650.0,6.961904761904761,0.2047882650292289,0.0,1.7840297183002114,0.2707550885572907,0.1087158225999349,47.70186854685307,1.384264412361888,0.7719798805577325,6.258958976790749,0.5365975178911133,2.481482305952182,10.0,197.0,29.0,19.7,3.0,80.0,False,46.0,5.5,False,444523.0,West Ham United,Mediocentro ofensivo,CR Flamengo,1997.0,28.0,100.0,28000000.0,36000000.0,28000000.0,17.147715103853763,0.0
840217,Richarlison,F,FWD,Premier League,3,178.0,6.9,1.222222222222222,0.0,2.9353023909985936,0.5667978902953587,0.0030992618424753,15.215189873417724,0.379746835443038,0.558061821219716,5.973277074542897,0.0,1.139240506329114,21.0,579.0,91.0,27.571428571428573,8.0,316.0,False,73.0,2.0,False,378710.0,Tottenham Hotspur,Delantero centro,Tottenham Hotspur,1997.0,28.0,100.0,20000000.0,27000000.0,20000000.0,16.811242881518265,0.0
836694,Mason Mount,M,MID,Premier League,4,205.0,6.5,0.0,0.0,1.2502083912197834,0.2064741131795869,0.0230919213347457,22.79020213948319,1.862704918032787,0.7838699494949495,3.913118227285357,0.0,2.2315573770491803,21.0,590.0,108.0,28.09523809523809,7.0,321.0,False,111.0,3.0,False,346483.0,Manchester United,Mediocentro ofensivo,Manchester United,1999.0,26.0,100.0,28000000.0,28000000.0,28000000.0,17.147715103853763,0.0
836705,Kai Havertz,F,FWD,Premier League,21,1841.0,7.066666666666667,0.4553790520470102,0.1536881986320188,2.561763844987402,0.5259170466639073,0.0832916498723677,24.296745796552077,0.7990083956763537,0.760302925285279,5.307783291123082,0.3119868637110016,0.7887123853803436,19.0,412.0,91.0,21.68421052631579,3.0,119.0,False,134.0,3.0,False,309400.0,Arsenal FC,Delantero centro,Arsenal FC,1999.0,26.0,100.0,65000000.0,48000000.0,65000000.0,17.989897843244528,0.0
836706,Arne Maier,M,MID,Bundesliga,13,627.0,6.800000000000001,0.0,0.0,1.2258979326287018,0.1558158245133245,0.2210526227714723,48.16427994680232,1.6518878037188287,0.839563181044171,1.8506204892064424,0.9932954762359228,1.1369308132526157,25.0,497.0,76.0,19.88,1.0,48.0,False,95.0,2.0,False,296397.0,FC Augsburgo,Mediocentro,Újpest FC,1999.0,26.0,100.0,4000000.0,1800000.0,4000000.0,15.201805169084134,0.0
837080,Antoine Bernede,M,MID,Serie A,9,525.0,6.655555555555555,0.0,0.0,0.4617289190718732,0.0484271222410865,0.0546709080933149,34.212909060396555,1.908780337697745,0.7310165143498477,4.156191292610499,0.9639205144423362,2.218700415366301,7.0,437.0,62.0,62.42857142857143,1.0,45.0,False,151.0,3.0,False,395512.0,Hellas Verona,Mediocentro,Hellas Verona,1999.0,26.0,100.0,2500000.0,3400000.0,2500000.0,14.731801689838347,0.0
837205,Florian Neuhaus,M,MID,Bundesliga,3,196.0,7.033333333333334,0.0,0.3333333333333333,1.6666666666666667,0.1571,0.1605228210526315,48.20175438596491,1.0,0.8877655677655678,5.429824561403509,1.4561403508771928,3.307017543859649,14.0,397.0,45.0,28.357142857142858,6.0,61.0,False,106.0,2.0,False,278332.0,Borussia Mönchengladbach,Mediocentro,Borussia Mönchengladbach,1997.0,28.0,100.0,3500000.0,3800000.0,3500000.0,15.068273812173889,0.0
838159,Igor Zubeldia,D,DEF,La Liga,26,2229.0,6.876923076923077,0.0,0.0,0.4674556213017751,0.0786350427350427,0.0226633352103879,58.80571992110454,0.1538461538461538,0.8583867359886818,4.63740959894806,1.1965811965811963,1.396449704142012,11.0,307.0,24.0,27.90909090909091,3.0,110.0,False,99.0,4.0,False,355628.0,Real Sociedad,Defensa central,Real Sociedad,1997.0,28.0,100.0,12000000.0,9500000.0,12000000.0,16.300417291085605,0.0
838232,Eljif Elmas,M,MID,Serie A,11,921.0,6.945454545454546,0.3014167073766487,0.0,1.7104890970671631,0.1231080517281632,0.081348677329498,26.443983280791937,0.8325142470124608,0.8328031396213214,3.3101650077114058,0.5952632399023563,0.8470723206069085,10.0,123.0,23.0,12.3,4.0,78.0,False,49.0,3.0,False,400489.0,Torino FC,Mediocentro ofensivo,RB Leipzig,1999.0,26.0,100.0,14000000.0,13500000.0,14000000.0,16.454567959008102,0.0
838907,Dany Mota,F,FWD,Serie A,27,2009.0,6.874074074074074,0.1119434040782355,0.101010101010101,1.701879223288944,0.2420007231310271,0.079768394737623,22.36110510897449,1.0122406463839428,0.7592373111749878,4.723116325958736,0.3496853279570533,0.5402682156307945,13.0,146.0,22.0,11.23076923076923,7.0,83.0,False,27.0,2.0,False,347253.0,AC Monza,Delantero centro,AC Monza,1998.0,27.0,100.0,4000000.0,3800000.0,4000000.0,15.201805169084134,0.0
834986,Robert Gumny,D,DEF,Bundesliga,4,196.0,6.625,0.0,0.0,1.084081247047709,0.1867181152574397,0.0702918076794634,37.59005439834215,0.6617647058823529,0.7766659810777458,2.8142570893077545,0.6617647058823529,1.0043693906471425,15.0,790.0,90.0,52.66666666666666,8.0,331.0,False,215.0,2.0,False,353826.0,FC Augsburgo,Lateral derecho,Lech Poznan,1998.0,27.0,100.0,1500000.0,765000.0,1500000.0,14.220976332738882,0.0
835480,Loïs Openda,F,FWD,Bundesliga,28,2296.0,7.085714285714286,0.3447321577924874,0.1428571428571428,2.641906079211022,0.3415112214616896,0.0776259855707966,19.98524954778602,0.9956371109862496,0.676541529587748,4.65721120019609,0.2004870129870129,0.3408522094903882,1.0,6.0,1.0,6.0,1.0,6.0,False,6.0,2.0,False,368887.0,RB Leipzig,Delantero centro,Juventus de Turín,2000.0,25.0,100.0,50000000.0,43000000.0,50000000.0,17.72753358339242,0.0
835484,Fran Beltrán,M,MID,La Liga,32,2399.0,6.85625,0.0625,0.0625,1.0461984135857685,0.0859978638617045,0.0855855008014477,56.09247941970262,0.7546438287118868,0.8863578657783763,3.3039881867104333,0.8542354337298158,1.832066996288833,4.0,52.0,7.0,13.0,0.0,0.0,False,17.0,5.0,False,423444.0,RC Celta de Vigo,Mediocentro,Girona FC,1999.0,26.0,100.0,8000000.0,5200000.0,8000000.0,15.894952224644102,0.0
835485,Brahim Díaz,M,MID,La Liga,18,1217.0,6.922222222222222,0.2060907919516305,0.0714285714285714,1.5402047972336077,0.5263103533473552,0.1259667728303558,40.02121245364378,1.4903012110835268,0.8784773577323938,5.115216298235214,0.2046938675308096,1.3651656507086924,10.0,173.0,27.0,17.3,3.0,59.0,False,42.0,2.0,False,314678.0,Real Madrid CF,Extremo derecho,Real Madrid CF,1999.0,26.0,100.0,40000000.0,37000000.0,40000000.0,17.50439003707821,0.0
835600,Davide Frattesi,M,MID,Serie A,11,869.0,7.2,0.5170359052711994,0.0,2.262401994290539,0.4439186488279523,0.0382828028187756,27.0985607271985,0.6238540870893812,0.8451692247146793,5.236580447416361,0.323051948051948,1.1087471352177234,11.0,139.0,16.0,12.636363636363637,4.0,89.0,True,57.0,3.0,False,394300.0,Inter de Milán,Mediocentro,Inter de Milán,1999.0,26.0,100.0,35000000.0,26000000.0,35000000.0,17.370858648025116,0.0
835601,Moise Kean,F,FWD,Serie A,32,2710.0,7.03125,0.6136581675109465,0.09375,3.491887092551712,0.6953774683949414,0.0352004478441772,10.10877833345056,0.6028036552410753,0.7178448791352018,5.115180732442479,0.1900832664526484,0.2293512658227848,34.0,685.0,110.0,20.147058823529413,10.0,188.0,True,103.0,4.0,False,364135.0,Fiorentina,Delantero centro,Fiorentina,2000.0,25.0,100.0,50000000.0,41000000.0,50000000.0,17.72753358339242,0.0
836168,Nikola Milenković,D,DEF,Premier League,27,2430.0,7.07037037037037,0.1111111111111111,0.037037037037037,0.8888888888888888,0.22938,0.0152023214814814,27.33333333333333,0.1851851851851851,0.7986886697187643,4.185185185185185,0.7037037037037037,1.1851851851851851,8.0,64.0,14.0,8.0,0.0,0.0,False,23.0,4.0,False,413507.0,Nottingham Forest,Defensa central,Nottingham Forest,1997.0,28.0,100.0,35000000.0,28000000.0,35000000.0,17.370858648025116,0.0
831424,Reinildo Mandava,D,DEF,La Liga,12,835.0,6.65,0.0,0.0,0.1666666666666666,0.1444,0.0126499193028673,49.33655913978495,0.0833333333333333,0.8238654892393682,4.350537634408602,1.8177419354838709,1.111111111111111,3.0,306.0,46.0,102.0,0.0,0.0,False,274.0,2.0,False,240692.0,Atlético de Madrid,Lateral izquierdo,Sunderland AFC,1994.0,31.0,100.0,5000000.0,5200000.0,5000000.0,15.424948670398354,0.0
831799,Nahuel Molina,D,DEF,La Liga,20,1371.0,6.915000000000001,0.0,0.05,0.5719924812030075,0.1408056860902255,0.11712343367861,59.022016184155405,0.6035714285714285,0.8271663806867828,4.176398474191343,0.6797235023041475,2.2856602650320816,7.0,155.0,16.0,22.142857142857142,3.0,83.0,False,38.0,2.0,False,424042.0,Atlético de Madrid,Lateral derecho,Atlético de Madrid,1998.0,27.0,100.0,20000000.0,14600000.0,20000000.0,16.811242881518265,0.0
831808,Federico Valverde,M,MID,La Liga,33,2902.0,7.527272727272727,0.1818181818181818,0.1215526046986721,1.6248399405296656,0.0881396251136165,0.094729852891189,64.37378494807136,1.1651831314752663,0.902735642729548,3.330958156574101,1.6356519442550408,1.531938332453435,16.0,272.0,51.0,17.0,2.0,28.0,False,49.0,4.0,False,369081.0,Real Madrid CF,Mediocentro,Real Madrid CF,1998.0,27.0,100.0,130000000.0,116000000.0,130000000.0,18.683045016112164,0.0
832208,Dušan Vlahović,F,FWD,Serie A,21,1685.0,6.961904761904761,0.3889919604205318,0.2231698649609097,3.728698778963961,0.6474430109493439,0.041298000268684,16.763194141932416,0.7049625820477444,0.6933029474966214,3.2265988384840525,0.0612244897959183,0.1592039800995024,18.0,392.0,59.0,21.77777777777778,6.0,81.0,False,96.0,,True,357498.0,Juventus de Turín,Delantero centro,Sin equipo,2000.0,25.0,100.0,35000000.0,34000000.0,35000000.0,17.370858648025116,0.0
832427,Carlos Soler,M,MID,Premier League,16,947.0,6.6875,0.078125,0.0721153846153846,1.622613047235023,0.2090876932923707,0.1084133934468858,39.27591350147588,1.0177911805936,0.8696080225148259,3.059021279689709,0.225106742572496,0.8750674547433896,6.0,187.0,32.0,31.166666666666668,0.0,0.0,False,59.0,4.0,False,372246.0,West Ham United,Mediocentro,Real Sociedad,1997.0,28.0,100.0,18000000.0,7600000.0,18000000.0,16.705882371415992,0.0
833213,Erhan Mašović,D,DEF,Bundesliga,10,855.0,6.95,0.1,0.1,0.7,0.1088833333333333,0.046122377,40.9,0.3,0.8356785971776484,3.9,1.0,1.3,8.0,134.0,16.0,16.75,4.0,52.0,False,51.0,,True,343959.0,VfL Bochum,Defensa central,Sin equipo,1998.0,27.0,100.0,2000000.0,1100000.0,2000000.0,14.508658238524095,0.0
833956,Matty Cash,D,DEF,Premier League,17,1361.0,6.864705882352942,0.0588235294117647,0.0588235294117647,0.370843989769821,0.0389398550724637,0.0609385172701997,33.70206385841717,0.4763271162123386,0.8144934173922453,5.251566161989716,1.093974175035868,2.569828992042204,14.0,317.0,56.0,22.642857142857142,7.0,138.0,False,75.0,4.0,False,425334.0,Aston Villa,Lateral derecho,Aston Villa,1997.0,28.0,100.0,25000000.0,19800000.0,25000000.0,17.034386422832473,0.0
834308,Gabriel Gudmundsson,D,DEF,Ligue 1,20,1587.0,6.904999999999999,0.1168831168831169,0.0,0.8442155247829757,0.0726096323093529,0.0914798391496329,39.72997901939755,0.8275640107471398,0.8310961099868999,5.619499537773971,0.8557371245715588,1.6860006571567,8.0,322.0,41.0,40.25,0.0,0.0,False,87.0,4.0,False,362108.0,LOSC Lille,Lateral izquierdo,Leeds United,1999.0,26.0,100.0,7000000.0,21000000.0,7000000.0,15.76142084987672,0.0
845170,Caio Henrique,D,DEF,Ligue 1,22,1813.0,7.272727272727272,0.0,0.2771618625277162,0.1860979929161747,0.0416508116883116,0.2754064674067086,49.03694763240707,1.6436082503644784,0.7672699524485149,3.700727228384884,1.0570421444574465,1.6911129608851538,6.0,334.0,47.0,55.66666666666666,1.0,213.0,False,213.0,5.0,False,420064.0,AS Mónaco,Lateral izquierdo,Ajax de Ámsterdam,1997.0,28.0,100.0,15000000.0,14300000.0,15000000.0,16.52356082573315,0.0
845183,Yehvann Diouf,G,GK,Ligue 1,33,2970.0,7.221212121212122,0.0,0.0,0.0303030303030303,0.0572,0.0009023827272727,31.060606060606062,0.0,0.6703182639038919,0.3636363636363636,0.0303030303030303,0.0303030303030303,0.0,0.0,0.0,0.0,0.0,0.0,False,0.0,5.0,False,448632.0,Stade de Reims,Portero,OGC Niza,1999.0,26.0,100.0,12000000.0,8500000.0,12000000.0,16.300417291085605,3.909090909090909
845273,Jean-Ricner Bellegarde,M,MID,Premier League,17,1098.0,6.847058823529412,0.1307486631016042,0.2641521970233876,1.378693721986989,0.1312338228567912,0.1729491044484133,28.321295147564605,1.5295832278964685,0.8365461907413163,5.323384282813609,0.6494297628041004,1.453835642373433,7.0,225.0,33.0,32.142857142857146,2.0,65.0,False,59.0,3.0,False,450050.0,Wolverhampton Wanderers,Mediocentro,Wolverhampton Wanderers,1998.0,27.0,100.0,18000000.0,17600000.0,18000000.0,16.705882371415992,0.0
845286,Ismaïla Sarr,F,FWD,Premier League,22,1832.0,7.240909090909091,0.3239423236810224,0.137385086823289,2.010566185481511,0.5061950042214541,0.2038900312265281,22.663776230384112,1.3943478578210322,0.6852483795585107,4.577013253698022,0.3349422088456517,0.7654893834688173,11.0,347.0,62.0,31.545454545454547,3.0,64.0,False,101.0,4.0,False,410225.0,Crystal Palace,Extremo derecho,Crystal Palace,1998.0,27.0,100.0,25000000.0,33000000.0,25000000.0,17.034386422832473,0.0
845291,Josep Martínez,G,GK,Serie A,5,450.0,7.26,0.0,0.0,0.0,,0.00055565,45.2,0.2,0.8588937634550387,0.4,0.0,0.0,2.0,133.0,3.0,66.5,0.0,0.0,False,121.0,4.0,False,388516.0,Inter de Milán,Portero,Inter de Milán,1998.0,27.0,100.0,12000000.0,9400000.0,12000000.0,16.300417291085605,2.4000000000000004
845385,Brais Méndez,M,MID,La Liga,20,1426.0,6.825,0.1055555555555555,0.0775862068965517,1.5784086015784544,0.245644129183675,0.0945294913572811,42.502377832261566,1.241106697513347,0.7999337594226202,6.2089616034529,0.3019363568845744,1.4322949904654867,6.0,121.0,17.0,20.166666666666668,3.0,66.0,False,30.0,4.0,False,309110.0,Real Sociedad,Mediocentro ofensivo,Columbus Crew,1997.0,28.0,100.0,22000000.0,11600000.0,22000000.0,16.906553056777135,0.0
845486,Tanguy Ndombélé,M,MID,Ligue 1,13,1071.0,7.007692307692308,0.0769230769230769,0.1555944055944055,0.9964360632548048,0.3127167919600367,0.0980062205601255,35.95605547314255,1.388128803187103,0.8782453052389734,6.827163004940998,1.0415227526200426,2.6438142834702294,22.0,498.0,64.0,22.63636363636364,7.0,311.0,True,222.0,,True,450936.0,OGC Niza,Mediocentro,Sin equipo,1996.0,29.0,100.0,7000000.0,3200000.0,7000000.0,15.76142084987672,0.0
845693,André Almeida,M,MID,La Liga,25,1716.0,7.016,0.0,0.1862590382590382,0.7781417362062523,0.1376913694108855,0.2487833288733903,39.38354375593676,2.05627967863514,0.8842785061146995,5.328598500305675,0.3425522032825243,2.3665171554307145,5.0,188.0,31.0,37.6,1.0,141.0,False,141.0,4.0,False,375382.0,Valencia CF,Mediocentro ofensivo,Valencia CF,2000.0,25.0,100.0,10000000.0,7700000.0,10000000.0,16.118095750958314,0.0
843678,Santi Comesaña,M,MID,La Liga,28,2299.0,7.053571428571429,0.1071428571428571,0.0357142857142857,1.097186896910663,0.2098818164291033,0.0940434052777466,46.47745060794226,0.9558058187844212,0.8565970490302229,5.459951850164833,0.5571211624797442,2.9018079070387315,0.0,0.0,0.0,0.0,0.0,0.0,False,0.0,3.0,False,380598.0,Villarreal CF,Mediocentro,Villarreal CF,1996.0,29.0,100.0,8000000.0,8400000.0,8000000.0,15.894952224644102,0.0
843709,Benedikt Pichler,F,FWD,Bundesliga,9,639.0,6.888888888888889,0.1111111111111111,0.0,1.851851851851852,0.2825833333333333,0.0807315633333333,21.96296296296296,1.1111111111111112,0.6570947879281213,7.222222222222222,0.3333333333333333,0.5555555555555556,16.0,654.0,65.0,40.875,4.0,148.0,False,119.0,2.0,False,331362.0,Holstein Kiel,Delantero centro,Hannover 96,1997.0,28.0,100.0,1500000.0,1100000.0,1500000.0,14.220976332738882,0.0
843754,Ibrahim Sangaré,M,MID,Premier League,3,214.0,7.033333333333334,0.0,0.0,0.4545454545454546,0.0255,0.0265442198537095,46.322884012539184,0.5172413793103449,0.7833774250440917,10.812957157784744,0.8505747126436782,6.650992685475444,8.0,252.0,46.0,31.5,2.0,137.0,False,129.0,4.0,False,375885.0,Nottingham Forest,Pivote,Nottingham Forest,1997.0,28.0,100.0,24000000.0,23000000.0,24000000.0,16.993564429978885,0.0
844480,Pol Lirola,D,DEF,Ligue 1,10,545.0,6.720000000000001,0.2,0.2,0.9603103469300652,0.1638612269577058,0.0893795006388204,45.08346527276501,1.0335497835497836,0.8296622708120353,3.854762154263253,0.8647058823529411,1.7159778090382176,11.0,259.0,31.0,23.545454545454547,6.0,87.0,False,83.0,,True,298975.0,Olympique de Marsella,Lateral derecho,Sin equipo,1997.0,28.0,100.0,4000000.0,1800000.0,4000000.0,15.201805169084134,0.0
844609,Michele Di Gregorio,G,GK,Serie A,33,2970.0,7.00909090909091,0.0,0.0,0.0,,0.0014209509090909,26.303030303030305,0.0303030303030303,0.7373184713819023,0.4242424242424242,0.0303030303030303,0.0,4.0,41.0,4.0,10.25,4.0,41.0,False,23.0,4.0,False,301238.0,Juventus de Turín,Portero,Juventus de Turín,1997.0,28.0,100.0,18000000.0,17200000.0,18000000.0,16.705882371415992,2.1818181818181817
844842,Yves Bissouma,M,MID,Premier League,12,882.0,6.7250000000000005,0.1967592592592592,0.0,0.6178683278867102,0.0991746282679738,0.0414593752135519,51.54408485488665,0.3858135395079441,0.8963808135623964,4.040720626778165,1.0052987763650456,2.5148266223741995,9.0,456.0,77.0,50.66666666666666,3.0,68.0,False,131.0,,True,410425.0,Tottenham Hotspur,Pivote,Sin equipo,1996.0,29.0,100.0,25000000.0,11100000.0,25000000.0,17.034386422832473,0.0
844942,Gideon Mensah,D,DEF,Ligue 1,25,2147.0,6.88,0.0,0.04,0.16,0.0407499999999999,0.063400319967686,40.27345170383947,0.8336215683051126,0.8206678419770964,5.242416894806929,1.9876450956584912,2.6092785326440406,11.0,278.0,38.0,25.272727272727277,3.0,95.0,False,73.0,3.0,False,397171.0,AJ Auxerre,Lateral izquierdo,FC Colonia,1998.0,27.0,100.0,4000000.0,3200000.0,4000000.0,15.201805169084134,0.0
845168,Amath Ndiaye,F,FWD,La Liga,5,290.0,6.779999999999999,0.0,0.2571428571428571,1.367199783139062,0.1683714014638113,0.0325456920103009,18.12502033071293,1.0617511520737328,0.7592063492063492,3.1852805638384387,0.6647058823529411,0.2647058823529412,6.0,630.0,85.0,105.0,2.0,69.0,False,375.0,2.0,False,339820.0,Real Valladolid CF,Extremo derecho,Real Valladolid CF,1996.0,29.0,100.0,900000.0,940000.0,900000.0,13.71015115341694,0.0
842419,Valentin Rosier,D,DEF,La Liga,30,2564.0,6.91,0.0333333333333333,0.0666666666666666,0.4666666666666667,0.1011555555555555,0.0428332168475734,33.45782638414217,0.3666666666666666,0.7936674708328145,4.928298017771701,1.8075187969924813,2.433766233766234,11.0,382.0,49.0,34.72727272727273,2.0,20.0,False,182.0,3.0,False,441170.0,CD Leganés,Lateral derecho,CA Osasuna,1996.0,29.0,100.0,3000000.0,3100000.0,3000000.0,14.914123179965662,0.0
842513,Igor Júlio,D,DEF,Premier League,11,900.0,6.872727272727272,0.0,0.0,0.0909090909090909,0.0477,0.0252817625711662,69.5426997245179,0.0909090909090909,0.924012001562574,1.9853076216712584,0.4297520661157025,0.5206611570247934,6.0,246.0,32.0,41.0,1.0,117.0,False,117.0,2.0,False,380350.0,Brighton & Hove Albion,Defensa central,Brighton & Hove Albion,1998.0,27.0,100.0,20000000.0,11600000.0,20000000.0,16.811242881518265,0.0
842858,Florian Müller,G,GK,Bundesliga,9,752.0,6.555555555555555,0.0,0.0,0.0,,0.0046591849305555,34.298611111111114,0.0,0.6145134894317213,0.1111111111111111,0.0,0.0,13.0,323.0,51.0,24.846153846153847,2.0,30.0,False,126.0,,False,284769.0,SC Friburgo,Portero,SC Friburgo,1997.0,28.0,100.0,1200000.0,1200000.0,1200000.0,13.997832948091215,1.7952127659574468
842869,Maxim Leitsch,D,DEF,Bundesliga,9,602.0,6.844444444444445,0.2222222222222222,0.0,0.9646157313500112,0.331878093306288,0.0099653275689037,44.426523297491045,0.2222222222222222,0.7804837742012268,4.080299824787164,0.9003831417624522,1.6597453961191446,17.0,1153.0,122.0,67.82352941176471,5.0,224.0,False,365.0,,True,334207.0,1.FSV Mainz 05,Defensa central,Sin equipo,1998.0,27.0,100.0,1500000.0,1400000.0,1500000.0,14.220976332738882,0.0
842922,Stefan Schimmer,F,FWD,Bundesliga,4,143.0,6.625,0.0,0.0,4.2564935064935066,0.6604814935064934,0.2102993318181818,19.964285714285715,1.3928571428571428,0.6978896103896104,1.181818181818182,0.0,0.0,0.0,0.0,0.0,0.0,0.0,0.0,False,0.0,2.0,False,394033.0,1.FC Heidenheim 1846,Delantero centro,Buriram United,1994.0,31.0,100.0,500000.0,450000.0,500000.0,13.122365377402328,0.0
843180,Luis Pérez,D,DEF,La Liga,30,2558.0,6.713333333333334,0.0,0.0,0.1666666666666666,0.0308,0.0980649971617647,31.444730392156863,0.9604166666666668,0.8010598158927131,3.4463235294117647,1.0,1.6129901960784314,6.0,163.0,19.0,27.166666666666668,0.0,0.0,False,72.0,2.0,False,358115.0,Real Valladolid CF,Lateral derecho,Gaziantep FK,1995.0,30.0,100.0,1400000.0,1100000.0,1400000.0,14.151983508870948,0.0
843200,Diogo Dalot,M,MID,Premier League,26,2307.0,6.957692307692308,0.0,0.0384615384615384,0.8076923076923077,0.159975,0.0722337569635627,44.43117408906883,0.6923076923076923,0.8321009303758214,4.297570850202429,1.2692307692307692,2.220647773279352,10.0,401.0,70.0,40.1,1.0,25.0,False,125.0,3.0,False,357147.0,Manchester United,Lateral derecho,Manchester United,1999.0,26.0,100.0,30000000.0,28000000.0,30000000.0,17.216707972959764,0.0
843665,Alphonso Davies,D,DEF,Bundesliga,16,1419.0,7.2625,0.0685975609756097,0.1310975609756097,0.9514100609756098,0.1496127286585366,0.1248304422656907,62.628705845248106,1.3889100609756098,0.9021973899105036,5.551375893608074,0.75,1.4731326219512195,20.0,693.0,129.0,34.65,4.0,276.0,True,221.0,5.0,False,424204.0,Bayern Múnich,Lateral izquierdo,Bayern Múnich,2000.0,25.0,100.0,50000000.0,49000000.0,50000000.0,17.72753358339242,0.0
840414,Ardian Ismajli,D,DEF,Serie A,28,2489.0,7.053571428571429,0.0,0.0,0.1785714285714285,0.0622,0.003366745968523,35.794794188861985,0.0714285714285714,0.8530709958452907,4.840193704600485,2.0,1.0714285714285714,22.0,416.0,56.0,18.90909090909091,8.0,170.0,False,55.0,2.0,False,435228.0,Empoli FC,Defensa central,Torino FC,1996.0,29.0,100.0,6000000.0,5600000.0,6000000.0,15.607270193858982,0.0
840951,Marcão,D,DEF,La Liga,6,513.0,6.466666666666666,0.0,0.0,0.0,,0.0133363757762557,47.58561643835617,0.0,0.9034772267276407,5.051084474885845,1.0776255707762556,1.4346461187214612,18.0,630.0,93.0,35.0,4.0,180.0,False,151.0,3.0,False,439022.0,Sevilla FC,Defensa central,Sevilla FC,1996.0,29.0,100.0,2000000.0,2600000.0,2000000.0,14.508658238524095,0.0
841947,Lovro Majer,M,MID,Bundesliga,4,243.0,7.45,0.5769230769230769,0.5,2.2653846153846158,0.5514610256410256,0.1909956644230769,32.27307692307692,1.9,0.7366631605762041,4.476923076923077,0.3,0.8,8.0,283.0,49.0,35.375,2.0,218.0,False,164.0,3.0,False,387106.0,VfL Wolfsburgo,Mediocentro ofensivo,VfL Wolfsburgo,1998.0,27.0,100.0,17000000.0,16100000.0,17000000.0,16.648723960844016,0.0
841977,Ylber Ramadani,M,MID,Serie A,24,1737.0,6.766666666666667,0.0833333333333333,0.05,0.768819332085488,0.054802117895429,0.0199801420929612,40.68942561943481,0.7999447458308219,0.811574276645406,4.293406776372317,0.892000835421888,2.429114667032779,1.0,11.0,2.0,11.0,1.0,11.0,False,11.0,3.0,False,442703.0,US Lecce,Pivote,Corum FK,1996.0,29.0,100.0,1800000.0,2000000.0,1800000.0,14.403297778421797,0.0
842164,Siebe Van Der Heyden,D,DEF,Bundesliga,12,930.0,6.641666666666667,0.0833333333333333,0.0,0.2694063926940639,0.4869018264840182,0.0236937430009515,49.041678123489625,0.25,0.81143844413008,5.621315232618801,1.612197066946746,1.3921818040606178,5.0,73.0,6.0,14.6,1.0,8.0,False,34.0,3.0,False,400131.0,FC St. Pauli,Defensa central,KAA Gante,1998.0,27.0,100.0,2500000.0,2900000.0,2500000.0,14.731801689838347,0.0
842188,Elvis Rexhbeçaj,M,MID,Bundesliga,22,1644.0,6.877272727272728,0.0454545454545454,0.0610583446404341,1.3513036152488485,0.1053434803696014,0.1045125658030455,29.4777002474312,0.8283425310422676,0.7551347612575369,4.70553570616442,0.7818860758043578,1.3958043961386208,6.0,172.0,14.0,28.666666666666668,3.0,137.0,False,91.0,5.0,False,280575.0,FC Augsburgo,Mediocentro,VfL Wolfsburgo,1997.0,28.0,100.0,3500000.0,3800000.0,3500000.0,15.068273812173889,0.0
842400,Zinedine Ferhat,M,MID,Ligue 1,8,555.0,6.825,0.125,0.0,0.7558548009367682,0.0858202966432474,0.1503634837199685,33.48346530518661,1.5183423134242806,0.7227223314079931,4.008213098377032,1.3671185372005044,0.5646853146853147,14.0,423.0,57.0,30.214285714285715,4.0,124.0,False,79.0,3.0,False,232895.0,Angers SCO,Extremo derecho,MC Alger,1993.0,32.0,100.0,1000000.0,850000.0,1000000.0,13.815511557963774,0.0
850952,Federico Ravaglia,G,GK,Serie A,12,1055.0,6.716666666666666,0.0,0.0,0.0,,0.0019421350641025,36.53205128205128,0.0833333333333333,0.7774971462348566,0.8653846153846154,0.0,0.0,3.0,53.0,4.0,17.666666666666668,0.0,0.0,False,21.0,3.0,False,390304.0,Bolonia,Portero,Bolonia,1999.0,26.0,100.0,1500000.0,1800000.0,1500000.0,14.220976332738882,0.8530805687203792
850993,David Neres,F,FWD,Serie A,13,1069.0,7.061538461538461,0.0805008944543828,0.0948366701791359,1.6559380770838794,0.1618285598651913,0.1740439781834104,30.33509013965392,1.5734317787703065,0.852432675053887,4.192241793443697,0.5155605379138546,1.3117861514769291,18.0,777.0,94.0,43.16666666666666,6.0,193.0,False,298.0,3.0,False,469822.0,SSC Nápoles,Extremo derecho,SSC Nápoles,1997.0,28.0,100.0,30000000.0,27000000.0,30000000.0,17.216707972959764,0.0
851100,Jadon Sancho,M,MID,Premier League,16,1176.0,7.0375,0.0625,0.3683165393831779,1.096483981448916,0.1584936098732715,0.1888824886823069,37.85738183631339,1.7335321783482844,0.8484849505647468,3.858933109717687,0.1081730769230769,0.5799518577650709,16.0,264.0,60.0,16.5,3.0,18.0,False,48.0,,True,401173.0,Chelsea FC,Extremo izquierdo,Sin equipo,2000.0,25.0,100.0,28000000.0,19400000.0,28000000.0,17.147715103853763,0.0
851226,Juan Berrocal,D,DEF,La Liga,15,1027.0,6.573333333333333,0.0,0.0,0.3866666666666666,0.12685,0.0091947894128476,33.71489124194911,0.0666666666666666,0.7333762294841765,3.431327873903464,1.17871777924653,0.9953457431331916,2.0,31.0,3.0,15.5,0.0,0.0,False,22.0,2.0,False,461843.0,Getafe CF,Defensa central,Getafe CF,1999.0,26.0,100.0,1500000.0,1500000.0,1500000.0,14.220976332738882,0.0
851254,Amos Pieper,D,DEF,Bundesliga,19,1484.0,6.936842105263159,0.0,0.0,0.429874761056721,0.0782833577826855,0.0256329222995238,55.75831274318111,0.1578947368421052,0.854551410739863,4.9989374738586845,1.357236106064898,1.9507060178287072,15.0,501.0,49.0,33.4,5.0,252.0,False,99.0,,False,334221.0,SV Werder Bremen,Defensa central,SV Werder Bremen,1998.0,27.0,100.0,3500000.0,3900000.0,3500000.0,15.068273812173889,0.0
851271,Fran García,D,DEF,La Liga,25,2127.0,7.1160000000000005,0.0,0.08,0.6107042253521127,0.0799201024327784,0.0918948257764038,54.47139564660692,0.9735064935064934,0.8842115792372836,3.9474373513810135,1.1109639656118528,2.0444704591183465,2.0,134.0,3.0,67.0,0.0,0.0,False,123.0,5.0,False,341264.0,Real Madrid CF,Lateral izquierdo,Real Betis Balompié,1999.0,26.0,100.0,18000000.0,11100000.0,18000000.0,16.705882371415992,0.0
851282,Thierry Correia,D,DEF,La Liga,10,770.0,6.73,0.0,0.0,0.7568831168831169,0.0729134545454545,0.0886015308523411,38.29037430472109,0.5416216216216216,0.6894988254686896,6.217432292402438,0.4524287891376499,3.2341765586642586,12.0,631.0,82.0,52.583333333333336,3.0,349.0,True,310.0,2.0,False,367466.0,Valencia CF,Lateral derecho,Venezia FC,1999.0,26.0,100.0,3000000.0,3100000.0,3000000.0,14.914123179965662,0.0
851284,Rafael Leão,M,MID,Serie A,29,2141.0,7.220689655172414,0.2665886966842383,0.3617443913585376,2.64206216464656,0.2608509859741954,0.2834700553199648,30.7521621753633,2.3562442320183643,0.7659115280090533,5.764274165467704,0.2586288339061456,0.4547441567269442,12.0,367.0,77.0,30.58333333333333,2.0,48.0,False,89.0,3.0,False,357164.0,AC Milan,Extremo izquierdo,AC Milan,1999.0,26.0,100.0,70000000.0,62000000.0,70000000.0,18.064005814299342,0.0
848287,Evan Ndicka,D,DEF,Serie A,38,3420.0,7.042105263157896,0.0,0.0263157894736842,0.4736842105263157,0.06055,0.0110655465789473,65.36842105263158,0.2105263157894736,0.9163508858175496,3.0526315789473686,0.868421052631579,0.8421052631578947,10.0,137.0,16.0,13.7,3.0,20.0,False,37.0,3.0,False,371149.0,AS Roma,Defensa central,AS Roma,1999.0,26.0,100.0,30000000.0,29000000.0,30000000.0,17.216707972959764,0.0
848355,Angeliño,M,MID,Serie A,36,3142.0,7.091666666666667,0.0590277777777777,0.0277777777777777,0.5977112676056338,0.0588386702568351,0.1085677474345762,45.99303326994315,1.4577839310829817,0.804255070556067,3.3288341158059467,0.78125,1.3184174491392802,7.0,141.0,25.0,20.142857142857142,0.0,0.0,False,51.0,3.0,False,277179.0,AS Roma,Lateral izquierdo,AS Roma,1997.0,28.0,100.0,20000000.0,9300000.0,20000000.0,16.811242881518265,0.0
848458,Arnaud Nordin,M,MID,Ligue 1,16,1195.0,6.975,0.264554794520548,0.0,1.8579200196706904,0.3851010563463795,0.0812120235017551,22.559652904363304,1.0999337029893923,0.7444617255504352,7.859802709650053,0.4047131147540984,1.8561281068418112,6.0,125.0,10.0,20.83333333333333,3.0,111.0,False,49.0,4.0,False,324811.0,1.FSV Mainz 05,Extremo derecho,Stade Rennais FC,1998.0,27.0,100.0,5000000.0,4099999.0,5000000.0,15.424948670398354,0.0
848980,Iván Villar,G,GK,La Liga,4,360.0,6.8,0.0,0.0,0.0,,0.0001169149999999,25.5,0.0,0.7873626373626373,0.25,0.0,0.0,1.0,71.0,11.0,71.0,0.0,0.0,False,71.0,2.0,False,297194.0,RC Celta de Vigo,Portero,RC Celta de Vigo,1997.0,28.0,100.0,900000.0,960000.0,900000.0,13.71015115341694,2.75
849274,Youssef Maleh,M,MID,Serie A,18,1436.0,6.7444444444444445,0.0,0.0609756097560975,1.07114782660052,0.0875895711455447,0.0253094891451259,31.22891735873711,0.6535617499032134,0.7255004285285426,4.917638395893799,0.9549922415594858,2.617645145040091,10.0,320.0,37.0,32.0,4.0,174.0,True,110.0,2.0,False,324377.0,Empoli FC,Mediocentro,US Lecce,1998.0,27.0,100.0,3200000.0,1000000.0,3200000.0,14.978661680269909,0.0
849309,Chiedozie Ogbene,M,MID,Premier League,4,223.0,6.575,0.0,0.0,0.0,,0.0161811430962778,13.366962805777671,0.5817687747035574,0.8055194805194805,5.201134769858473,0.7258064516129032,2.074620680861915,4.0,485.0,84.0,121.25,2.0,267.0,False,218.0,3.0,False,392591.0,Ipswich Town,Extremo derecho,Ipswich Town,1997.0,28.0,100.0,7000000.0,4600000.0,7000000.0,15.76142084987672,0.0
850891,Michel Aebischer,M,MID,Serie A,11,677.0,6.854545454545455,0.0,0.0,1.0134297520661155,0.0854011363636363,0.0889697701300437,46.00826446280992,1.1477272727272727,0.8857230968193535,5.521633446767137,0.7634297520661157,2.376519202722412,9.0,316.0,43.0,35.111111111111114,2.0,121.0,False,107.0,4.0,False,237658.0,Bolonia,Mediocentro,Pisa Sporting Club,1997.0,28.0,100.0,7500000.0,4700000.0,7500000.0,15.830413711839864,0.0
846425,Manuel Ugarte,M,MID,Premier League,16,1204.0,6.8875,0.0625,0.0,0.6566042389722346,0.0818347118706416,0.0392051295024579,43.08711618540397,0.5634674922600619,0.8865286533496857,6.993872440071919,1.5458011877396671,4.039387828101347,8.0,98.0,9.0,12.25,3.0,26.0,False,31.0,4.0,False,476701.0,Manchester United,Pivote,Manchester United,2001.0,24.0,100.0,45000000.0,29000000.0,45000000.0,17.622173069956816,0.0
846445,Martin Terrier,F,FWD,Bundesliga,8,487.0,7.075,0.3060661764705882,0.17578125,2.552954090215612,0.4980548418379719,0.245305417114581,29.276157927752536,1.322742983637117,0.8653091322928279,3.88082851554797,0.1584507042253521,0.4893330571665286,14.0,814.0,97.0,58.142857142857146,4.0,292.0,True,270.0,4.0,False,442891.0,Bayer 04 Leverkusen,Extremo izquierdo,Bayer 04 Leverkusen,1997.0,28.0,100.0,17000000.0,11000000.0,17000000.0,16.648723960844016,0.0
846471,Anthony Caci,M,MID,Bundesliga,31,2595.0,6.987096774193549,0.032991202346041,0.2063857684268097,1.0882547755505168,0.1533695407174051,0.2474480866964728,41.83179043236719,1.5671708588717177,0.7433077544404442,4.390912362354917,0.9314390504286324,1.8949859383739396,6.0,272.0,46.0,45.333333333333336,1.0,10.0,False,171.0,3.0,False,453016.0,1.FSV Mainz 05,Lateral derecho,1.FSV Mainz 05,1997.0,28.0,100.0,12000000.0,7800000.0,12000000.0,16.300417291085605,0.0
847030,Noussair Mazraoui,D,DEF,Premier League,25,2020.0,6.944,0.0,0.04,0.4287258687258687,0.060688803088803,0.0602293890591766,50.76479370552542,0.4545644599303136,0.854966768593664,6.6401534260070845,1.247675332797284,3.21224247297418,29.0,543.0,99.0,18.724137931034484,6.0,111.0,False,62.0,3.0,False,340456.0,Manchester United,Lateral derecho,Manchester United,1997.0,28.0,100.0,25000000.0,19400000.0,25000000.0,17.034386422832473,0.0
847128,Marc Roca,M,MID,La Liga,11,791.0,7.118181818181818,0.3636363636363636,0.1410658307210031,1.5156287677839402,0.2131003274204244,0.0477163867161981,52.32017893939916,0.9116588740413192,0.8700730656937797,3.0025244152399324,1.2574886907763083,1.969413129973475,9.0,403.0,54.0,44.77777777777778,2.0,284.0,True,191.0,4.0,False,336869.0,Real Betis Balompié,Pivote,Real Betis Balompié,1996.0,29.0,100.0,6000000.0,4200000.0,6000000.0,15.607270193858982,0.0
847151,Edson Álvarez,M,MID,Premier League,18,1354.0,6.666666666666667,0.0,0.0561797752808988,0.5593916239239104,0.0467555199073447,0.0328525345794533,46.91095006410645,0.6118477935225084,0.8577662307544371,5.332136842845667,0.8018728209298658,2.272147715213526,17.0,274.0,47.0,16.11764705882353,5.0,111.0,False,73.0,3.0,False,401356.0,West Ham United,Pivote,West Ham United,1997.0,28.0,100.0,25000000.0,17500000.0,25000000.0,17.034386422832473,0.0
847467,Marin Pongračić,D,DEF,Serie A,16,1221.0,6.74375,0.0,0.0,0.1337025316455696,0.0247493670886075,0.0199566720792832,52.49222543560214,0.3490210843373494,0.8905250209407877,3.952189956965431,0.7215016447647129,1.305264822000386,12.0,589.0,86.0,49.083333333333336,2.0,59.0,False,134.0,4.0,False,282144.0,Fiorentina,Defensa central,Fiorentina,1997.0,28.0,100.0,10000000.0,6800000.0,10000000.0,16.118095750958314,0.0
848276,Jean-Philippe Mateta,F,FWD,Premier League,26,2110.0,6.984615384615385,0.4677581698631336,0.0769230769230769,2.063790081691074,0.4989481060056391,0.0879881107144989,14.83054180570037,1.2878388382584087,0.684316811723117,4.333387148267975,0.0769230769230769,0.5576923076923077,4.0,194.0,24.0,48.5,1.0,22.0,False,132.0,2.0,False,420002.0,Crystal Palace,Delantero centro,Crystal Palace,1997.0,28.0,100.0,30000000.0,33000000.0,30000000.0,17.216707972959764,0.0
845742,Adrian Beck,M,MID,Bundesliga,21,1420.0,6.914285714285714,0.16005291005291,0.0,1.819693079335636,0.2133633535548135,0.121302230027961,37.99858006935703,1.1299278719021897,0.8192616589826338,5.933541981256395,0.4553678102065199,1.757458876772556,8.0,256.0,27.0,32.0,2.0,49.0,False,166.0,3.0,False,273669.0,1.FC Heidenheim 1846,Mediocentro ofensivo,1.FC Heidenheim 1846,1997.0,28.0,100.0,2000000.0,1900000.0,2000000.0,14.508658238524095,0.0
845930,Jean-Kévin Duverne,D,DEF,Ligue 1,7,505.0,6.714285714285714,0.0,0.0,0.7931034482758621,0.1379137931034482,0.0186630155418719,44.03817733990148,0.1428571428571428,0.7705182893588007,6.309113300492611,1.1785714285714286,3.608374384236453,4.0,299.0,37.0,74.75,2.0,33.0,False,233.0,2.0,False,344864.0,FC Nantes,Defensa central,FC Nantes,1997.0,28.0,100.0,2500000.0,2200000.0,2500000.0,14.731801689838347,0.0
846036,Ben White,D,DEF,Premier League,8,675.0,6.9125,0.0,0.125,0.5,0.0424666666666666,0.05045236,34.5,0.25,0.8648663505414573,3.125,1.375,1.375,10.0,279.0,46.0,27.9,5.0,132.0,False,92.0,3.0,False,335721.0,Arsenal FC,Lateral derecho,Arsenal FC,1997.0,28.0,100.0,45000000.0,27000000.0,45000000.0,17.622173069956816,0.0
846147,Abdul Mumin,D,DEF,La Liga,22,1908.0,7.027272727272727,0.0909090909090909,0.0454545454545454,0.3742216687422167,0.0742236790606653,0.0050138915993595,48.81133250311332,0.0454545454545454,0.8195447696710102,3.6575342465753424,1.0666251556662516,1.5454545454545454,3.0,392.0,64.0,130.66666666666666,1.0,343.0,True,343.0,,True,451801.0,Rayo Vallecano,Defensa central,Sin equipo,1998.0,27.0,100.0,5000000.0,4300000.0,5000000.0,15.424948670398354,0.0
846148,Victor Nelsson,D,DEF,Serie A,3,167.0,7.0,0.0,0.0,0.3333333333333333,0.0316,0.00456808375,54.895833333333336,0.0,0.810278721417645,9.083333333333334,1.0,3.8125,3.0,55.0,8.0,18.33333333333333,2.0,45.0,False,29.0,2.0,False,422951.0,AS Roma,Defensa central,Galatasaray,1998.0,27.0,100.0,10000000.0,8000000.0,10000000.0,16.118095750958314,0.0
846252,Ryan Yates,M,MID,Premier League,18,1376.0,6.855555555555556,0.0555555555555555,0.0,1.4026143790849672,0.1692280748663101,0.0267710897802717,35.81781260749914,0.7229166666666667,0.845811019736696,6.780886652906776,0.8888888888888888,1.9564155486756103,3.0,124.0,0.0,41.333333333333336,0.0,0.0,False,53.0,3.0,False,425902.0,Nottingham Forest,Mediocentro,Nottingham Forest,1997.0,28.0,100.0,12000000.0,8199999.0,12000000.0,16.300417291085605,0.0
846308,Santiago Bueno,D,DEF,Premier League,17,1474.0,6.735294117647059,0.0,0.0,0.3529411764705882,0.1069249999999999,0.0055629121270027,45.83376414077461,0.0,0.8809213208658011,4.181504233075547,0.847159287127055,1.8554579988907145,9.0,243.0,24.0,27.0,2.0,25.0,False,90.0,3.0,False,438001.0,Wolverhampton Wanderers,Defensa central,Wolverhampton Wanderers,1998.0,27.0,100.0,10000000.0,9200000.0,10000000.0,16.118095750958314,0.0
846356,Fredrik Jensen,F,FWD,Bundesliga,10,615.0,6.779999999999999,0.0,0.0,1.4329156713287987,0.1247361286154535,0.1013942465804101,21.26695508540684,1.5775211639181623,0.7605483405483405,2.536946722621675,0.4167035888347364,0.6920074328143859,25.0,911.0,126.0,36.44,6.0,204.0,False,110.0,3.0,False,249157.0,FC Augsburgo,Mediocentro ofensivo,Aris de Salónica,1997.0,28.0,100.0,3500000.0,2400000.0,3500000.0,15.068273812173889,0.0
856714,Declan Rice,M,MID,Premier League,24,1969.0,7.358333333333333,0.1171875,0.2838541666666667,1.403448427480002,0.1141636417739138,0.1963375340857225,49.65894573790325,2.066924486006861,0.9005992351572343,4.022197753035868,0.8247398097169903,1.7421668206774947,7.0,90.0,14.0,12.857142857142858,2.0,24.0,False,40.0,3.0,False,357662.0,Arsenal FC,Mediocentro,Arsenal FC,1999.0,26.0,100.0,120000000.0,114000000.0,120000000.0,18.603002309079653,0.0
856719,Dara O'Shea,D,DEF,Premier League,25,2223.0,6.896,0.0,0.0,0.5771428571428572,0.0710809523809523,0.0085769561142857,46.66857142857143,0.04,0.7680763021188399,5.5371428571428565,1.1142857142857143,1.48,2.0,173.0,32.0,86.5,0.0,0.0,False,154.0,5.0,False,401320.0,Ipswich Town,Defensa central,Ipswich Town,1999.0,26.0,100.0,14000000.0,15900000.0,14000000.0,16.454567959008102,0.0
856720,Mark Travers,G,GK,Premier League,5,450.0,7.62,0.0,0.0,0.0,,0.002078564,22.6,0.0,0.6239139784946237,0.4,0.0,0.0,0.0,0.0,0.0,0.0,0.0,0.0,False,0.0,4.0,False,357658.0,AFC Bournemouth,Portero,Everton FC,1999.0,26.0,100.0,4000000.0,3800000.0,4000000.0,15.201805169084134,4.0
856729,Samuele Birindelli,M,MID,Serie A,18,1432.0,6.894444444444444,0.1725186198510412,0.0,0.9847556418790464,0.1870152745081924,0.0674908807220689,28.32687087580621,1.0516854662957855,0.7979316970548578,2.6436833813070404,0.6096432829225835,1.132848011356958,4.0,107.0,15.0,26.75,4.0,107.0,False,45.0,3.0,False,461019.0,AC Monza,Lateral derecho,AC Monza,1999.0,26.0,100.0,2800000.0,2400000.0,2800000.0,14.845130332288226,0.0
856737,Zakaria Aboukhlal,F,FWD,Ligue 1,22,1751.0,6.813636363636364,0.3669777070409093,0.0946665693856705,3.1222513586654568,0.5662526190183478,0.0792177514236617,14.304677832642843,0.4637589732821303,0.7164753345481665,3.8991413957636496,0.2781833129873689,1.1051653533361128,9.0,429.0,69.0,47.66666666666666,3.0,238.0,False,176.0,4.0,False,393238.0,Toulouse FC,Extremo derecho,Torino FC,2000.0,25.0,100.0,12000000.0,9800000.0,12000000.0,16.300417291085605,0.0
856739,Lutsharel Geertruida,D,DEF,Bundesliga,18,1452.0,6.805555555555555,0.0625,0.0,0.4513888888888889,0.225685,0.0792853819008181,59.46825542229119,0.5847457627118644,0.8799443937494082,3.187027288773878,0.8444440045049801,1.8291033153838032,10.0,237.0,32.0,23.7,4.0,38.0,False,118.0,4.0,False,420210.0,RB Leipzig,Lateral derecho,RB Leipzig,2000.0,25.0,100.0,20000000.0,22000000.0,20000000.0,16.811242881518265,0.0
856744,Myron Boadu,F,FWD,Bundesliga,13,901.0,6.992307692307692,0.9060548353979642,0.1098901098901098,2.3609574365714883,0.8979990155322453,0.0487303782732706,14.97497380285294,0.8914383107931495,0.7373183490056555,3.232707807122985,0.0769230769230769,0.2316335350043215,15.0,877.0,128.0,58.46666666666667,4.0,168.0,False,253.0,,True,412932.0,VfL Bochum,Delantero centro,Sin equipo,2001.0,24.0,100.0,7000000.0,4700000.0,7000000.0,15.76142084987672,0.0
857178,Kike Pérez,M,MID,La Liga,29,2186.0,6.913793103448276,0.1437631273068374,0.0,1.4321540815926956,0.186391815628206,0.0736720638352306,41.36394628724098,1.0934848829777537,0.795109437902476,6.439770211649355,0.6919128047818678,3.027853860019727,4.0,148.0,11.0,37.0,0.0,0.0,False,93.0,2.0,False,527698.0,Venezia FC,Mediocentro,Venezia FC,1997.0,28.0,100.0,2800000.0,2200000.0,2800000.0,14.845130332288226,0.0
856065,Pontus Almqvist,F,FWD,Serie A,18,932.0,6.677777777777778,0.0,0.0,2.1781624654777474,0.2535597355401304,0.0551239204912974,23.31679306242187,0.826432022084196,0.7688310862588469,4.131770978597936,1.2967415854719655,1.1721979159201177,9.0,238.0,30.0,26.444444444444443,4.0,92.0,False,69.0,2.0,False,300532.0,Parma,Extremo derecho,Parma,1999.0,26.0,100.0,2500000.0,1900000.0,2500000.0,14.731801689838347,0.0
856076,David Raum,M,MID,Bundesliga,21,1780.0,7.20952380952381,0.0476190476190476,0.2476190476190476,0.4441584441584442,0.0638364114114114,0.3699971313061183,42.41696503435634,2.509231909231909,0.781765953336236,3.595399873660743,0.4521774521774522,1.8485296485296487,8.0,123.0,24.0,15.375,3.0,87.0,False,66.0,2.0,False,318204.0,RB Leipzig,Lateral izquierdo,RB Leipzig,1998.0,27.0,100.0,20000000.0,24000000.0,20000000.0,16.811242881518265,0.0
856123,Emerson Royal,D,DEF,Serie A,16,1359.0,7.08125,0.0,0.0,0.6591105467113532,0.0563249236938177,0.0694776714934467,50.01629460550832,0.9389204545454546,0.8956751233945501,6.90181077731481,0.8183847402597403,2.8876471189979256,6.0,197.0,35.0,32.833333333333336,3.0,120.0,False,112.0,3.5,False,476344.0,AC Milan,Lateral derecho,CR Flamengo,1999.0,26.0,100.0,9000000.0,6600000.0,9000000.0,16.012735246411598,0.0
856250,Ladislav Krejčí,D,DEF,La Liga,27,2430.0,6.903703703703704,0.074074074074074,0.0,0.6666666666666666,0.0976411764705882,0.0291206333333333,77.74074074074075,0.3333333333333333,0.903524792770658,3.7777777777777777,1.2592592592592593,0.8518518518518519,14.0,506.0,79.0,36.142857142857146,4.0,69.0,False,96.0,5.0,False,345911.0,Girona FC,Defensa central,Wolverhampton Wanderers,1999.0,26.0,100.0,12000000.0,21000000.0,12000000.0,16.300417291085605,0.0
856495,Azor Matusiwa,M,MID,Ligue 1,22,1857.0,7.2,0.0454545454545454,0.1363636363636363,0.5355955519889947,0.1807580435957485,0.0718315057626661,46.22012654871377,0.8623800034925473,0.8674903166400607,5.738741034246652,1.3088136582518606,2.5451222934369,7.0,311.0,36.0,44.42857142857143,2.0,26.0,False,121.0,4.0,False,315145.0,Stade Rennais FC,Pivote,Ipswich Town,1998.0,27.0,100.0,8000000.0,11700000.0,8000000.0,15.894952224644102,0.0
856553,Ridle Baku,M,MID,Bundesliga,28,2267.0,7.042857142857143,0.1428571428571428,0.1619718309859155,1.2867299007048465,0.1357274018438176,0.1192186019791537,34.272633396028525,1.028578884919444,0.7663555376424233,3.9591541043943863,0.7277538386271264,1.6521658042162843,3.0,89.0,15.0,29.666666666666668,0.0,0.0,False,57.0,2.0,False,327251.0,RB Leipzig,Lateral derecho,RB Leipzig,1998.0,27.0,100.0,9000000.0,12800000.0,9000000.0,16.012735246411598,0.0
856638,Mitchel Bakker,M,MID,Ligue 1,14,911.0,7.0,0.173469387755102,0.0714285714285714,1.4891163251472164,0.1662091144827154,0.1460764219188699,40.182154135661946,1.2964622148475269,0.7820114641789518,3.0731362967722298,0.7317770257911104,1.4715772672705447,7.0,281.0,48.0,40.142857142857146,3.0,36.0,False,183.0,2.0,False,361065.0,LOSC Lille,Interior izquierdo,Atalanta de Bérgamo,2000.0,25.0,100.0,7000000.0,4400000.0,7000000.0,15.76142084987672,0.0
856640,Mads Hermansen,G,GK,Premier League,19,1665.0,7.057894736842105,0.0,0.0,0.0,,0.0018613489473684,33.89473684210526,0.0,0.5816518631506524,0.3684210526315789,0.0,0.0526315789473684,5.0,189.0,26.0,37.8,3.0,136.0,True,78.0,5.0,False,400536.0,Leicester City,Portero,West Ham United,2000.0,25.0,100.0,15000000.0,15500000.0,15000000.0,16.52356082573315,4.0
855829,Juan Miranda,D,DEF,Serie A,25,2121.0,7.216,0.0,0.2855696202531645,0.8018181818181819,0.0483202922077922,0.2209526979356955,56.98505710801574,2.280210054445837,0.8185936497473779,4.164611751369733,0.8473878020713463,1.1056846950517838,5.0,87.0,12.0,17.4,1.0,10.0,False,35.0,3.0,False,341227.0,Bolonia,Lateral izquierdo,Bolonia,2000.0,25.0,100.0,15000000.0,15700000.0,15000000.0,16.52356082573315,0.0
855830,Hugo Guillamón,M,MID,La Liga,4,281.0,6.7,0.0,0.0,0.2922077922077922,0.0208051948051948,0.0460973021033314,41.6352343308865,0.2922077922077922,0.8032491201608849,3.244918125352908,1.6605025409373235,1.4105025409373235,0.0,0.0,0.0,0.0,0.0,0.0,False,0.0,2.0,False,495629.0,Valencia CF,Pivote,HNK Hajduk Split,2000.0,25.0,100.0,2500000.0,2100000.0,2500000.0,14.731801689838347,0.0
855832,Antonio Blanco,M,MID,La Liga,33,2718.0,6.7696969696969695,0.0,0.0303030303030303,0.7972300884881439,0.0478058266458798,0.0561551474417014,40.51800701733405,0.5169726107226107,0.7870615168642595,4.575468926366133,1.3864386710076475,2.213504632272606,1.0,7.0,1.0,7.0,1.0,7.0,False,7.0,2.0,False,495621.0,Deportivo Alavés,Pivote,Deportivo Alavés,2000.0,25.0,100.0,10000000.0,9700000.0,10000000.0,16.118095750958314,0.0
855833,Ferran Torres,F,FWD,La Liga,13,800.0,7.130769230769231,0.521186440677966,0.4317427102761225,4.519617683585168,0.640073948427943,0.2086829395814984,27.834639526886235,1.5761355816201963,0.7705935721651078,2.999777893527455,0.5384980764106545,0.7448279676902796,10.0,271.0,60.0,27.1,3.0,130.0,False,89.0,2.0,False,398184.0,FC Barcelona,Delantero centro,FC Barcelona,2000.0,25.0,100.0,40000000.0,54000000.0,40000000.0,17.50439003707821,0.0
855835,Sergio Gómez,M,MID,La Liga,35,2692.0,7.151428571428572,0.0571428571428571,0.151176520999956,0.5854358168896359,0.1440529961890468,0.2440627409936356,36.643624216412384,1.9343592249772563,0.8252594514645283,4.2263898536328055,0.6163340190752447,2.274149465162839,2.0,45.0,5.0,22.5,1.0,11.0,False,34.0,5.0,False,366930.0,Real Sociedad,Lateral izquierdo,Real Sociedad,2000.0,25.0,100.0,20000000.0,14600000.0,20000000.0,16.811242881518265,0.0
855854,Dani de Wit,M,MID,Bundesliga,14,1005.0,6.757142857142857,0.1428571428571428,0.1428571428571428,1.346283617780981,0.2430067817014446,0.0385782896989169,29.62032776524569,0.8536459527631278,0.6979075398884369,5.65401360355954,0.8604084795483479,2.201590056513002,5.0,253.0,45.0,50.6,0.0,0.0,False,111.0,3.0,False,340459.0,VfL Bochum,Mediocentro ofensivo,FC Utrecht,1998.0,27.0,100.0,2500000.0,2700000.0,2500000.0,14.731801689838347,0.0
855864,Ethan Pinnock,D,DEF,Premier League,20,1740.0,6.955,0.1,0.0,0.45,0.17574,0.0324103855,49.0,0.4,0.8597073829389996,5.15,1.3,1.75,4.0,156.0,25.0,39.0,3.0,130.0,False,64.0,2.0,False,442248.0,Brentford FC,Defensa central,Brentford FC,1993.0,32.0,100.0,7000000.0,3700000.0,7000000.0,15.76142084987672,0.0
855922,Dinko Horkaš,G,GK,La Liga,13,1083.0,6.961538461538462,0.0,0.0,0.0,,0.0019456684615384,39.15384615384615,0.0,0.7245670972816918,0.1538461538461538,0.0,0.0,2.0,32.0,4.0,16.0,0.0,0.0,False,20.0,3.0,False,357770.0,UD Las Palmas,Portero,UD Las Palmas,1999.0,26.0,100.0,1200000.0,2300000.0,1200000.0,13.997832948091215,3.074792243767313
851596,Justin Kluivert,M,MID,Premier League,22,1635.0,7.295454545454546,0.5556597607416349,0.1910361089370282,2.914271871929107,0.4504979469556268,0.1153846654425473,23.75768821410318,1.9149961810424536,0.789130040550921,3.622329878839642,0.6203667001813659,1.0098333765868244,14.0,397.0,58.0,28.357142857142858,1.0,11.0,False,124.0,3.0,False,330659.0,AFC Bournemouth,Mediocentro ofensivo,AFC Bournemouth,1999.0,26.0,100.0,35000000.0,29000000.0,35000000.0,17.370858648025116,0.0
851671,João Félix,M,MID,Serie A,13,882.0,7.146153846153847,0.1914335664335664,0.0769230769230769,3.588034999591603,0.3690642915308438,0.1698256386881345,35.14854583654236,1.3318534191175702,0.8328113667220064,6.533273275328886,0.2587412587412587,1.059843665106823,17.0,389.0,52.0,22.88235294117647,2.0,29.0,False,75.0,2.0,False,462250.0,AC Milan,Mediapunta,Al-Nassr FC,1999.0,26.0,100.0,20000000.0,24000000.0,20000000.0,16.811242881518265,0.0
852404,Mattéo Guendouzi,M,MID,Serie A,36,3184.0,7.066666666666666,0.0277777777777777,0.083645443196005,0.7181013686967066,0.065799272572225,0.0739129176141007,57.71053496180947,1.2296273493749252,0.9047322683817622,2.868506386841742,0.8675799086757991,1.045052194669311,11.0,251.0,31.0,22.818181818181817,3.0,19.0,False,105.0,5.0,False,465830.0,SS Lazio,Mediocentro,Fenerbahce,1999.0,26.0,100.0,32000000.0,27000000.0,32000000.0,17.281246492014,0.0
855647,Harvey Barnes,F,FWD,Premier League,10,621.0,7.06,0.5708286548394341,0.28125,2.546080389620683,0.4777500946623775,0.253075836974608,26.01198822010692,1.4181406124093472,0.8229324954324955,4.027419560983442,0.409585390812255,1.01537779575077,7.0,378.0,71.0,54.0,3.0,194.0,False,131.0,,False,398065.0,Newcastle United,Extremo izquierdo,Newcastle United,1997.0,28.0,100.0,35000000.0,35000000.0,35000000.0,17.370858648025116,0.0
855663,Diogo Leite,D,DEF,Bundesliga,28,2449.0,7.207142857142857,0.0357142857142857,0.0714285714285714,0.6071428571428571,0.0876533333333333,0.0819334484933035,47.033482142857146,0.4285714285714285,0.7674515802878458,6.758928571428571,1.9933035714285716,2.236607142857143,6.0,215.0,17.0,35.833333333333336,2.0,146.0,True,133.0,,True,357156.0,1.FC Unión Berlín,Defensa central,Sin equipo,1999.0,26.0,100.0,17000000.0,11600000.0,17000000.0,16.648723960844016,0.0
855731,David Brooks,M,MID,Premier League,9,581.0,6.766666666666667,0.0,0.0,1.576561539812935,0.2179930835692606,0.1004645839104084,21.977501271315088,1.1973019572747754,0.8037441920114554,3.8901358846822354,0.3986831472230385,1.377105947535052,17.0,1054.0,150.0,62.0,2.0,95.0,False,325.0,4.0,False,277033.0,AFC Bournemouth,Extremo derecho,AFC Bournemouth,1997.0,28.0,100.0,10000000.0,12800000.0,10000000.0,16.118095750958314,0.0
855808,Samuel Essende,F,FWD,Bundesliga,23,1522.0,6.834782608695652,0.4143632561308968,0.1171415172889012,2.7446444343537526,0.3203229488379687,0.0773707632710517,16.144666453112105,0.5795707613204462,0.6615568645619796,6.884336471429482,0.0,0.521662400913951,1.0,13.0,2.0,13.0,1.0,13.0,False,13.0,4.0,False,395522.0,FC Augsburgo,Delantero centro,BSC Young Boys,1998.0,27.0,100.0,4500000.0,3100000.0,4500000.0,15.319588176962746,0.0
855810,Timothy Weah,M,MID,Serie A,22,1530.0,6.995454545454546,0.3625925741836075,0.1147919876733436,1.1715970864145913,0.3120801690046981,0.0783174828033089,35.92418935414762,1.188499877645513,0.8635216377301597,4.395965409261977,0.7363306343827336,1.9197286120991683,13.0,616.0,87.0,47.38461538461539,4.0,107.0,False,194.0,5.0,False,370846.0,Juventus de Turín,Interior derecho,Olympique de Marsella,2000.0,25.0,100.0,17000000.0,18200000.0,17000000.0,16.648723960844016,0.0
864169,Pau Torres,D,DEF,Premier League,17,1530.0,6.729411764705882,0.0,0.0,0.4117647058823529,0.0854833333333333,0.0201230076470588,61.23529411764706,0.0588235294117647,0.882474184631764,2.9411764705882355,0.3529411764705882,1.0,7.0,181.0,38.0,25.857142857142858,3.0,100.0,False,63.0,3.0,False,399776.0,Aston Villa,Defensa central,Aston Villa,1997.0,28.0,100.0,32000000.0,23000000.0,32000000.0,17.281246492014,0.0
864898,Nicolò Zaniolo,F,FWD,Serie A,5,357.0,6.6,0.0,0.2608695652173913,1.843613870092844,0.1528879610482176,0.0401406249297053,15.1787306421305,1.065319213929335,0.776890756302521,4.887058344364117,0.0,0.7139131360442835,27.0,779.0,127.0,28.85185185185185,8.0,161.0,False,267.0,4.0,False,392085.0,Fiorentina,Mediapunta,Udinese,1999.0,26.0,100.0,12000000.0,12300000.0,12000000.0,16.300417291085605,0.0
864921,Eberechi Eze,F,FWD,Premier League,23,1903.0,7.243478260869565,0.0889787664307381,0.2831208671787716,3.897491554194637,0.2944206381687013,0.1552854624925959,33.29222174827964,2.4184537258789205,0.8186978170935447,5.991013368381847,0.4442617714478974,1.6573755657085087,9.0,310.0,35.0,34.44444444444444,5.0,118.0,False,163.0,4.0,False,479999.0,Crystal Palace,Mediocentro ofensivo,Arsenal FC,1998.0,27.0,100.0,55000000.0,63000000.0,55000000.0,17.822843761378564,0.0
865057,Patson Daka,F,FWD,Premier League,4,181.0,6.725,0.75,0.0,1.5,0.273,0.0046019166666666,10.42741935483871,0.0,0.5069444444444444,7.903225806451613,0.0,3.7016129032258074,6.0,177.0,36.0,29.5,1.0,88.0,False,88.0,2.0,False,365172.0,Leicester City,Delantero centro,Hamburgo SV,1998.0,27.0,100.0,9000000.0,4900000.0,9000000.0,16.012735246411598,0.0
865167,Lloyd Kelly,D,DEF,Serie A,16,1287.0,6.84375,0.0,0.0827205882352941,0.6481275649794802,0.1043587123803009,0.0248453054584069,53.565853612712814,0.3327205882352941,0.8289607800075676,4.967889430797597,0.2077205882352941,1.3534504550050557,16.0,641.0,83.0,40.0625,4.0,110.0,False,139.0,4.0,False,480116.0,Juventus de Turín,Defensa central,Juventus de Turín,1998.0,27.0,100.0,16000000.0,21000000.0,16000000.0,16.588099342704055,0.0
865523,Noah Okafor,F,FWD,Serie A,5,327.0,6.56,0.0,0.0,2.143179255578482,0.160565268218463,0.1424846102733731,17.783802590486655,1.0903225806451613,0.8028571428571428,4.863233715873636,0.576036866359447,0.2903225806451613,32.0,570.0,98.0,17.8125,10.0,153.0,False,98.0,4.0,False,346890.0,SSC Nápoles,Extremo izquierdo,Leeds United,2000.0,25.0,100.0,13000000.0,19800000.0,13000000.0,16.380459992348886,0.0
865646,Marco Carnesecchi,G,GK,Serie A,34,3060.0,7.188235294117647,0.0,0.0,0.0,,0.0006804232352941,26.529411764705884,0.0294117647058823,0.7122854895507017,0.3529411764705882,0.0,0.0,5.0,228.0,22.0,45.6,1.0,11.0,False,115.0,3.0,False,459763.0,Atalanta de Bérgamo,Portero,Atalanta de Bérgamo,2000.0,25.0,100.0,25000000.0,26000000.0,25000000.0,17.034386422832473,2.88235294117647
865651,Giacomo Raspadori,F,FWD,Serie A,12,924.0,7.341666666666666,0.4415602720791503,0.0,3.335911186671369,0.3370044660123806,0.156853359849705,26.09407956299321,1.8634690015836943,0.7710473900955962,3.793935084930574,0.3497023809523809,1.1912117928920622,6.0,126.0,23.0,21.0,1.0,7.0,False,44.0,5.0,False,405885.0,SSC Nápoles,Mediapunta,Atalanta de Bérgamo,2000.0,25.0,100.0,25000000.0,23000000.0,25000000.0,17.034386422832473,0.0
861324,Hugo Magnetti,M,MID,Ligue 1,27,2170.0,6.7,0.037037037037037,0.0,0.7244367205432914,0.0684678581253663,0.0258258140853654,39.88576298823446,0.2403988192147729,0.8554663710260912,3.657841850495248,0.6459475474497458,2.0044648546099526,0.0,0.0,0.0,0.0,0.0,0.0,False,0.0,2.0,False,474662.0,Stade Brestois 29,Mediocentro,Stade Brestois 29,1998.0,27.0,100.0,6000000.0,5500000.0,6000000.0,15.607270193858982,0.0
861972,Calvin Bassey,D,DEF,Premier League,26,2340.0,6.834615384615384,0.0384615384615384,0.0,0.5,0.111,0.010874733076923,64.15384615384616,0.0769230769230769,0.8987139663973573,4.153846153846154,0.5384615384615384,1.5,3.0,22.0,5.0,7.333333333333333,1.0,4.0,False,10.0,2.0,False,461883.0,Fulham FC,Defensa central,Fulham FC,1999.0,26.0,100.0,25000000.0,29000000.0,25000000.0,17.034386422832473,0.0
862464,Antonio Candela,D,DEF,Serie A,25,1905.0,6.484,0.0,0.04,0.2234482758620689,0.0723586206896551,0.0503786828328517,31.35074858052529,0.6160060629026147,0.7600375433976336,3.975542671714944,0.6189617279272451,2.04544602090956,1.0,54.0,10.0,54.0,0.0,0.0,False,54.0,2.0,False,392881.0,Real Valladolid CF,Lateral derecho,US Catanzaro,2000.0,25.0,100.0,1800000.0,980000.0,1800000.0,14.403297778421797,0.0
862697,Nicolò Casale,D,DEF,Serie A,13,913.0,6.7846153846153845,0.0,0.0769230769230769,0.3076923076923077,0.116775,0.0393405455288461,52.01923076923077,0.2307692307692307,0.8783253172575586,5.163461538461538,1.2403846153846154,1.3846153846153846,15.0,236.0,37.0,15.733333333333333,6.0,72.0,False,38.0,3.0,False,389837.0,Bolonia,Defensa central,Bolonia,1998.0,27.0,100.0,6000000.0,5400000.0,6000000.0,15.607270193858982,0.0
862967,Cody Gakpo,M,MID,Premier League,15,1135.0,7.633333333333334,0.6509257058273651,0.2215686274509803,2.8715629122841344,0.4055867748067582,0.1956860840313243,25.82161711646214,1.988768139750564,0.8178762717849057,5.130581482587636,0.3824884792626728,1.4541836955403622,13.0,223.0,47.0,17.153846153846153,3.0,40.0,False,63.0,5.0,False,434675.0,Liverpool FC,Extremo izquierdo,Liverpool FC,1999.0,26.0,100.0,70000000.0,63000000.0,70000000.0,18.064005814299342,0.0
863133,Aron Dønnum,M,MID,Ligue 1,30,2585.0,7.166666666666667,0.0666666666666666,0.0666666666666666,0.9886388953832188,0.1081025420778301,0.1889393571127754,31.10147752864513,1.591016213977086,0.7638466123377119,5.634770925876561,0.8950800427774556,1.8837342792961715,3.0,21.0,1.0,7.0,1.0,5.0,False,8.0,2.0,False,476836.0,Toulouse FC,Interior derecho,Toulouse FC,1998.0,27.0,100.0,4000000.0,5400000.0,4000000.0,15.201805169084134,0.0
863271,Jeff Chabot,D,DEF,Bundesliga,26,2146.0,7.053846153846154,0.125,0.0524475524475524,0.7569493915647763,0.1650438076995769,0.032783787709047,78.02869673535575,0.2667332667332667,0.8901755068625061,5.75606014986038,1.5084915084915085,1.452696413804336,11.0,171.0,28.0,15.545454545454543,2.0,17.0,False,64.0,3.0,False,303219.0,VfB Stuttgart,Defensa central,VfB Stuttgart,1998.0,27.0,100.0,12000000.0,15500000.0,12000000.0,16.300417291085605,0.0
863653,Aaron Wan-Bissaka,D,DEF,Premier League,24,2136.0,7.079166666666667,0.0833333333333333,0.0833333333333333,0.5416666666666666,0.0917545454545454,0.0818597112072362,41.227213650846885,0.9588014981273408,0.813267084000346,4.917602996254682,1.8073746436357536,1.8338014981273407,11.0,274.0,42.0,24.90909090909091,2.0,118.0,False,73.0,6.0,False,477758.0,West Ham United,Lateral derecho,West Ham United,1997.0,28.0,100.0,24000000.0,21000000.0,24000000.0,16.993564429978885,0.0
859026,Amine Gouiri,F,FWD,Ligue 1,28,1973.0,7.267857142857143,0.4894173525613102,0.3223214285714286,3.6997549958201534,0.533046848030828,0.1462686141883497,27.596672681192647,1.6206681000159262,0.8443875536811462,2.605861763964487,0.1251552795031056,0.6113239943008527,10.0,411.0,80.0,41.1,3.0,46.0,False,227.0,4.0,False,418659.0,Olympique de Marsella,Delantero centro,Olympique de Marsella,2000.0,25.0,100.0,30000000.0,30000000.0,30000000.0,17.216707972959764,0.0
859027,Maxence Caqueret,M,MID,Serie A,22,1593.0,6.922727272727273,0.1330464881496081,0.2115384615384615,0.7664554025924154,0.1752429733764923,0.0810448224484841,44.470431260727366,1.5146635295131796,0.8469020847019562,5.186249493836041,0.7023294903651912,2.8596373061230858,4.0,128.0,9.0,32.0,2.0,63.0,False,36.0,4.0,False,395237.0,Como 1907,Mediocentro,Como 1907,2000.0,25.0,100.0,16000000.0,15500000.0,16000000.0,16.588099342704055,0.0
859741,Arvid Brorsson,D,DEF,Serie A,4,344.0,6.775,0.0,0.0,0.0,,0.0045925083108108,59.83783783783784,0.0,0.9235667971260004,3.858108108108108,0.5540540540540541,1.108108108108108,1.0,189.0,20.0,189.0,0.0,0.0,False,189.0,2.0,False,381706.0,AC Monza,Defensa central,AC Monza,1999.0,26.0,100.0,600000.0,520000.0,600000.0,13.304686600863562,0.0
859765,Phil Foden,M,MID,Premier League,19,1534.0,7.43157894736842,0.4171635986518019,0.075187969924812,2.5777695270462737,0.3203633248946469,0.2550452359466085,41.797988562414176,2.1792256404860075,0.8925258201697692,2.9464437029826773,0.5939201451905627,0.6371701367361432,13.0,217.0,41.0,16.692307692307693,5.0,43.0,False,51.0,5.0,False,406635.0,Manchester City,Mediocentro ofensivo,Manchester City,2000.0,25.0,100.0,100000000.0,76000000.0,100000000.0,18.420680753952364,0.0
859773,Óscar Mingueza,M,MID,La Liga,33,2736.0,7.093939393939394,0.157097288676236,0.2128021790943139,1.1019400934676873,0.0676694948338061,0.202022777226892,58.67480664752243,1.1017209245490966,0.7860101800313124,3.3363297374406677,0.783791236928441,1.2030663970371027,6.0,139.0,23.0,23.166666666666668,1.0,6.0,False,78.0,5.0,False,331505.0,RC Celta de Vigo,Lateral derecho,Crystal Palace,1999.0,26.0,100.0,20000000.0,18700000.0,20000000.0,16.811242881518265,0.0
859901,Oliver Skipp,M,MID,Premier League,9,634.0,6.555555555555555,0.0,0.0,0.2581699346405228,0.0406735294117647,0.0328917483434372,41.01986834852014,1.1675179509956324,0.8774885658357081,4.135517498138496,0.9248366013071896,1.198477703317614,6.0,235.0,38.0,39.16666666666666,3.0,20.0,False,146.0,4.0,False,406638.0,Leicester City,Pivote,Leicester City,2000.0,25.0,100.0,10000000.0,6800000.0,10000000.0,16.118095750958314,0.0
859999,Lisandro Martínez,D,DEF,Premier League,20,1754.0,7.135,0.1,0.05,0.8597560975609756,0.1193361419068736,0.0670505091872517,67.94204697741283,0.4692307692307692,0.8932936727658491,3.5143490655685783,1.6663166102190492,2.0315172632245804,12.0,721.0,120.0,60.083333333333336,5.0,486.0,True,292.0,2.0,False,480762.0,Manchester United,Defensa central,Manchester United,1998.0,27.0,100.0,40000000.0,42000000.0,40000000.0,17.50439003707821,0.0
860307,Facundo Medina,D,DEF,Ligue 1,28,2456.0,6.932142857142857,0.0,0.0,0.9447719089471064,0.1108578265672475,0.1096595412585549,62.87950297451858,0.8029598825831703,0.8817137125240097,3.549906220553161,1.1545933375185349,1.461442314134814,8.0,173.0,29.0,21.625,1.0,5.0,False,85.0,5.0,False,474800.0,RC Lens,Defensa central,Olympique de Marsella,1999.0,26.0,100.0,25000000.0,18100000.0,25000000.0,17.034386422832473,0.0
857205,Fernando Calero,D,DEF,La Liga,7,525.0,6.957142857142857,0.0,0.0,0.0,,0.0064795794342626,45.95746225650276,0.1428571428571428,0.8612457236901002,4.2027518485115865,1.5307499210455202,2.1946154672640072,3.0,35.0,8.0,11.666666666666666,0.0,0.0,False,15.0,2.0,False,357884.0,RCD Espanyol,Defensa central,Málaga CF,1995.0,30.0,100.0,1500000.0,2100000.0,1500000.0,14.220976332738882,0.0
857574,Andriy Lunin,G,GK,La Liga,7,630.0,7.071428571428571,0.0,0.1428571428571428,0.0,,0.0007367671428571,24.428571428571427,0.1428571428571428,0.8650735294117647,0.5714285714285714,0.0,0.1428571428571428,10.0,88.0,17.0,8.8,4.0,38.0,False,13.0,5.0,False,404839.0,Real Madrid CF,Portero,Real Madrid CF,1999.0,26.0,100.0,18000000.0,14100000.0,18000000.0,16.705882371415992,1.8571428571428572
857671,Jens Cajuste,M,MID,Premier League,18,1327.0,6.655555555555555,0.0,0.0,0.4168300668250163,0.068214893505,0.0219728535708921,33.73451866961623,0.5442505279182303,0.8550610204366236,4.598787986733606,1.259525165240288,2.00252084086374,10.0,206.0,31.0,20.6,5.0,51.0,False,63.0,3.0,False,468066.0,Ipswich Town,Pivote,SSC Nápoles,1999.0,26.0,100.0,12000000.0,7600000.0,12000000.0,16.300417291085605,0.0
857772,Hamza Rafia,M,MID,Serie A,14,985.0,6.914285714285714,0.0,0.0,0.6903531620190575,0.0994606130613451,0.1097845318229695,39.07911499539374,1.29221288520781,0.8057050257566608,6.746530217506505,0.2795031055900621,3.282274153001141,6.0,108.0,25.0,18.0,1.0,33.0,False,33.0,4.0,False,418571.0,US Lecce,Mediocentro,Esperance Tunis,1999.0,26.0,100.0,1400000.0,980000.0,1400000.0,14.151983508870948,0.0
858195,Sergio Reguilón,D,DEF,Premier League,3,121.0,6.933333333333334,0.0,0.0,0.6666666666666666,0.142,0.1687931333333333,59.5,0.75,0.717948717948718,11.5,1.3333333333333333,2.833333333333333,13.0,318.0,47.0,24.46153846153846,0.0,0.0,False,68.0,2.5,False,282429.0,Tottenham Hotspur,Lateral izquierdo,Inter Miami CF,1996.0,29.0,100.0,6000000.0,4900000.0,6000000.0,15.607270193858982,0.0
859024,Yacine Adli,M,MID,Serie A,15,1095.0,7.16,0.3398268398268398,0.339003159003159,0.9716548780757748,0.1312234055994467,0.1337042248955719,52.840282408169095,1.6007126608858788,0.8576184752376534,4.023261080580088,0.2759493670886075,2.236890978776289,6.0,146.0,11.0,24.33333333333333,2.0,40.0,False,58.0,3.0,False,395236.0,Fiorentina,Pivote,Al-Shabab FC,2000.0,25.0,100.0,11000000.0,9300000.0,11000000.0,16.213405921671733,0.0
859025,Aurélien Tchouaméni,D,DEF,La Liga,30,2593.0,7.1066666666666665,0.0,0.0,0.5869047619047619,0.1187160714285714,0.0280512522603957,65.66455399061033,0.1476190476190476,0.9283966508311788,5.090442655935614,1.5964285714285715,1.6226022803487592,12.0,192.0,40.0,16.0,5.0,116.0,False,48.0,3.0,False,413112.0,Real Madrid CF,Pivote,Real Madrid CF,2000.0,25.0,100.0,75000000.0,78000000.0,75000000.0,18.13299868483392,0.0
871765,Nicolás Domínguez,M,MID,Premier League,17,1207.0,6.964705882352941,0.0,0.0,0.9928619973486476,0.1211672214884494,0.0682552839479756,44.67927760776772,0.4454644530470786,0.8664288554284527,5.823559507454597,1.5970173506181045,3.948248290083528,9.0,297.0,25.0,33.0,1.0,117.0,True,117.0,3.0,False,497291.0,Nottingham Forest,Mediocentro,Nottingham Forest,1998.0,27.0,100.0,18000000.0,14700000.0,18000000.0,16.705882371415992,0.0
872307,Jakov Medić,D,DEF,Bundesliga,17,1483.0,6.747058823529412,0.0588235294117647,0.0,0.7032178725148597,0.0940150261324041,0.0324476412147403,42.19800939850321,0.182209469153515,0.8646261216130569,2.9092559315274604,1.1303235985261946,0.6087180570848116,7.0,130.0,11.0,18.571428571428573,3.0,24.0,False,78.0,3.0,False,488755.0,VfL Bochum,Defensa central,Norwich City,1998.0,27.0,100.0,2000000.0,1900000.0,2000000.0,14.508658238524095,0.0
872919,Ruben Vargas,M,MID,La Liga,13,890.0,6.93076923076923,0.2009832272990167,0.0844277673545966,2.667496837729912,0.3580514907182132,0.1921681496039499,30.02957632149185,1.7808096993424471,0.7571688355699098,4.512213290120098,0.37827653318978,0.9375046856764992,22.0,610.0,78.0,27.727272727272727,4.0,183.0,True,92.0,4.0,False,345886.0,Sevilla FC,Extremo izquierdo,Sevilla FC,1998.0,27.0,100.0,7000000.0,11100000.0,7000000.0,15.76142084987672,0.0
873106,Hiroki Itō,D,DEF,Bundesliga,4,238.0,7.25,0.3571428571428571,0.0,0.3571428571428571,0.5095714285714286,0.2050497708958711,68.5338078355281,1.675054571913655,0.8529110526685958,3.640258735072976,2.3630797819976888,0.5921052631578947,12.0,519.0,91.0,43.25,4.0,328.0,True,192.0,3.0,False,353892.0,Bayern Múnich,Defensa central,Bayern Múnich,1999.0,26.0,100.0,25000000.0,19800000.0,25000000.0,17.034386422832473,0.0
873189,Juan Foyth,D,DEF,La Liga,16,1404.0,7.2875,0.0625,0.0,1.0855263157894737,0.2673751461988304,0.0552234957265866,54.63312693498452,0.375,0.8625185495945004,4.654895510835913,1.176954334365325,1.6029411764705883,13.0,1039.0,138.0,79.92307692307692,2.0,302.0,False,220.0,4.0,False,480763.0,Villarreal CF,Defensa central,Villarreal CF,1998.0,27.0,100.0,15000000.0,16100000.0,15000000.0,16.52356082573315,0.0
873347,Lars Ritzka,D,DEF,Bundesliga,13,841.0,6.7846153846153845,0.0,0.0,0.8753496288008799,0.0908184708697974,0.0225245104903916,33.47991700955947,0.3850673126656516,0.7263417422225624,6.156767861017155,1.0044005439298935,4.88423782042564,8.0,61.0,7.0,7.625,3.0,27.0,False,13.0,,False,333903.0,FC St. Pauli,Lateral izquierdo,FC St. Pauli,1998.0,27.0,100.0,1000000.0,1100000.0,1000000.0,13.815511557963774,0.0
873534,Krépin Diatta,D,DEF,Ligue 1,4,267.0,6.65,0.0,0.0,0.0,,0.0907689590909091,49.38636363636364,1.181818181818182,0.801093931719297,6.795454545454546,1.431818181818182,3.6818181818181817,15.0,540.0,96.0,36.0,4.0,108.0,False,225.0,,True,490426.0,AS Mónaco,Interior derecho,Sin equipo,1999.0,26.0,100.0,7000000.0,5800000.0,7000000.0,15.76142084987672,0.0
873551,Mostafa Mohamed,F,FWD,Ligue 1,14,931.0,6.9,0.1798289738430583,0.0,3.1930247993229424,0.3790703100430735,0.0135194551477837,15.54952520295318,0.375,0.6143136975069748,8.305458789786924,0.6523599594814609,1.3550950293792174,8.0,65.0,9.0,8.125,3.0,20.0,False,14.0,2.0,False,462348.0,FC Nantes,Delantero centro,FC Nantes,1997.0,28.0,100.0,5000000.0,4300000.0,5000000.0,15.424948670398354,0.0
869888,Alessio Zerbin,M,MID,Serie A,17,1506.0,6.876470588235295,0.0608519269776876,0.0637845499645641,0.895217252055087,0.1730566985645933,0.1392396286701712,24.07990690208255,1.511199918709749,0.6582141583635255,6.677361951274726,0.8972456496210099,2.858065549268709,6.0,145.0,20.0,24.166666666666668,0.0,0.0,False,50.0,4.0,False,433584.0,Venezia FC,Interior derecho,Frosinone Calcio,1999.0,26.0,100.0,4000000.0,2400000.0,4000000.0,15.201805169084134,0.0
869931,Yvan Neyou,M,MID,La Liga,28,2289.0,6.857142857142857,0.0357142857142857,0.0357142857142857,0.6364182036450944,0.0548721988795518,0.0496925420437594,43.40025275772769,0.5340561224489796,0.8745755673844016,5.4232035031731085,0.8898822645891157,1.9773359725094508,3.0,85.0,15.0,28.33333333333333,1.0,21.0,False,37.0,3.0,False,469669.0,CD Leganés,Pivote,Getafe CF,1997.0,28.0,100.0,3000000.0,2300000.0,3000000.0,14.914123179965662,0.0
870211,Alberto Dossena,D,DEF,Serie A,21,1788.0,6.838095238095238,0.0,0.0957731407169609,0.630114149847886,0.0936776997622338,0.0205441011035797,49.87416021611381,0.2862493311931514,0.8737454483278048,5.607349161630277,1.1141371057460598,1.7528320116961826,6.0,328.0,30.0,54.66666666666666,5.0,325.0,True,286.0,3.0,False,385394.0,Como 1907,Defensa central,Como 1907,1998.0,27.0,100.0,8000000.0,6500000.0,8000000.0,15.894952224644102,0.0
870263,Alessandro Buongiorno,D,DEF,Serie A,22,1926.0,7.163636363636363,0.0454545454545454,0.0,0.3636363636363636,0.1157285714285714,0.027061414186217,59.40867851906159,0.2272727272727272,0.9026950171358392,4.899651759530792,1.67095857771261,1.8507148093841643,16.0,400.0,50.0,25.0,7.0,187.0,False,76.0,4.0,False,386446.0,SSC Nápoles,Defensa central,SSC Nápoles,1999.0,26.0,100.0,50000000.0,37000000.0,50000000.0,17.72753358339242,0.0
870360,Daniel Muñoz,M,MID,Premier League,26,2330.0,7.130769230769231,0.1153846153846153,0.1538461538461538,1.1247959281667148,0.2295466014703842,0.0918901596240276,33.16724286949006,1.3166714683568617,0.7269387014941698,6.602179967348507,1.198309805051378,3.552578507634687,4.0,85.0,18.0,21.25,1.0,4.0,False,45.0,3.0,False,493003.0,Crystal Palace,Lateral derecho,Crystal Palace,1996.0,29.0,100.0,25000000.0,28000000.0,25000000.0,17.034386422832473,0.0
871290,Lucas Perri,G,GK,Ligue 1,32,2880.0,7.125,0.0,0.0,0.0,,0.00159827,25.8125,0.03125,0.7521715037324496,0.46875,0.0,0.03125,1.0,32.0,4.0,32.0,0.0,0.0,False,32.0,4.0,False,352041.0,Olympique de Lyon,Portero,Leeds United,1997.0,28.0,100.0,10000000.0,11900000.0,10000000.0,16.118095750958314,3.5
871621,Oladapo Afolayan,F,FWD,Bundesliga,18,1297.0,6.755555555555556,0.1186797752808988,0.0,2.4096739833904066,0.2333136248240927,0.1651615356513788,19.932409804307976,0.9810646295504488,0.7516127682278353,6.664444996022667,0.4381200020244964,1.1506222344042003,1.0,32.0,3.0,32.0,1.0,32.0,False,32.0,2.0,False,487850.0,FC St. Pauli,Extremo derecho,Blackburn Rovers,1997.0,28.0,100.0,4000000.0,1900000.0,4000000.0,15.201805169084134,0.0
871706,Randal Kolo Muani,F,FWD,Serie A,16,1296.0,7.10625,0.6094810196222262,0.0625,2.2449941938457902,0.5153053676175308,0.0601073856070272,15.354725391027772,1.1275272785622592,0.7214410873998722,4.59099149365545,0.2875811103100216,0.9094210636979329,7.0,101.0,15.0,14.428571428571429,3.0,20.0,False,46.0,3.0,False,487969.0,París Saint-Germain FC,Delantero centro,París Saint-Germain FC,1998.0,27.0,100.0,30000000.0,20000000.0,30000000.0,17.216707972959764,0.0
867445,Emile Smith Rowe,M,MID,Premier League,22,1625.0,6.977272727272728,0.2549806058264302,0.1078235099389946,1.6818058528363544,0.2995007153710242,0.0821573855278335,42.02066577101749,0.8454125833009787,0.9054403774593264,3.1640267216405022,0.3876897110452137,1.3346729660369918,18.0,703.0,128.0,39.05555555555556,5.0,75.0,False,122.0,4.0,False,392765.0,Fulham FC,Mediocentro ofensivo,Fulham FC,2000.0,25.0,100.0,30000000.0,20000000.0,30000000.0,17.216707972959764,0.0
867583,Ben Brereton Díaz,F,FWD,Premier League,6,391.0,6.6000000000000005,0.0,0.0,2.5569438134181435,0.3465464447978191,0.0272744067307,33.72826272149023,0.5446009389671361,0.8037172446428346,4.143367598061487,0.0,0.4456426056338028,1.0,42.0,8.0,42.0,0.0,0.0,False,42.0,3.0,False,426192.0,Southampton FC,Delantero centro,Southampton FC,1999.0,26.0,100.0,7500000.0,5800000.0,7500000.0,15.830413711839864,0.0
867887,Douglas Luiz,M,MID,Serie A,3,247.0,7.266666666666667,0.0,0.0,1.0,0.2143499999999999,0.1306155820895522,58.33830845771144,2.562189054726368,0.8941148510888463,5.124378109452736,0.3333333333333333,1.4477611940298507,11.0,266.0,40.0,24.181818181818183,5.0,111.0,False,49.0,4.0,False,447661.0,Juventus de Turín,Mediocentro,Juventus de Turín,1998.0,27.0,100.0,30000000.0,21000000.0,30000000.0,17.216707972959764,0.0
868223,Benito Ramírez,M,MID,La Liga,6,295.0,6.75,0.0,0.0,1.8020833333333333,0.0859609375,0.2411068700320512,54.21025641025641,2.763141025641026,0.8669948107448108,3.2610576923076926,0.3333333333333333,0.6333333333333333,3.0,61.0,8.0,20.33333333333333,1.0,31.0,False,31.0,2.0,False,282672.0,UD Las Palmas,Extremo izquierdo,FC Cartagena,1995.0,30.0,100.0,700000.0,325000.0,700000.0,13.45883704259595,0.0
868812,Vinicius Júnior,F,FWD,La Liga,25,2066.0,7.524,0.5414899131820805,0.4502703069886332,3.3205906720966807,0.4610890974927026,0.325511954954904,34.07525592826599,2.5079080082974765,0.782259573055595,6.548339386664319,0.1267532467532467,0.7118701021768483,10.0,195.0,35.0,19.5,5.0,114.0,False,59.0,2.0,False,371998.0,Real Madrid CF,Extremo izquierdo,Real Madrid CF,2000.0,25.0,100.0,170000000.0,156000000.0,170000000.0,18.951309000896888,0.0
868964,Philipp Köhn,G,GK,Ligue 1,19,1710.0,6.942105263157895,0.0,0.0,0.0,,0.0004260463157894,25.05263157894737,0.0,0.7372381629865459,0.2105263157894736,0.0,0.0,7.0,314.0,27.0,44.85714285714285,0.0,0.0,False,185.0,3.0,False,251322.0,AS Mónaco,Portero,AS Mónaco,1998.0,27.0,100.0,5000000.0,4099999.0,5000000.0,15.424948670398354,2.4210526315789473
869795,Michael Folorunsho,M,MID,Serie A,6,498.0,7.016666666666667,0.0,0.0,1.0970376522702103,0.1701455315614617,0.0955508254097452,25.48062015503876,0.5833333333333334,0.7381387496519075,8.492940199335548,0.5,2.2851605758582503,20.0,363.0,43.0,18.15,11.0,124.0,True,64.0,4.0,False,377042.0,Fiorentina,Mediocentro,SSC Nápoles,1998.0,27.0,100.0,6000000.0,5500000.0,6000000.0,15.607270193858982,0.0
869856,Dominik Szoboszlai,M,MID,Premier League,21,1687.0,7.338095238095238,0.2535014005602241,0.1428571428571428,2.708447818831103,0.3696566327601874,0.172310714357376,46.85424710191654,1.868089871161353,0.8563961590450837,3.989391149100384,0.4458874458874459,1.2210532083949803,6.0,288.0,55.0,48.0,3.0,63.0,False,192.0,6.0,False,451276.0,Liverpool FC,Mediocentro ofensivo,Liverpool FC,2000.0,25.0,100.0,80000000.0,91000000.0,80000000.0,18.197537205138158,0.0
865847,Mickael Nade,D,DEF,Ligue 1,25,2188.0,6.896,0.04,0.08,0.2,0.10404,0.0207762964207792,53.27896103896104,0.3054545454545455,0.8905811145368334,4.63948051948052,1.290909090909091,2.250909090909091,1.0,43.0,5.0,43.0,1.0,43.0,False,43.0,3.0,False,494586.0,AS Saint-Étienne,Defensa central,AS Saint-Étienne,1999.0,26.0,100.0,2000000.0,2800000.0,2000000.0,14.508658238524095,0.0
865912,Morgan Gibbs-White,M,MID,Premier League,24,1945.0,7.270833333333333,0.2336422608511814,0.2633807846390192,1.981521038011218,0.2188030429490763,0.1833604166730632,39.173609366502326,1.81009539889342,0.8064273319225457,5.651484675527249,0.6689537730852414,1.5821661625227643,5.0,264.0,42.0,52.8,1.0,7.0,False,95.0,3.0,False,429014.0,Nottingham Forest,Mediocentro ofensivo,Nottingham Forest,2000.0,25.0,100.0,50000000.0,57000000.0,50000000.0,17.72753358339242,0.0
866191,Sean Longstaff,M,MID,Premier League,8,582.0,6.8375,0.0,0.0,0.7555875991348233,0.1142874369142033,0.0277544917299441,34.76373666139914,0.4421530673019654,0.8509922707581377,4.883640818008655,0.6213235294117647,3.1321685471781264,9.0,344.0,33.0,38.22222222222222,1.0,28.0,False,121.0,4.0,False,346707.0,Newcastle United,Mediocentro,Leeds United,1997.0,28.0,100.0,20000000.0,15300000.0,20000000.0,16.811242881518265,0.0
866469,Bruno Guimarães,M,MID,Premier League,27,2343.0,7.188888888888889,0.0895365168539325,0.2281289910600255,1.164917194868821,0.1493547407224868,0.1625625863209039,48.07818342036286,1.4346559096233586,0.8230060367484578,7.057811060531519,0.9167835197338468,2.185988049732865,4.0,117.0,22.0,29.25,0.0,0.0,False,63.0,3.0,False,520624.0,Newcastle United,Mediocentro,Newcastle United,1997.0,28.0,100.0,80000000.0,77000000.0,80000000.0,18.197537205138158,0.0
866810,Andoni Gorosabel,D,DEF,La Liga,18,1465.0,6.933333333333334,0.0,0.1111111111111111,0.0,,0.1035835934359272,42.12870867952419,0.9294845641234872,0.8250537144517969,4.569522269866825,1.0637818704671445,2.703025695374288,4.0,195.0,30.0,48.75,0.0,0.0,False,122.0,3.0,False,289255.0,Athletic Club,Lateral derecho,Athletic Club,1996.0,29.0,100.0,5000000.0,3900000.0,5000000.0,15.424948670398354,0.0
867299,Hervé Koffi,G,GK,Ligue 1,5,450.0,7.159999999999999,0.0,0.0,0.0,,0.00119724,22.4,0.0,0.6941707717569786,0.4,0.0,0.2,10.0,230.0,33.0,23.0,2.0,35.0,False,67.0,3.0,False,415383.0,RC Lens,Portero,RC Lens,1996.0,29.0,100.0,1200000.0,4700000.0,1200000.0,13.997832948091215,3.6
867441,Angel Gomes,M,MID,Ligue 1,11,682.0,6.927272727272728,0.0909090909090909,0.101010101010101,0.6883116883116883,0.5893095238095238,0.1204805369148072,41.74299569255982,1.1802439984258166,0.828808830687014,3.5198740653286107,0.0,1.1311819493637676,6.0,133.0,20.0,22.166666666666668,4.0,106.0,False,37.0,3.0,False,392770.0,LOSC Lille,Mediocentro ofensivo,Olympique de Marsella,2000.0,25.0,100.0,20000000.0,12900000.0,20000000.0,16.811242881518265,0.0
867442,Callum Hudson-Odoi,M,MID,Premier League,23,1801.0,7.208695652173914,0.3440930333177586,0.0874450415241817,1.6681289228626914,0.1312741179702684,0.1052640076122912,29.90831117760412,1.85754212174546,0.8676080152239195,3.3414577769034044,0.7236416217374126,0.6898197864547266,17.0,562.0,70.0,33.05882352941177,4.0,81.0,False,144.0,3.0,False,392768.0,Nottingham Forest,Extremo izquierdo,Nottingham Forest,2000.0,25.0,100.0,25000000.0,32000000.0,25000000.0,17.034386422832473,0.0
879349,Pedro Neto,M,MID,Premier League,19,1283.0,7.0,0.2469447612840149,0.2801857585139318,2.0750240010225665,0.1617639413458868,0.1919122920022017,31.148842390738352,1.8381206622803592,0.8608666168451788,4.366580631320022,0.423500611995104,0.9631897446108616,14.0,684.0,127.0,48.85714285714285,3.0,140.0,False,298.0,6.0,False,487465.0,Chelsea FC,Extremo derecho,Chelsea FC,2000.0,25.0,100.0,50000000.0,58000000.0,50000000.0,17.72753358339242,0.0
879543,Mateu Morey,D,DEF,La Liga,9,692.0,6.833333333333333,0.0,0.0,0.2791238612134135,0.2385645473929056,0.028634390697181,38.1630465914926,0.593698175787728,0.786171619919281,5.863060361743417,1.7232940700895043,2.800534847066893,14.0,1322.0,129.0,94.42857142857144,3.0,128.0,False,376.0,2.0,False,388513.0,RCD Mallorca,Lateral derecho,RCD Mallorca,2000.0,25.0,100.0,800000.0,1500000.0,800000.0,13.592368256649284,0.0
879674,Maxence Lacroix,D,DEF,Premier League,25,2246.0,7.112,0.04,0.04,0.9237209302325582,0.1517351573187414,0.0227352249395348,43.60558139534884,0.161860465116279,0.8117987406005129,4.9655813953488375,1.763720930232558,2.2818604651162797,3.0,88.0,6.0,29.33333333333333,0.0,0.0,False,71.0,4.0,False,434224.0,Crystal Palace,Defensa central,Crystal Palace,2000.0,25.0,100.0,25000000.0,43000000.0,25000000.0,17.034386422832473,0.0
879694,Pape Gueye,M,MID,La Liga,26,2004.0,7.1923076923076925,0.1956602221308103,0.0,2.257325175535501,0.1788712070339527,0.0885709433302913,43.52269763881466,0.661539972945383,0.8028842227633814,6.37793466300476,1.0786371163083492,2.0951963131575657,0.0,0.0,0.0,0.0,0.0,0.0,False,0.0,3.0,False,485963.0,Villarreal CF,Mediocentro,Villarreal CF,1999.0,26.0,100.0,15000000.0,19400000.0,15000000.0,16.52356082573315,0.0
879746,Leo Østigård,D,DEF,Ligue 1,23,2021.0,6.969565217391305,0.0434782608695652,0.0,0.4949832775919732,0.0990915384615384,0.0182224728488902,57.75676497415628,0.1304347826086956,0.8425959330652827,6.032228640924293,0.9565217391304348,1.166920036485254,10.0,98.0,18.0,9.8,3.0,16.0,False,24.0,5.0,False,367284.0,TSG 1899 Hoffenheim,Defensa central,Génova,1999.0,26.0,100.0,10000000.0,11000000.0,10000000.0,16.118095750958314,0.0
879802,John Yeboah,F,FWD,Serie A,13,849.0,6.730769230769231,0.0,0.0,2.1709581722060887,0.2436700940297419,0.0734422620714013,19.994723747259307,1.2995179413494122,0.7327322250399173,3.5732000256938794,0.3282773564463705,0.2426035502958579,7.0,66.0,13.0,9.428571428571429,4.0,47.0,False,26.0,3.0,False,439914.0,Venezia FC,Mediapunta,Venezia FC,2000.0,25.0,100.0,2800000.0,3200000.0,2800000.0,14.845130332288226,0.0
879810,Flynn Downes,M,MID,Premier League,18,1501.0,6.683333333333334,0.0757575757575757,0.0,0.6021692333167743,0.0743793177678423,0.0645077126943126,48.560988114096254,0.6666666666666666,0.8977786433610143,4.691258675012267,1.5966874081849745,2.1548760727374705,4.0,144.0,9.0,36.0,2.0,44.0,False,89.0,3.0,False,506189.0,Southampton FC,Pivote,Southampton FC,1999.0,26.0,100.0,13000000.0,14200000.0,13000000.0,16.380459992348886,0.0
879875,Facundo Garcés,D,DEF,La Liga,7,630.0,7.085714285714286,0.0,0.0,0.7142857142857143,0.0326666666666666,0.1030322457142857,27.428571428571427,0.4285714285714285,0.7239234555610862,2.571428571428572,0.7142857142857143,0.8571428571428571,0.0,0.0,0.0,0.0,0.0,0.0,False,0.0,3.0,False,533354.0,Deportivo Alavés,Defensa central,Deportivo Alavés,1999.0,26.0,100.0,2000000.0,1100000.0,2000000.0,14.508658238524095,0.0
877371,Ivan Ilić,M,MID,Serie A,11,772.0,6.9363636363636365,0.0909090909090909,0.0,1.1857565134840728,0.1271161856780051,0.0883256141827219,49.26314233692833,0.7469287469287469,0.8910983467927648,3.4303971741432324,0.4545454545454545,0.5138382744016546,18.0,383.0,66.0,21.27777777777778,8.0,169.0,False,57.0,2.0,False,470794.0,Torino FC,Mediocentro,Torino FC,2001.0,24.0,100.0,16000000.0,9700000.0,16000000.0,16.588099342704055,0.0
877837,Fiete Arp,F,FWD,Bundesliga,7,397.0,6.585714285714286,0.2857142857142857,0.0,2.0666571713431137,0.6450029312063809,0.2475384912509225,13.792230451502634,1.8172333648405432,0.6297928262213978,5.453211793191853,0.8067226890756302,1.5714285714285714,11.0,279.0,50.0,25.363636363636363,1.0,99.0,False,99.0,3.0,False,343337.0,Holstein Kiel,Mediocentro ofensivo,Odense Boldklub,2000.0,25.0,100.0,800000.0,1200000.0,800000.0,13.592368256649284,0.0
877977,Yahia Fofana,G,GK,Ligue 1,32,2880.0,7.29375,0.0,0.0,0.0,,0.0011569809375,25.15625,0.03125,0.6364741542301133,0.5625,0.03125,0.0,2.0,101.0,14.0,50.5,0.0,0.0,False,93.0,3.0,False,418651.0,Angers SCO,Portero,Caykur Rizespor,2000.0,25.0,100.0,7000000.0,5200000.0,7000000.0,15.76142084987672,4.15625
877978,Andy Pelmard,D,DEF,La Liga,5,319.0,6.859999999999999,0.0,0.0,0.4,0.026,0.029740041609538,33.76035767511178,0.4,0.8572426279174412,5.276900149031297,0.4950819672131148,3.636363636363636,3.0,69.0,11.0,23.0,1.0,59.0,False,59.0,2.0,False,494236.0,UD Las Palmas,Defensa central,Clermont Foot 63,2000.0,25.0,100.0,2000000.0,2100000.0,2000000.0,14.508658238524095,0.0
877994,Marc Guéhi,D,DEF,Premier League,27,2430.0,7.151851851851852,0.1111111111111111,0.074074074074074,0.4074074074074074,0.1978875,0.0438115581481481,50.74074074074074,0.3333333333333333,0.8357971653457177,5.25925925925926,0.7777777777777778,1.7777777777777777,5.0,151.0,22.0,30.2,3.0,124.0,False,89.0,6.0,False,392757.0,Crystal Palace,Defensa central,Manchester City,2000.0,25.0,100.0,45000000.0,61000000.0,45000000.0,17.622173069956816,0.0
878081,Ermedin Demirović,F,FWD,Bundesliga,21,1573.0,7.009523809523809,0.8090488962383372,0.0,3.193282762993954,0.6686719548239048,0.0572254403874047,16.096388609978302,0.7674147754097066,0.7042942509273779,3.374941153269984,0.1601731601731602,0.59097330858735,2.0,111.0,21.0,55.5,0.0,0.0,False,91.0,3.0,False,335457.0,VfB Stuttgart,Delantero centro,VfB Stuttgart,1998.0,27.0,100.0,22000000.0,20000000.0,22000000.0,16.906553056777135,0.0
878938,Cristian Cásseres Jr.,M,MID,Ligue 1,31,2614.0,7.051612903225807,0.0,0.1579624951418577,0.5071785984307572,0.0928911601287014,0.1008361255045796,42.968448011719936,0.9186450534114284,0.8166752341770886,6.505521642244738,1.3695320708878165,3.3889658983195985,3.0,51.0,4.0,17.0,1.0,4.0,False,27.0,2.0,False,467632.0,Toulouse FC,Mediocentro,Toulouse FC,2000.0,25.0,100.0,6000000.0,6400000.0,6000000.0,15.607270193858982,0.0
879346,Scott McTominay,M,MID,Serie A,33,2925.0,7.287878787878788,0.3636363636363636,0.1212121212121212,2.352361263927293,0.2528134505332066,0.0523812578722563,27.58382783273208,0.7936540676189003,0.8524641036117578,6.298317574757527,0.7085840988280012,1.2822092052226637,19.0,425.0,75.0,22.36842105263158,4.0,98.0,False,70.0,3.0,False,315969.0,SSC Nápoles,Mediocentro,SSC Nápoles,1996.0,29.0,100.0,50000000.0,42000000.0,50000000.0,17.72753358339242,0.0
876643,Vitaliy Mykolenko,D,DEF,Premier League,24,2158.0,6.9,0.0,0.0416666666666666,0.4583333333333333,0.04975,0.0604959965530303,27.4905303030303,0.6676136363636364,0.7622411311161006,4.420454545454546,1.0833333333333333,1.9176136363636365,23.0,331.0,47.0,14.391304347826088,8.0,143.0,False,41.0,4.0,False,404842.0,Everton FC,Lateral izquierdo,Everton FC,1999.0,26.0,100.0,28000000.0,26000000.0,28000000.0,17.147715103853763,0.0
876858,Robin Hack,M,MID,Bundesliga,26,1996.0,6.961538461538462,0.1752958579881656,0.2262798177432324,2.427056498460934,0.267477539201862,0.1455128594047856,32.818332257645906,1.286585415545241,0.786983348113432,3.214830215138884,0.4058770897726326,0.670113470495336,23.0,743.0,79.0,32.30434782608695,7.0,113.0,False,250.0,4.0,False,284010.0,Borussia Mönchengladbach,Extremo izquierdo,Borussia Mönchengladbach,1998.0,27.0,100.0,12000000.0,11100000.0,12000000.0,16.300417291085605,0.0
877036,Anass Zaroury,M,MID,Ligue 1,17,1233.0,7.158823529411765,0.0588235294117647,0.1390374331550802,2.0644133740795114,0.1384824334177648,0.2240408238669577,36.3558194052973,2.386622764092875,0.763225952221538,4.653856786358819,0.3529411764705882,1.4504409705766728,0.0,0.0,0.0,0.0,0.0,0.0,False,0.0,4.0,False,491296.0,RC Lens,Extremo izquierdo,Panathinaikos,2000.0,25.0,100.0,8000000.0,8300000.0,8000000.0,15.894952224644102,0.0
877102,Nayef Aguerd,D,DEF,La Liga,21,1763.0,7.1571428571428575,0.0,0.0,0.8196428571428571,0.2401576136363636,0.0131131648948412,71.23882275132276,0.2857142857142857,0.869251185933289,5.980621693121693,0.6243386243386243,1.4952380952380953,29.0,606.0,90.0,20.89655172413793,10.0,102.0,False,147.0,5.0,False,361914.0,Real Sociedad,Defensa central,Olympique de Marsella,1996.0,29.0,100.0,18000000.0,23000000.0,18000000.0,16.705882371415992,0.0
877201,Gabriel Strefezza,M,MID,Serie A,32,2543.0,7.165625,0.1817122450463248,0.1104113657926513,2.044366268681758,0.139960483016536,0.1478776116568292,35.57389583342686,1.906386184483126,0.8182490406664756,5.917544537897114,0.4218943363518503,1.8752687085449244,6.0,79.0,9.0,13.166666666666666,1.0,19.0,False,19.0,4.0,False,457673.0,Como 1907,Extremo derecho,Olympiacos El Pireo,1997.0,28.0,100.0,6000000.0,7600000.0,6000000.0,15.607270193858982,0.0
877262,Edu Expósito,M,MID,La Liga,11,835.0,7.172727272727273,0.0,0.2154592395556251,1.2050741396780706,0.14956070911986,0.1490953503332047,33.22549500772985,2.1614462118175606,0.6759141489213142,5.130039274072225,1.5085827216261998,1.6732596995346625,2.0,319.0,37.0,159.5,1.0,308.0,False,308.0,2.0,False,506248.0,RCD Espanyol,Mediocentro,RCD Espanyol,1996.0,29.0,100.0,3000000.0,3600000.0,3000000.0,14.914123179965662,0.0
877302,András Schäfer,M,MID,Bundesliga,17,1306.0,6.894117647058824,0.0745650372825186,0.0622837370242214,0.5864464730602316,0.1046126426168634,0.0742587013572426,28.726488644205748,0.4580374474036386,0.7229392466857456,7.462718948588134,1.1609344418497551,3.2649747881531272,13.0,460.0,69.0,35.38461538461539,1.0,143.0,False,143.0,2.0,False,454863.0,1.FC Unión Berlín,Mediocentro,1.FC Unión Berlín,1999.0,26.0,100.0,5000000.0,4099999.0,5000000.0,15.424948670398354,0.0
873554,Omar Marmoush,F,FWD,Bundesliga,21,1746.0,8.038095238095238,0.9061944740439996,0.4573806633803166,4.228046434132348,0.4807522659532831,0.2439834308714022,21.49858625332854,1.9723211871158413,0.8017018322480508,6.854147313069475,0.2659351080403712,0.8729253665962527,7.0,97.0,20.0,13.857142857142858,3.0,17.0,False,34.0,4.0,False,445939.0,Eintracht Fráncfort​​,Delantero centro,Manchester City,1999.0,26.0,100.0,75000000.0,65000000.0,75000000.0,18.13299868483392,0.0
873947,Dani Raba,F,FWD,La Liga,25,1828.0,7.332000000000001,0.4190033222591362,0.2941656335646105,2.043664417194534,0.4154334538524303,0.2222198956666397,25.245131679863288,2.2526430411283207,0.7189179388675284,6.9477081207139815,0.7178165308176294,2.0067268231824618,1.0,18.0,0.0,18.0,0.0,0.0,False,18.0,2.0,False,413262.0,CD Leganés,Mediapunta,Valencia CF,1995.0,30.0,100.0,2500000.0,1500000.0,2500000.0,14.731801689838347,0.0
874705,Samuel Lino,M,MID,La Liga,26,1471.0,6.976923076923077,0.1196581196581196,0.1458389613020868,2.6208136815475247,0.4132832254335398,0.1275070547451615,43.93604750557965,1.1529937088500553,0.808801527455701,5.825866072270201,0.45213856447669,1.809545543805683,2.0,29.0,4.0,14.5,1.0,15.0,False,15.0,4.5,False,694928.0,Atlético de Madrid,Extremo izquierdo,CR Flamengo,1999.0,26.0,100.0,22000000.0,17500000.0,22000000.0,16.906553056777135,0.0
874812,Martin Frese,D,DEF,Serie A,7,516.0,6.742857142857143,0.0,0.0,0.0,,0.0108171731932773,35.93439401622718,0.6294642857142857,0.7259374658471163,6.4618045494059695,1.372147565922921,3.088045131845842,9.0,849.0,102.0,94.33333333333331,3.0,173.0,False,317.0,2.0,False,488785.0,Hellas Verona,Lateral izquierdo,Hellas Verona,1998.0,27.0,100.0,2000000.0,2700000.0,2000000.0,14.508658238524095,0.0
875890,Chidera Ejuke,M,MID,La Liga,10,710.0,7.08,0.1285714285714285,0.0,1.485466369376343,0.1149482914755937,0.0662339677310177,33.97474756069654,1.5652847733436652,0.8438277874922335,7.45533433182788,0.7389162561576355,1.617547536574062,4.0,208.0,33.0,52.0,1.0,81.0,False,101.0,2.0,False,500067.0,Sevilla FC,Extremo izquierdo,Sevilla FC,1998.0,27.0,100.0,4000000.0,3700000.0,4000000.0,15.201805169084134,0.0
876214,Eric García,D,DEF,La Liga,17,1299.0,7.188235294117647,0.0687547746371275,0.1933908698614581,0.7392698275051216,0.1631969893919894,0.1074339087001242,76.4842450480496,0.6064889774567194,0.9248015533173476,4.11562160992901,0.7933548521783815,1.863481510540334,16.0,227.0,40.0,14.1875,4.0,80.0,False,37.0,6.0,False,466794.0,FC Barcelona,Defensa central,FC Barcelona,2001.0,24.0,100.0,18000000.0,29000000.0,18000000.0,16.705882371415992,0.0
876259,Hans Nicolussi Caviglia,M,MID,Serie A,32,2732.0,6.940625,0.1395547945205479,0.0625,1.6990869150969312,0.1064361989744246,0.0743633164846525,42.25926194363946,0.9760515410342332,0.8214919797916811,4.129361416712383,0.8573809574931446,1.4754220521258008,5.0,451.0,69.0,90.2,0.0,0.0,False,174.0,5.0,False,430280.0,Venezia FC,Pivote,Parma,2000.0,25.0,100.0,8500000.0,6200000.0,8500000.0,15.955576839107596,0.0
876599,Jørgen Strand Larsen,F,FWD,Premier League,25,1962.0,6.776,0.325,0.081860465116279,1.634600512078061,0.3240500481053581,0.0273683921529899,14.252392115804954,0.7057601935540423,0.6544366755249108,3.308933057703163,0.1833477449597232,0.4008988764044944,6.0,104.0,15.0,17.333333333333332,3.0,39.0,False,40.0,5.0,False,429983.0,Wolverhampton Wanderers,Delantero centro,Crystal Palace,2000.0,25.0,100.0,30000000.0,46000000.0,30000000.0,17.216707972959764,0.0
887911,David Zec,D,DEF,Bundesliga,18,1545.0,6.733333333333333,0.1111111111111111,0.0,0.6313131313131313,0.1566727272727272,0.018580488861372,48.38714830858749,0.4682539682539682,0.8678638872611403,4.169595180818154,1.0060789918852306,1.35234992034794,1.0,7.0,0.0,7.0,1.0,7.0,False,7.0,4.0,False,469709.0,Holstein Kiel,Defensa central,Holstein Kiel,2000.0,25.0,100.0,2500000.0,2300000.0,2500000.0,14.731801689838347,0.0
888219,Junior Messias,M,MID,Serie A,10,698.0,6.82,0.1,0.2368421052631578,1.9130627858677804,0.2799384105681193,0.0708044733641951,20.22173190035651,1.0965780138165673,0.664400632047691,6.488036543493797,0.6232876712328768,1.8516718783527744,22.0,619.0,77.0,28.13636363636364,10.0,335.0,False,79.0,2.0,False,449151.0,Génova,Extremo derecho,Génova,1991.0,34.0,100.0,1500000.0,1200000.0,1500000.0,14.220976332738882,0.0
888340,Michael Svoboda,D,DEF,Serie A,15,1292.0,6.8133333333333335,0.0666666666666666,0.0,0.2,0.0547666666666666,0.043026413625,55.29166666666666,0.2666666666666666,0.8433564501962005,4.854166666666667,1.4666666666666666,1.6666666666666667,4.0,474.0,51.0,118.5,2.0,444.0,True,276.0,5.0,False,438961.0,Venezia FC,Defensa central,Brighton & Hove Albion,1998.0,27.0,100.0,2500000.0,1900000.0,2500000.0,14.731801689838347,0.0
888537,Andreas Skov Olsen,F,FWD,Bundesliga,7,425.0,6.957142857142857,0.0,0.1444622792937399,1.3201530612244898,0.2095741071428571,0.2726555454197695,39.21803424353716,3.366098447115077,0.8772392693445326,2.276812732829363,0.1444622792937399,0.4301765650080257,22.0,330.0,61.0,15.0,8.0,61.0,False,82.0,2.0,False,432982.0,VfL Wolfsburgo,Extremo derecho,VfL Wolfsburgo,1999.0,26.0,100.0,14000000.0,8800000.0,14000000.0,16.454567959008102,0.0
888550,Joe Willock,M,MID,Premier League,10,591.0,6.779999999999999,0.0,0.3285714285714285,1.2784176421404685,0.1955513022575251,0.0749192587307632,24.906857645232,2.1869087434304824,0.8488898929261905,4.220740282735168,0.7285714285714285,1.988282229279672,12.0,354.0,49.0,29.5,6.0,253.0,False,92.0,2.0,False,340329.0,Newcastle United,Mediocentro,Newcastle United,1999.0,26.0,100.0,22000000.0,16600000.0,22000000.0,16.906553056777135,0.0
888854,Connor Metcalfe,M,MID,Bundesliga,5,308.0,6.659999999999999,0.0,0.0,1.2428571428571429,0.2239714285714285,0.0318548898305084,26.617191283292986,0.4,0.6182615629984051,4.558111380145279,1.0142857142857142,0.5193704600484261,7.0,210.0,37.0,30.0,5.0,160.0,False,118.0,2.0,False,522223.0,FC St. Pauli,Mediocentro,FC St. Pauli,1999.0,26.0,100.0,2500000.0,1800000.0,2500000.0,14.731801689838347,0.0
888971,Arijanet Murić,G,GK,Premier League,18,1620.0,7.088888888888889,0.0,0.0,0.0,,0.0016476372222222,29.666666666666668,0.0,0.6813855341208164,0.8333333333333334,0.0,0.0,3.0,133.0,21.0,44.333333333333336,1.0,105.0,False,105.0,,False,371021.0,Ipswich Town,Portero,US Sassuolo,1998.0,27.0,100.0,5000000.0,6900000.0,5000000.0,15.424948670398354,3.833333333333333
889259,Khvicha Kvaratskhelia,F,FWD,Serie A,24,1849.0,7.5375,0.4382829788938636,0.2360310678325384,3.849029358667646,0.3582293181662363,0.2692263269848545,36.61883976265486,2.319169181619832,0.8498717058787969,5.978802647355671,0.232034632034632,1.459588172888238,19.0,223.0,35.0,11.736842105263158,7.0,52.0,False,51.0,4.0,False,502670.0,París Saint-Germain FC,Extremo izquierdo,París Saint-Germain FC,2001.0,24.0,100.0,90000000.0,93000000.0,90000000.0,18.31532023940565,0.0
886737,Derrick Köhn,M,MID,Bundesliga,15,1061.0,6.739999999999999,0.072289156626506,0.1363636363636363,0.6618778825396495,0.0830750072247575,0.1582233583862435,39.55239078040361,1.2257967383351875,0.8346551544223665,4.460136511385859,0.5089984248038804,1.2329725097646616,3.0,52.0,6.0,17.333333333333332,2.0,13.0,False,39.0,4.0,False,391780.0,SV Werder Bremen,Lateral izquierdo,1.FC Unión Berlín,1999.0,26.0,100.0,5000000.0,4200000.0,5000000.0,15.424948670398354,0.0
886802,Cédric Kipré,D,DEF,Ligue 1,24,2085.0,7.158333333333334,0.0,0.0416666666666666,0.4583333333333333,0.0891624999999999,0.0608175839583333,55.16666666666666,0.4166666666666667,0.8790898199867337,4.3125,1.3333333333333333,1.6458333333333333,0.0,0.0,0.0,0.0,0.0,0.0,False,0.0,3.0,False,364827.0,Stade de Reims,Defensa central,Ipswich Town,1996.0,29.0,100.0,3000000.0,1800000.0,3000000.0,14.914123179965662,0.0
886930,Jaka Bijol,D,DEF,Serie A,33,2874.0,6.918181818181819,0.0303030303030303,0.0,0.5757575757575758,0.1435642857142857,0.0238109033566433,52.3962703962704,0.3729603729603729,0.8262273635033313,4.958041958041958,1.1515151515151516,1.303030303030303,10.0,205.0,26.0,20.5,3.0,115.0,False,103.0,5.0,False,371851.0,Udinese,Defensa central,Leeds United,1999.0,26.0,100.0,18000000.0,16700000.0,18000000.0,16.705882371415992,0.0
887055,Cucho Hernández,F,FWD,La Liga,15,1149.0,7.260000000000001,0.3508091637909082,0.0666666666666666,3.287472063264147,0.2989429792436104,0.0528985858579016,23.238738806276903,1.1364505212829992,0.7536780582678415,5.499390892151186,0.5100788666907481,1.2486453286508556,9.0,424.0,68.0,47.11111111111112,1.0,19.0,False,183.0,5.0,False,459463.0,Real Betis Balompié,Delantero centro,Real Betis Balompié,1999.0,26.0,100.0,18000000.0,16500000.0,18000000.0,16.705882371415992,0.0
887500,Danel Sinani,F,FWD,Bundesliga,14,1139.0,7.1000000000000005,0.0738916256157635,0.0,2.507131101648578,0.1329132439688035,0.1672732546701303,33.617740334249326,1.7850677890155449,0.7603585724740825,3.324866764957729,0.0,0.9712600714067996,2.0,48.0,8.0,24.0,0.0,0.0,False,40.0,3.0,False,346499.0,FC St. Pauli,Mediocentro ofensivo,UC Sampdoria,1997.0,28.0,100.0,1500000.0,2900000.0,1500000.0,14.220976332738882,0.0
887581,Boubakary Soumaré,M,MID,Premier League,15,1324.0,6.733333333333333,0.0,0.0,0.2666666666666666,0.0541,0.0304076369583333,53.083333333333336,0.6,0.8643145282540127,4.760416666666667,1.2666666666666666,1.8,1.0,12.0,3.0,12.0,1.0,12.0,False,12.0,,False,344605.0,Leicester City,Pivote,Al-Duhail SC,1999.0,26.0,100.0,12000000.0,11600000.0,12000000.0,16.300417291085605,0.0
887766,Edon Zhegrova,M,MID,Ligue 1,12,985.0,7.158333333333334,0.3362068965517241,0.088235294117647,2.0756882187154977,0.2378806506366352,0.219600673489837,31.67323133631565,1.4799079664400965,0.8517648104983743,3.954997502715347,0.4259259259259259,0.5175557564798071,16.0,519.0,71.0,32.4375,5.0,311.0,True,261.0,5.0,False,496857.0,LOSC Lille,Extremo derecho,Juventus de Turín,1999.0,26.0,100.0,25000000.0,13300000.0,25000000.0,17.034386422832473,0.0
885197,Bremer,D,DEF,Serie A,6,540.0,7.566666666666666,0.0,0.0,0.5,0.0671499999999999,0.0100770866666666,83.83333333333333,0.0,0.9296184938441832,5.666666666666667,1.0,2.5,13.0,464.0,83.0,35.69230769230769,1.0,266.0,False,266.0,4.0,False,516716.0,Juventus de Turín,Defensa central,Juventus de Turín,1997.0,28.0,100.0,50000000.0,33000000.0,50000000.0,17.72753358339242,0.0
885259,Enric Franquesa,D,DEF,La Liga,8,578.0,6.6625,0.0,0.0,0.25,0.0777,0.0179104159469048,23.997186200146807,0.292910447761194,0.7391173730978046,5.372583802299976,0.417910447761194,2.352336677269391,3.0,301.0,34.0,100.33333333333331,1.0,265.0,True,265.0,3.0,False,282700.0,CD Leganés,Lateral izquierdo,CD Leganés,1997.0,28.0,100.0,1500000.0,950000.0,1500000.0,14.220976332738882,0.0
885864,Frank Onyeka,M,MID,Bundesliga,30,2507.0,6.903333333333333,0.0,0.036144578313253,0.8554861307343067,0.085151028757485,0.0807158601644934,35.30709542705238,0.698573343955503,0.8403225321146582,5.835769000544371,1.0991604675478943,2.019777810730242,3.0,146.0,18.0,48.66666666666666,0.0,0.0,False,77.0,5.0,False,421637.0,FC Augsburgo,Mediocentro,Coventry City,1998.0,27.0,100.0,7000000.0,6700000.0,7000000.0,15.76142084987672,0.0
885892,James Sands,M,MID,Bundesliga,5,430.0,6.94,0.0,0.0,0.2,0.0506,0.029542541785409,40.13043203038456,0.2535211267605634,0.7590342717258262,7.885583161892704,1.006741573033708,3.062509890805507,8.0,674.0,85.0,84.25,4.0,419.0,True,136.0,5.0,False,393321.0,FC St. Pauli,Pivote,New York City FC,2000.0,25.0,100.0,3000000.0,5200000.0,3000000.0,14.914123179965662,0.0
885908,Reece James,D,DEF,Premier League,8,569.0,7.125,0.3214285714285714,0.0,0.8927459526774595,0.0696498398861412,0.10031759604082,65.79224942747891,1.1669150521609537,0.8869980517200409,6.604794471023089,0.8874776360883883,1.1141116578043773,24.0,812.0,145.0,33.833333333333336,5.0,318.0,False,152.0,7.0,False,472423.0,Chelsea FC,Lateral derecho,Chelsea FC,1999.0,26.0,100.0,30000000.0,63000000.0,30000000.0,17.216707972959764,0.0
886243,Sebastian Walukiewicz,D,DEF,Serie A,24,1746.0,6.745833333333334,0.0,0.0,0.2621951219512195,0.1353666666666666,0.0255646143041381,41.01524656492478,0.2246919014084507,0.8114900581401718,3.669703365859112,0.913898870015486,1.6874245984034288,13.0,373.0,57.0,28.692307692307693,5.0,79.0,False,184.0,,False,345458.0,Torino FC,Lateral derecho,US Sassuolo,2000.0,25.0,100.0,4500000.0,4200000.0,4500000.0,15.319588176962746,0.0
886286,Nicolas Cozza,D,DEF,Ligue 1,21,1829.0,6.823809523809524,0.0476190476190476,0.0,0.6201177100053504,0.1358317103620474,0.0484935812734082,23.86837881219904,0.333868378812199,0.7451295342710341,4.097913322632424,1.0952380952380951,2.716425896201177,3.0,275.0,23.0,91.66666666666669,0.0,0.0,False,198.0,,True,485965.0,FC Nantes,Defensa central,Sin equipo,1999.0,26.0,100.0,3500000.0,3200000.0,3500000.0,15.068273812173889,0.0
886363,Matheus Cunha,F,FWD,Premier League,26,2145.0,7.6,0.5141720473842086,0.1547104580812446,3.7102229827664126,0.2902915709210638,0.1812638671721847,31.89593212028129,1.915241031472498,0.7833903461644104,6.34944030971741,0.7060475875743555,1.4678301741860351,15.0,270.0,43.0,18.0,2.0,58.0,False,49.0,5.0,False,517894.0,Wolverhampton Wanderers,Delantero centro,Manchester United,1999.0,26.0,100.0,60000000.0,73000000.0,60000000.0,17.909855136853043,0.0
880157,Marcos André,F,FWD,La Liga,15,1113.0,6.726666666666668,0.088235294117647,0.1576777739608382,1.5216700470286155,0.2606373266742178,0.0233601086101445,15.222941349872928,0.7594623079991726,0.6860934121292177,6.99695068905205,0.2426481901640465,0.7537115662261175,4.0,282.0,37.0,70.5,1.0,105.0,False,105.0,4.0,False,481084.0,Real Valladolid CF,Delantero centro,Real Valladolid CF,1996.0,29.0,100.0,1000000.0,775000.0,1000000.0,13.815511557963774,0.0
880218,Takefusa Kubo,M,MID,La Liga,29,2226.0,7.13448275862069,0.1597171462912317,0.0,1.629217420007851,0.1790711548457931,0.1556909024922626,32.66742459920957,1.7663254408972004,0.7693724547788695,7.031738009883384,0.6025296649806995,1.171969457676676,5.0,163.0,31.0,32.6,0.0,0.0,False,74.0,4.0,False,405398.0,Real Sociedad,Extremo derecho,Real Sociedad,2001.0,24.0,100.0,30000000.0,31000000.0,30000000.0,17.216707972959764,0.0
880775,Ibrahima Niane,F,FWD,Ligue 1,11,753.0,6.572727272727272,0.1818181818181818,0.0,1.547543918732426,0.3700240900853405,0.0313509253346996,14.624166409591751,0.3291312792779068,0.720088200569484,5.738038224967092,0.2098246977418439,0.6359961014770845,1.0,183.0,29.0,183.0,0.0,0.0,False,183.0,,False,490417.0,Angers SCO,Delantero centro,Sperre,1999.0,26.0,100.0,1000000.0,970000.0,1000000.0,13.815511557963774,0.0
881931,Weston McKennie,M,MID,Serie A,27,2227.0,7.037037037037037,0.084401540328111,0.1543953592146363,0.8912363774143766,0.2117294953749211,0.1336121304737901,39.170822031935735,1.2644446059082295,0.8425101030710199,4.10480781806172,0.4936678326567471,1.26842657679146,22.0,451.0,64.0,20.5,5.0,46.0,False,88.0,5.0,False,332697.0,Juventus de Turín,Mediocentro,Juventus de Turín,1998.0,27.0,100.0,22000000.0,31000000.0,22000000.0,16.906553056777135,0.0
882004,Giorgio Altare,D,DEF,Serie A,8,607.0,6.9,0.0,0.0,0.375,0.0772499999999999,0.0102293066756465,39.6981411637931,0.0,0.7494383982702084,3.714709051724138,1.73828125,1.262931034482759,9.0,547.0,70.0,60.77777777777778,4.0,290.0,True,246.0,,False,354909.0,Venezia FC,Defensa central,Venezia FC,1998.0,27.0,100.0,1000000.0,765000.0,1000000.0,13.815511557963774,0.0
883262,Edmond Tapsoba,D,DEF,Bundesliga,28,2421.0,6.871428571428572,0.0,0.0,0.6599622878692646,0.0892003404567358,0.0446706298534234,66.7843252763934,0.1432584269662921,0.8558682474051028,3.994421050401412,0.9151949641545724,1.417257377831828,8.0,181.0,33.0,22.625,4.0,51.0,False,92.0,6.0,False,564545.0,Bayer 04 Leverkusen,Defensa central,Bayer 04 Leverkusen,1999.0,26.0,100.0,35000000.0,37000000.0,35000000.0,17.370858648025116,0.0
883537,Luis Díaz,M,MID,Premier League,21,1646.0,7.366666666666666,0.5149449465865201,0.2244311517710532,2.517902847259849,0.4639827732681936,0.1736077066267452,30.50078868145848,1.8308894662341235,0.854229480289585,4.847051818656867,0.3481229162816939,1.325569042260679,4.0,231.0,41.0,57.75,0.0,0.0,False,189.0,4.0,False,480692.0,Liverpool FC,Extremo izquierdo,Bayern Múnich,1997.0,28.0,100.0,70000000.0,76000000.0,70000000.0,18.064005814299342,0.0
884980,Brenner,F,FWD,Serie A,5,353.0,6.840000000000001,0.2571428571428571,0.2195121951219512,1.3870129870129868,0.2174350649350649,0.0214053328888184,22.2119733924612,0.692239467849224,0.76937441643324,4.191004117833386,0.2195121951219512,1.349382324992081,4.0,230.0,33.0,57.5,2.0,175.0,False,159.0,4.5,False,412366.0,Udinese,Delantero centro,Clube de Regatas Vasco da Gama,2000.0,25.0,100.0,4000000.0,3900000.0,4000000.0,15.201805169084134,0.0
893998,Luca Ranieri,D,DEF,Serie A,35,2996.0,6.951428571428572,0.0285714285714285,0.0857142857142857,0.3174603174603174,0.1176320987654321,0.0380874734151197,51.10260859667639,0.4603174603174603,0.8552096995732796,3.5102502017756256,0.8225823141077379,1.1642857142857144,4.0,65.0,7.0,16.25,0.0,0.0,False,31.0,3.0,False,346561.0,Fiorentina,Defensa central,Fiorentina,1999.0,26.0,100.0,12000000.0,7200000.0,12000000.0,16.300417291085605,0.0
894733,Marshall Munetsi,M,MID,Ligue 1,22,1874.0,6.990909090909091,0.275974025974026,0.0909090909090909,2.11525974025974,0.3860569444444444,0.0783497903733766,18.80357142857143,0.875,0.7038786671436361,5.905844155844156,0.8327922077922078,1.7272727272727273,5.0,155.0,26.0,31.0,2.0,44.0,False,47.0,3.0,False,414908.0,Wolverhampton Wanderers,Mediocentro,Wolverhampton Wanderers,1996.0,29.0,100.0,15000000.0,12400000.0,15000000.0,16.52356082573315,0.0
894863,Anastasios Douvikas,F,FWD,Serie A,15,936.0,6.819999999999999,0.3326894937079309,0.274831243972999,1.9136916306801008,0.649584190736998,0.0781901244555393,13.220827430599009,1.1529246799245527,0.7586243386243386,5.83813941629655,0.1818181818181818,0.9556308959212126,3.0,16.0,2.0,5.333333333333333,1.0,6.0,False,6.0,4.0,False,523318.0,Como 1907,Delantero centro,Como 1907,1999.0,26.0,100.0,10000000.0,9400000.0,10000000.0,16.118095750958314,0.0
895324,Alexis Mac Allister,M,MID,Premier League,24,1911.0,7.225,0.0982505070993914,0.1259363295880149,1.2196565978500502,0.1749167802647267,0.1862388304505703,50.17927736700497,1.4671223305570855,0.8751385491702132,5.466964733000082,0.7897280301821691,2.905134425736763,5.0,154.0,17.0,30.8,2.0,102.0,True,79.0,3.0,False,534033.0,Liverpool FC,Mediocentro,Liverpool FC,1998.0,27.0,100.0,100000000.0,88000000.0,100000000.0,18.420680753952364,0.0
895576,Marcus Tavernier,M,MID,Premier League,14,1145.0,7.0,0.0756302521008403,0.1560150375939849,2.5857082112240994,0.2966556830853024,0.1123532274948157,33.38780742680463,1.9591723906369745,0.8003528339435844,5.181933296813442,0.2150882825040128,2.102926876464422,7.0,299.0,37.0,42.71428571428572,3.0,91.0,False,86.0,4.0,False,399434.0,AFC Bournemouth,Mediocentro ofensivo,AFC Bournemouth,1999.0,26.0,100.0,18000000.0,21000000.0,18000000.0,16.705882371415992,0.0
895592,Martín Payero,M,MID,Serie A,15,1110.0,6.8933333333333335,0.0759493670886076,0.0,1.8805442287548693,0.073295295487924,0.0348039448213046,27.479512761488387,1.0523121070756527,0.8247946836327646,7.48718432914102,1.014302359599815,1.6070035449945492,14.0,213.0,29.0,15.214285714285714,3.0,89.0,False,34.0,2.0,False,555820.0,Udinese,Mediocentro,Udinese,1998.0,27.0,100.0,5500000.0,5800000.0,5500000.0,15.520258832020865,0.0
895868,Nahuel Estévez,M,MID,Serie A,10,611.0,6.7700000000000005,0.0,0.0,0.5483821850019034,0.022717643700038,0.1039875141080873,43.03850401570654,0.8311240483654277,0.7987619036338989,5.924581807544411,0.3483821850019033,2.153190702292208,9.0,237.0,25.0,26.33333333333333,4.0,125.0,False,62.0,3.0,False,552472.0,Parma,Pivote,Palermo FC,1995.0,30.0,100.0,2000000.0,1400000.0,2000000.0,14.508658238524095,0.0
896073,Nahuel Tenaglia,D,DEF,La Liga,33,2905.0,7.154545454545454,0.0606060606060606,0.0303030303030303,0.8386414607663238,0.1497829812757523,0.0431220439814986,29.77221755973125,0.6214088941361668,0.7143031756637392,6.2278488214961385,1.366192040890836,2.959848840462203,2.0,12.0,2.0,6.0,2.0,12.0,False,9.0,4.0,False,533568.0,Deportivo Alavés,Lateral derecho,Deportivo Alavés,1996.0,29.0,100.0,3000000.0,3200000.0,3000000.0,14.914123179965662,0.0
893008,Zeki Çelik,D,DEF,Serie A,27,2184.0,6.985185185185185,0.0,0.082082082082082,0.4894571406199313,0.0524020867082177,0.0402839566214848,48.14500219817487,0.7020011452987674,0.8412081490856255,4.254526715214794,0.5913413413413413,2.3072677597591174,11.0,141.0,26.0,12.818181818181818,5.0,44.0,False,33.0,4.0,False,251075.0,AS Roma,Lateral derecho,Juventus de Turín,1997.0,28.0,100.0,6000000.0,12400000.0,6000000.0,15.607270193858982,0.0
893062,Aitor Ruibal,D,DEF,La Liga,14,1047.0,7.014285714285714,0.0714285714285714,0.0945378151260504,1.1915430986558118,0.1052512059508557,0.1184705366417346,31.237832667177923,1.2383952031025505,0.8257314787302962,4.713345383148652,1.0461825522675547,2.276608228473333,5.0,141.0,2.0,28.2,3.0,83.0,False,46.0,3.0,False,378139.0,Real Betis Balompié,Extremo derecho,Real Betis Balompié,1996.0,29.0,100.0,3500000.0,3400000.0,3500000.0,15.068273812173889,0.0
893478,Luke Woolfenden,D,DEF,Premier League,11,899.0,6.781818181818181,0.0,0.0,0.0909090909090909,0.0277,0.003469712308478,42.22471910112359,0.0,0.8486905845194616,2.090909090909091,1.5485188968335033,0.7272727272727273,0.0,0.0,0.0,0.0,0.0,0.0,False,0.0,3.0,False,527425.0,Ipswich Town,Defensa central,Coventry City,1998.0,27.0,100.0,2000000.0,2100000.0,2000000.0,14.508658238524095,0.0
893549,Tijjani Reijnders,M,MID,Serie A,35,3013.0,7.3028571428571425,0.2857142857142857,0.1142857142857142,2.346319088645276,0.2291176446770854,0.1113891880390989,44.26609683143945,1.4018934081346424,0.8848367306354571,2.481211180124224,1.05614463176575,0.7694099378881988,1.0,12.0,1.0,12.0,0.0,0.0,False,12.0,5.0,False,460939.0,Manchester City,Mediocentro,Manchester City,1998.0,27.0,100.0,60000000.0,58000000.0,60000000.0,17.909855136853043,0.0
893640,Riccardo Sottil,M,MID,Serie A,12,765.0,6.95,0.0833333333333333,0.2205882352941176,1.790462058000165,0.1071453498577608,0.1480270731630224,24.18621235404289,1.3152605984237054,0.7880599501213537,5.521585893566161,0.5181550063891932,0.4143567874911158,17.0,577.0,77.0,33.94117647058823,5.0,78.0,False,144.0,2.0,False,386455.0,Fiorentina,Extremo izquierdo,Fiorentina,1999.0,26.0,100.0,5000000.0,3600000.0,5000000.0,15.424948670398354,0.0
893642,Marash Kumbulla,D,DEF,La Liga,32,2769.0,6.93125,0.1015625,0.0,0.453125,0.1507090909090909,0.011132383163433,40.96069866935627,0.0385273972602739,0.8166223555241239,4.68707978016481,0.996561375220516,1.5269251488852844,14.0,576.0,94.0,41.142857142857146,3.0,42.0,False,253.0,3.0,False,371371.0,RCD Espanyol,Defensa central,AS Roma,2000.0,25.0,100.0,7500000.0,4600000.0,7500000.0,15.830413711839864,0.0
893752,Stefano Turati,G,GK,Serie A,30,2677.0,7.016666666666667,0.0,0.0,0.0,,0.0015440042139303,31.818407960199004,0.0,0.6777746453086866,0.5114427860696517,0.0,0.0,8.0,119.0,16.0,14.875,4.0,63.0,False,36.0,3.0,False,543666.0,AC Monza,Portero,US Sassuolo,2001.0,24.0,100.0,6500000.0,3100000.0,6500000.0,15.687312888712007,3.1938737392603658
893962,Lennard Maloney,M,MID,Bundesliga,9,680.0,6.577777777777778,0.0,0.0,0.2519561815336463,0.1697133802816901,0.0086765247861867,32.00536605867556,0.1162790697674418,0.727424369719049,4.61434294339619,1.658903124058513,2.048604439581656,7.0,123.0,12.0,17.571428571428573,4.0,54.0,False,52.0,3.0,False,392710.0,1.FSV Mainz 05,Pivote,1.FSV Mainz 05,1999.0,26.0,100.0,3500000.0,2600000.0,3500000.0,15.068273812173889,0.0
891656,Maduka Okoye,G,GK,Serie A,24,2160.0,6.9625,0.0,0.0,0.0,,0.0023520591666666,31.58333333333333,0.0,0.7460989489360497,0.2916666666666667,0.0,0.0,9.0,278.0,35.0,30.88888888888889,1.0,93.0,False,93.0,3.0,False,340353.0,Udinese,Portero,Udinese,1999.0,26.0,100.0,7500000.0,10800000.0,7500000.0,15.830413711839864,2.958333333333333
891829,Matt O'Riley,M,MID,Premier League,7,406.0,7.0,0.3896103896103896,0.2040816326530612,2.244502595248864,0.3367049895723403,0.2086385449390339,39.05511096342652,2.0314752766778352,0.8516156462585034,3.2948230400255984,1.7393920933366562,1.3147889187334816,2.0,105.0,19.0,52.5,2.0,105.0,False,74.0,4.0,False,406634.0,Brighton & Hove Albion,Mediocentro,Brighton & Hove Albion,2000.0,25.0,100.0,22000000.0,18300000.0,22000000.0,16.906553056777135,0.0
891931,Ander Guevara,M,MID,La Liga,24,1811.0,6.7375,0.0,0.125,0.7570346320346321,0.1065112554112554,0.0295259826675652,44.07297697481886,0.6020220588235294,0.7714242601232274,4.614716630509926,0.6910521782474844,2.2895993473704963,5.0,191.0,35.0,38.2,0.0,0.0,False,93.0,2.0,False,465967.0,Deportivo Alavés,Mediocentro,Deportivo Alavés,1997.0,28.0,100.0,3500000.0,3200000.0,3500000.0,15.068273812173889,0.0
892141,Santiago Giménez,F,FWD,Serie A,7,470.0,6.842857142857143,0.4425087108013937,0.0,3.5836165451088524,0.7802875043801942,0.0608296824032972,12.958152862747273,0.4425087108013937,0.8105699855699856,3.005441358289972,0.2857142857142857,0.8250203307129303,10.0,279.0,46.0,27.9,5.0,110.0,False,83.0,4.0,False,552955.0,AC Milan,Delantero centro,AC Milan,2001.0,24.0,100.0,30000000.0,21000000.0,30000000.0,17.216707972959764,0.0
892430,Fali Candé,D,DEF,Serie A,17,1530.0,6.935294117647059,0.0588235294117647,0.0588235294117647,0.2941176470588235,0.21604,0.0118791094117647,49.88235294117647,0.2941176470588235,0.8175594531088318,5.411764705882353,0.8823529411764706,1.4705882352941178,2.0,255.0,22.0,127.5,0.0,0.0,False,245.0,4.0,False,520530.0,Venezia FC,Defensa central,US Sassuolo,1998.0,27.0,100.0,2500000.0,2800000.0,2500000.0,14.731801689838347,0.0
892521,Unai Núñez,D,DEF,La Liga,8,627.0,7.0625,0.0,0.0,0.125,0.2266,0.0140174827050997,48.19026714827265,0.1371951219512195,0.8580984142031678,4.799710321150132,2.5690133037694016,1.3430369787568843,6.0,79.0,11.0,13.166666666666666,0.0,0.0,False,27.0,4.0,False,338285.0,Athletic Club,Defensa central,RC Celta de Vigo,1997.0,28.0,100.0,3000000.0,3300000.0,3000000.0,14.914123179965662,0.0
892673,Sandro Tonali,M,MID,Premier League,20,1537.0,6.925,0.05,0.0,1.2946611718995515,0.2804265190534689,0.056454365239358,48.54109187526792,0.3758741258741259,0.850335890869605,4.804451952808771,1.116852671369427,1.8506194161336145,15.0,112.0,15.0,7.466666666666667,0.0,0.0,False,17.0,7.0,False,397033.0,Newcastle United,Pivote,Tottenham Hotspur,2000.0,25.0,100.0,60000000.0,74000000.0,60000000.0,17.909855136853043,0.0
892979,Oumar Solet,D,DEF,Serie A,18,1584.0,7.25,0.0555555555555555,0.1111111111111111,0.6666666666666666,0.0929111111111111,0.0331121407142857,57.60846560846561,0.8571428571428572,0.8841229138755291,4.772486772486772,0.9012345679012346,1.6331569664902998,14.0,480.0,55.0,34.285714285714285,4.0,119.0,False,206.0,2.0,False,463665.0,Udinese,Defensa central,Udinese,2000.0,25.0,100.0,18000000.0,18800000.0,18000000.0,16.705882371415992,0.0
889785,Johan Vásquez,D,DEF,Serie A,34,2938.0,7.120588235294117,0.088235294117647,0.0,1.0511795079477575,0.1091151775934908,0.0128081750855522,51.868836691303024,0.2058823529411764,0.8291114753618237,5.771944922547332,1.487394957983193,1.7200060747190442,4.0,40.0,5.0,10.0,3.0,32.0,False,15.0,3.0,False,532937.0,Génova,Defensa central,Génova,1998.0,27.0,100.0,14000000.0,12200000.0,14000000.0,16.454567959008102,0.0
889861,Anton Stach,M,MID,Bundesliga,29,2500.0,7.0793103448275865,0.0408348457350272,0.0344827586206896,1.202623538330768,0.1217445761649096,0.1075162383984597,51.99897861048208,0.90615451767787,0.819271483786854,5.729675291904061,1.5570227278617368,2.162407921978637,13.0,272.0,37.0,20.923076923076923,2.0,20.0,False,88.0,4.0,False,344069.0,TSG 1899 Hoffenheim,Pivote,Leeds United,1998.0,27.0,100.0,14000000.0,24000000.0,14000000.0,16.454567959008102,0.0
891346,Emanuele Valeri,D,DEF,Serie A,34,2870.0,6.844117647058823,0.0588235294117647,0.177139037433155,0.9349070331726296,0.1159822401033242,0.1056158066106131,26.05131435785969,1.0895646818482243,0.7177428246863061,3.216571362341504,0.8860883925762818,1.5047343698640303,5.0,91.0,9.0,18.2,2.0,27.0,False,32.0,3.0,False,445126.0,Parma,Lateral izquierdo,Parma,1998.0,27.0,100.0,3000000.0,2900000.0,3000000.0,14.914123179965662,0.0
891505,Goduine Koyalipou,F,FWD,Ligue 1,11,749.0,6.7727272727272725,0.3291345138668337,0.0,4.002952179322189,0.5644350972705162,0.0766691079365101,17.367061550601207,1.0179234185543913,0.7057176452405837,3.387654197010839,0.112079701120797,0.3555194805194805,4.0,139.0,17.0,34.75,0.0,0.0,False,71.0,2.0,False,525140.0,RC Lens,Delantero centro,KV Kortrijk,2000.0,25.0,100.0,2500000.0,2400000.0,2500000.0,14.731801689838347,0.0
891510,Chris Führich,M,MID,Bundesliga,25,1790.0,6.988,0.0404494382022471,0.08,1.6500592829648333,0.2378947433289685,0.2445439468597217,39.495078386624925,1.3980645997525656,0.8507400897879639,2.6499439298781327,0.3463368580969391,0.652133522377077,9.0,179.0,16.0,19.88888888888889,2.0,23.0,False,54.0,3.0,False,272278.0,VfB Stuttgart,Extremo izquierdo,VfB Stuttgart,1998.0,27.0,100.0,15000000.0,9700000.0,15000000.0,16.52356082573315,0.0
891511,Javi Puado,M,MID,La Liga,33,2807.0,6.875757575757576,0.3372744261537715,0.1263234757210661,1.981735248272291,0.3334965961144139,0.0579375679732757,19.09413075484493,0.6839706690358585,0.7995738524236181,2.2365465426336915,0.1582491582491582,0.631743302220127,7.0,421.0,44.0,60.142857142857146,2.0,51.0,False,234.0,5.0,False,408471.0,RCD Espanyol,Extremo izquierdo,RCD Espanyol,1998.0,27.0,100.0,10000000.0,9300000.0,10000000.0,16.118095750958314,0.0
891651,Keven Schlotterbeck,D,DEF,Bundesliga,14,1148.0,7.071428571428571,0.1659663865546218,0.0714285714285714,0.7605042016806722,0.1281158823529412,0.052214243203057,48.49905824398725,0.7589285714285714,0.8326715025964022,5.198022312373225,1.2016987829614605,1.6026785714285714,13.0,192.0,20.0,14.76923076923077,5.0,76.0,False,46.0,2.0,False,413843.0,FC Augsburgo,Defensa central,FC Augsburgo,1997.0,28.0,100.0,6000000.0,5700000.0,6000000.0,15.607270193858982,0.0
904759,Modibo Sagnan,D,DEF,Ligue 1,24,1971.0,6.704166666666667,0.0416666666666666,0.0,0.438588850174216,0.1359224390243902,0.0077177351591243,44.05497205138726,0.2276272577996716,0.8765044637597326,4.879268678885249,1.100739917497697,2.2857264826566763,9.0,191.0,22.0,21.22222222222222,5.0,78.0,False,70.0,3.0,False,524925.0,Montpellier HSC,Defensa central,Caykur Rizespor,1999.0,26.0,100.0,3000000.0,2100000.0,3000000.0,14.914123179965662,0.0
904827,Benoît Badiashile,D,DEF,Premier League,4,247.0,6.85,0.0,0.0,0.0,,0.0181959789864864,79.39864864864865,0.0,0.925114136029482,5.9324324324324325,1.858108108108108,2.358108108108108,15.0,642.0,81.0,42.8,5.0,176.0,True,112.0,5.0,False,463603.0,Chelsea FC,Defensa central,Chelsea FC,2001.0,24.0,100.0,22000000.0,17400000.0,22000000.0,16.906553056777135,0.0
904832,Khéphren Thuram,M,MID,Serie A,27,2194.0,7.15925925925926,0.1489804411152726,0.1346689439751342,1.359370497908294,0.1731926489447348,0.0639984864769591,51.73083536607173,0.9676376323174286,0.8817308789608472,5.181640229531115,0.6023415918480046,1.7067135258802353,10.0,150.0,18.0,15.0,3.0,57.0,False,33.0,4.0,False,463618.0,Juventus de Turín,Mediocentro,Juventus de Turín,2001.0,24.0,100.0,40000000.0,38000000.0,40000000.0,17.50439003707821,0.0
904887,Jürgen Ekkelenkamp,M,MID,Serie A,22,1579.0,6.895454545454545,0.1581338209245186,0.107023615324806,1.33376221069991,0.1718312708685913,0.0405836689723258,30.25895020470881,0.6539110650256448,0.7990137041526052,3.515666395594109,0.569218753225146,1.5592087244159905,10.0,120.0,14.0,12.0,3.0,30.0,False,32.0,4.0,False,361068.0,Udinese,Mediocentro,Udinese,2000.0,25.0,100.0,7000000.0,7200000.0,7000000.0,15.76142084987672,0.0
904897,Ryan Gravenberch,M,MID,Premier League,27,2326.0,7.140740740740741,0.0,0.0955165692007797,0.4814814814814814,0.0776181818181818,0.1181509687823412,54.99070740163992,0.8977943757548279,0.8888685244655093,5.068011492329516,1.8334640195541716,1.9427379115321897,7.0,138.0,25.0,19.714285714285715,2.0,36.0,False,58.0,7.0,False,478573.0,Liverpool FC,Pivote,Liverpool FC,2002.0,23.0,100.0,75000000.0,98000000.0,75000000.0,18.13299868483392,0.0
904970,Conor Gallagher,M,MID,La Liga,24,1488.0,6.929166666666667,0.1296296296296296,0.2083333333333333,1.0759458070766332,0.200425278447938,0.0807105477022286,43.39883791154551,0.7211538461538461,0.845416699784046,6.250970724447094,1.1710353008876793,2.4663079419264493,2.0,11.0,1.0,5.5,1.0,5.0,False,6.0,6.0,False,488362.0,Atlético de Madrid,Mediocentro,Tottenham Hotspur,2000.0,25.0,100.0,40000000.0,34000000.0,40000000.0,17.50439003707821,0.0
904994,Junior Dina Ebimbe,M,MID,Bundesliga,4,235.0,6.75,0.0,0.0,2.679460245636716,0.1352796945701357,0.2016165464132191,28.278361344537814,0.6617647058823529,0.6696634615384616,4.951276664511958,2.5616515837104075,0.4326923076923077,13.0,244.0,33.0,18.76923076923077,6.0,82.0,False,58.0,2.0,False,536482.0,Eintracht Fráncfort​​,Interior derecho,Eintracht Fráncfort​​,2000.0,25.0,100.0,6000000.0,6500000.0,6000000.0,15.607270193858982,0.0
901885,Flavius Daniliuc,D,DEF,Serie A,12,912.0,6.516666666666667,0.0,0.0,0.359631981761928,0.0397483756717147,0.0125468100205734,36.65286990697705,0.0892857142857142,0.8454347427403537,4.138118363297557,0.5087826499343353,2.025498208687864,14.0,303.0,34.0,21.642857142857142,5.0,86.0,False,60.0,3.0,False,322655.0,Hellas Verona,Defensa central,FC Basilea,2001.0,24.0,100.0,2700000.0,3200000.0,2700000.0,14.80876270134486,0.0
901891,Alexis Saelemaekers,M,MID,Serie A,21,1466.0,7.280952380952381,0.4867633837087171,0.2351161631545426,1.5414401585248054,0.2829781566031042,0.1141245693847253,43.83520369984,1.6078253216398504,0.8640416139992927,5.757600221257645,0.5667351658894011,1.9874900722062605,13.0,330.0,55.0,25.384615384615383,3.0,138.0,False,75.0,6.0,False,381950.0,AS Roma,Interior derecho,AC Milan,1999.0,26.0,100.0,17000000.0,26000000.0,17000000.0,16.648723960844016,0.0
901892,Albert Sambi Lokonga,M,MID,La Liga,18,1404.0,6.927777777777778,0.0,0.1111111111111111,0.7998092871959643,0.1305131019994983,0.0564130812172284,54.21519957498965,1.191964646067517,0.8976978555732588,4.78180431696054,0.5783415550857411,1.4238154462582922,14.0,524.0,74.0,37.42857142857143,6.0,210.0,False,244.0,3.0,False,381967.0,Sevilla FC,Mediocentro,Hamburgo SV,1999.0,26.0,100.0,8000000.0,8199999.0,8000000.0,15.894952224644102,0.0
902019,Gianluca Gaetano,M,MID,Serie A,14,674.0,6.771428571428571,0.3928571428571428,0.3928571428571428,2.319420919163688,0.6840315476891408,0.1771155063646731,25.78663377899419,2.389251594542767,0.732246593276005,4.451615956817642,0.5460257118512345,1.1422118628991162,10.0,246.0,12.0,24.6,4.0,121.0,True,83.0,6.0,False,358008.0,Cagliari,Pivote,Atalanta de Bérgamo,2000.0,25.0,100.0,4000000.0,3900000.0,4000000.0,15.201805169084134,0.0
902029,Vitinha,M,MID,Ligue 1,21,1768.0,7.566666666666667,0.238095238095238,0.0,1.1428571428571428,0.2439166666666666,0.1628073036487322,102.66790352504638,1.2863327149041437,0.934217546212331,3.476808905380334,0.6190476190476191,1.619047619047619,8.0,177.0,24.0,22.125,5.0,149.0,False,47.0,3.0,False,586853.0,Génova,Delantero centro,Génova,2000.0,25.0,100.0,8000000.0,102000000.0,8000000.0,15.894952224644102,0.0
902080,Kamil Grabara,G,GK,Bundesliga,28,2496.0,7.028571428571429,0.0,0.0,0.0,,0.004851836525974,35.564935064935064,0.0714285714285714,0.6604919015164127,0.4642857142857143,0.0,0.0,6.0,132.0,26.0,22.0,2.0,41.0,False,53.0,3.0,False,346551.0,VfL Wolfsburgo,Portero,VfL Wolfsburgo,1999.0,26.0,100.0,14000000.0,11600000.0,14000000.0,16.454567959008102,3.173076923076923
902381,Junior Adamu,F,FWD,Bundesliga,19,1440.0,6.705263157894737,0.1088929219600726,0.1058545239503252,2.1422204402895573,0.3536230364903733,0.1103216140126132,17.566097682095858,0.9439591256962268,0.6381362712387644,5.471728528149213,0.6440639062822667,0.5568707150143496,9.0,177.0,18.0,19.666666666666668,1.0,62.0,False,65.0,4.0,False,452477.0,SC Friburgo,Delantero centro,FC Schalke 04,2001.0,24.0,100.0,5000000.0,3800000.0,5000000.0,15.424948670398354,0.0
904424,Elisha Owusu,M,MID,Ligue 1,27,2264.0,6.737037037037037,0.037037037037037,0.074074074074074,0.2819294595944486,0.0555241385578441,0.0208189849132046,32.056855182849006,0.5347585384110934,0.8178888178946401,4.47798866473877,1.4569423898749236,2.7521055507008048,8.0,277.0,47.0,34.625,1.0,37.0,False,108.0,2.0,False,395695.0,AJ Auxerre,Pivote,AJ Auxerre,1997.0,28.0,100.0,3000000.0,3800000.0,3000000.0,14.914123179965662,0.0
900433,Luis Rioja,M,MID,La Liga,32,2615.0,6.975,0.1632102272727272,0.09375,0.9218137397259292,0.1718825315391808,0.1940014311959199,30.264261757091447,1.1233698343831484,0.7598468887452868,4.109648656917152,0.5499568143144433,1.106850458742619,0.0,0.0,0.0,0.0,0.0,0.0,False,0.0,2.0,False,278837.0,Valencia CF,Extremo derecho,Valencia CF,1993.0,32.0,100.0,2000000.0,2100000.0,2000000.0,14.508658238524095,0.0
900669,Pedro Díaz,M,MID,La Liga,15,998.0,7.033333333333333,0.3313283208020049,0.0,2.6679830114114527,0.252851708664905,0.1833342320339898,37.15553793756932,1.960800554941377,0.8405820551069864,4.52572662648078,0.5219238741285095,1.8927041919911611,1.0,6.0,0.0,6.0,0.0,0.0,False,6.0,3.0,False,363057.0,Rayo Vallecano,Mediocentro,Rayo Vallecano,1998.0,27.0,100.0,3000000.0,2900000.0,3000000.0,14.914123179965662,0.0
900697,Pierre Cornud,D,DEF,Ligue 1,7,545.0,6.442857142857143,0.0,0.0,0.0,,0.0373984599111963,41.507754685122265,0.2857142857142857,0.8500745125636461,2.84661566363011,1.1351858414458735,1.7828583936128075,8.0,341.0,36.0,42.625,4.0,85.0,False,170.0,3.0,False,536156.0,AS Saint-Étienne,Lateral izquierdo,Maccabi Haifa,1996.0,29.0,100.0,800000.0,860000.0,800000.0,13.592368256649284,0.0
900792,Alejandro Catena,D,DEF,La Liga,34,2986.0,7.079411764705882,0.0294117647058823,0.088235294117647,0.5588235294117647,0.2033454545454545,0.0557889708262567,45.763652141573175,0.2941176470588235,0.8173524745888948,3.9142750883282713,0.9819624372404387,1.2715551974214343,0.0,0.0,0.0,0.0,0.0,0.0,False,0.0,3.0,False,449796.0,CA Osasuna,Defensa central,CA Osasuna,1994.0,31.0,100.0,3000000.0,2900000.0,3000000.0,14.914123179965662,0.0
901152,Theo Sainte Luce,D,DEF,Ligue 1,11,870.0,6.609090909090909,0.0,0.0,0.6517119244391971,0.1501023376623376,0.067257346540732,22.371863931523023,0.5454545454545454,0.788878314174757,5.212514757969303,1.181818181818182,2.235242030696576,12.0,669.0,94.0,55.75,5.0,223.0,False,196.0,2.0,False,537127.0,Montpellier HSC,Lateral izquierdo,Montpellier HSC,1998.0,27.0,100.0,800000.0,775000.0,800000.0,13.592368256649284,0.0
901850,Nicolò Fagioli,M,MID,Serie A,17,1276.0,7.1000000000000005,0.0588235294117647,0.1245674740484429,1.3040966386554622,0.1102291396103896,0.1459583387667669,59.64835092414543,1.3598615916955017,0.8721811204562773,3.998658353506421,0.498443275466464,1.9258648436241648,11.0,230.0,33.0,20.90909090909091,1.0,27.0,False,62.0,3.0,False,432090.0,Fiorentina,Mediocentro,Fiorentina,2001.0,24.0,100.0,18000000.0,14700000.0,18000000.0,16.705882371415992,0.0
901882,Angelo Stiller,M,MID,Bundesliga,30,2694.0,7.42,0.0333333333333333,0.2666666666666666,0.7023353161489314,0.1463957534699273,0.2862277613483145,79.49588014981273,1.970125578321216,0.8959441123637354,4.440251156642432,0.8,1.639127561136814,13.0,188.0,20.0,14.461538461538462,3.0,36.0,False,40.0,3.0,False,443710.0,VfB Stuttgart,Pivote,VfB Stuttgart,2001.0,24.0,100.0,45000000.0,46000000.0,45000000.0,17.622173069956816,0.0
896180,Gianluca Busio,M,MID,Serie A,30,2418.0,6.863333333333333,0.0670411985018726,0.0,1.2569059581062094,0.1293414913337285,0.0697603871808822,32.3591057268837,0.969967919963598,0.7643701130508662,5.010470044671724,0.6213106482172427,1.6683591099954238,10.0,226.0,34.0,22.6,2.0,83.0,True,45.0,3.0,False,504209.0,Venezia FC,Mediocentro,Venezia FC,2002.0,23.0,100.0,6000000.0,5400000.0,6000000.0,15.607270193858982,0.0
896569,Min-jae Kim,D,DEF,Bundesliga,26,2199.0,7.111538461538462,0.0769230769230769,0.0,0.272983114446529,0.2352198606271776,0.034174724871224,97.90361171942052,0.1794871794871794,0.9200610019318256,4.770489873827218,1.5229032411561574,1.3189643767739452,16.0,348.0,44.0,21.75,5.0,115.0,False,77.0,3.0,False,503482.0,Bayern Múnich,Defensa central,Bayern Múnich,1996.0,29.0,100.0,40000000.0,26000000.0,40000000.0,17.50439003707821,0.0
897594,Domagoj Bradarić,M,MID,Serie A,25,1893.0,6.747999999999999,0.0439024390243902,0.0,0.3867764837387124,0.099458246262819,0.0968426314299475,25.228492437080533,1.1743212258781264,0.7336332745102648,3.665367270593168,0.6259797683248018,1.630854797560383,6.0,103.0,9.0,17.166666666666668,2.0,34.0,False,29.0,3.0,False,357796.0,Hellas Verona,Lateral izquierdo,Hellas Verona,1999.0,26.0,100.0,4000000.0,2700000.0,4000000.0,15.201805169084134,0.0
897902,Juan Cruz,D,DEF,La Liga,19,1357.0,6.678947368421053,0.0,0.0,0.2187245221487453,0.0319734509466437,0.0128862720472486,32.76098664414734,0.056390977443609,0.8220130225124073,2.147512522550901,0.4501703904099342,1.45294288241872,2.0,108.0,9.0,54.0,1.0,16.0,False,92.0,3.0,False,169497.0,CA Osasuna,Lateral izquierdo,Real Oviedo,1992.0,33.0,100.0,1500000.0,1200000.0,1500000.0,14.220976332738882,0.0
898815,Sam Beukema,D,DEF,Serie A,33,2918.0,7.012121212121213,0.0,0.0303030303030303,0.4545454545454545,0.1041,0.0251486702847754,62.65972982840452,0.303030303030303,0.8602278444318203,5.462212486308872,0.8813435560423512,1.606060606060606,8.0,228.0,38.0,28.5,2.0,21.0,False,74.0,5.0,False,433984.0,Bolonia,Defensa central,SSC Nápoles,1998.0,27.0,100.0,28000000.0,27000000.0,28000000.0,17.147715103853763,0.0
899982,Isi Palazón,M,MID,La Liga,26,2026.0,7.088461538461539,0.1603821015585721,0.1699550449550449,2.41699604268355,0.1995805451429767,0.1879026526698592,36.15377628090659,1.9945092296815017,0.8096418635519923,5.054156837911568,0.2946611770141182,0.9632926666955962,0.0,0.0,0.0,0.0,0.0,0.0,False,0.0,3.0,False,362086.0,Rayo Vallecano,Mediapunta,Rayo Vallecano,1994.0,31.0,100.0,3500000.0,3300000.0,3500000.0,15.068273812173889,0.0
900003,Jorge de Frutos,M,MID,La Liga,33,2373.0,6.748484848484848,0.2003794691734485,0.1167946579707258,1.9032705565573496,0.2792036283531738,0.0777372328760127,20.110525573692176,1.13247204105505,0.7127747017191401,4.352562782944419,0.7010554912103306,1.4784663549665191,5.0,204.0,18.0,40.8,0.0,0.0,False,138.0,3.0,False,455181.0,Rayo Vallecano,Extremo derecho,Rayo Vallecano,1997.0,28.0,100.0,4000000.0,10900000.0,4000000.0,15.201805169084134,0.0
900008,Óscar Valentín,M,MID,La Liga,21,1487.0,6.752380952380953,0.0,0.0,0.1501831501831501,0.1067230769230769,0.0925211670426594,36.4742091240755,0.7533391405342625,0.8300676237324645,5.074527041766773,0.9232112638676484,2.4394287021528926,0.0,0.0,0.0,0.0,0.0,0.0,False,0.0,2.0,False,517753.0,Rayo Vallecano,Mediocentro,Rayo Vallecano,1994.0,31.0,100.0,2500000.0,2100000.0,2500000.0,14.731801689838347,0.0
910121,Fisayo Dele-Bashiru,M,MID,Serie A,13,851.0,6.753846153846154,0.0769230769230769,0.0769230769230769,1.2332673588535228,0.0893358126489074,0.0237664631766693,32.5287821017606,0.7842401500938087,0.8776393121445515,2.464266686263343,0.4915572232645404,0.7460087082728593,5.0,107.0,19.0,21.4,4.0,42.0,False,65.0,3.0,False,530742.0,SS Lazio,Mediocentro,SS Lazio,2001.0,24.0,100.0,7500000.0,7100000.0,7500000.0,15.830413711839864,0.0
910267,Jesús Areso,D,DEF,La Liga,34,2977.0,6.776470588235294,0.0,0.0920837934501343,0.2410714285714285,0.0320125,0.0925906934099508,30.06607909077704,0.8676145350550205,0.7824858958877662,3.666620083619961,0.2381050971898168,1.5918585339353757,1.0,153.0,21.0,153.0,0.0,0.0,False,153.0,6.0,False,488626.0,CA Osasuna,Lateral derecho,Athletic Club,1999.0,26.0,100.0,12000000.0,8800000.0,12000000.0,16.300417291085605,0.0
910536,Rodrygo,F,FWD,La Liga,23,1737.0,7.621739130434783,0.2925095382919972,0.256050761809397,2.671643084571426,0.1973143214438227,0.1914636763223168,46.35445175758683,2.256510863878108,0.9025374126770715,5.631898372296201,0.3757832554238374,1.1404199054270503,15.0,440.0,57.0,29.33333333333333,4.0,42.0,False,212.0,3.0,False,412363.0,Real Madrid CF,Extremo derecho,Real Madrid CF,2001.0,24.0,100.0,90000000.0,53000000.0,90000000.0,18.31532023940565,0.0
911039,Sorba Thomas,M,MID,Ligue 1,17,1203.0,6.852941176470588,0.0670141474311243,0.1952310742793228,0.6569904615785462,0.298363753846779,0.1650881340195058,25.71645594123472,2.0207529209841044,0.7544000932225551,3.0745690301202933,0.8563814650120376,0.929773567595,2.0,33.0,4.0,16.5,1.0,12.0,False,21.0,3.0,False,475416.0,FC Nantes,Extremo izquierdo,Stoke City,1999.0,26.0,100.0,3500000.0,10300000.0,3500000.0,15.068273812173889,0.0
911350,Lameck Banda,M,MID,Serie A,10,526.0,6.76,0.0,0.1232876712328767,3.0338978946350004,0.276250815995976,0.0916564248888464,19.442635557720557,1.5224378916295909,0.8685771744595273,7.185685943151169,0.0,1.5995394736842106,8.0,284.0,38.0,35.5,6.0,244.0,False,100.0,2.0,False,545538.0,US Lecce,Extremo izquierdo,US Lecce,2001.0,24.0,100.0,4500000.0,2900000.0,4500000.0,15.319588176962746,0.0
911710,Nathan Broadhead,M,MID,Premier League,4,309.0,6.675,0.0,0.0,1.841472036028488,0.2632007265919565,0.2588045910169669,23.584991621281944,1.186361018014244,0.8043269230769231,4.528972036028487,0.53125,0.5734577922077922,3.0,142.0,21.0,47.333333333333336,2.0,40.0,False,102.0,4.0,False,344009.0,Ipswich Town,Extremo izquierdo,Wrexham AFC,1998.0,27.0,100.0,4500000.0,6800000.0,4500000.0,15.319588176962746,0.0
911848,Lucas Da Cunha,M,MID,Serie A,32,2572.0,7.175,0.1002710027100271,0.0625,1.231493931245626,0.1096993383425895,0.1365670829733768,53.48636597095248,1.8764477889781792,0.8700464587106501,3.3585070634492458,0.5628625189325798,1.409077694727382,2.0,11.0,2.0,5.5,0.0,0.0,False,6.0,6.0,False,495667.0,Como 1907,Mediocentro,Como 1907,2001.0,24.0,100.0,10000000.0,18300000.0,10000000.0,16.118095750958314,0.0
908716,Miguel Gutiérrez,D,DEF,La Liga,29,2464.0,7.027586206896552,0.0344827586206896,0.1724137931034483,0.9777037914798042,0.0975056258801178,0.1609788634981759,41.99271120135069,1.442667220606564,0.8710766457545212,3.776341112507006,0.6224921630094045,1.3238357129105152,5.0,224.0,39.0,44.8,2.0,87.0,True,67.0,5.0,False,525299.0,Girona FC,Lateral izquierdo,SSC Nápoles,2001.0,24.0,100.0,20000000.0,18500000.0,20000000.0,16.811242881518265,0.0
909119,Hugo Duro,F,FWD,La Liga,27,2034.0,6.874074074074074,0.3665994761885173,0.0933542237890064,2.1053826374891176,0.520132693967648,0.020629536734058,17.74367350084328,0.5661447513740545,0.6841531169145548,5.323486638984891,0.429916630778567,0.5690290974550556,4.0,76.0,6.0,19.0,4.0,76.0,False,29.0,3.0,False,573775.0,Valencia CF,Delantero centro,Valencia CF,1999.0,26.0,100.0,14000000.0,11600000.0,14000000.0,16.454567959008102,0.0
909318,Mohamed Bayo,F,FWD,Ligue 1,3,167.0,6.3,0.0,0.0,3.449392712550607,0.742022132253711,0.0599588785695006,16.507422402159246,1.1929824561403508,0.7113636363636363,0.9878542510121456,0.0,0.0,3.0,34.0,4.0,11.333333333333334,0.0,0.0,False,18.0,2.0,False,594991.0,LOSC Lille,Delantero centro,LOSC Lille,1998.0,27.0,100.0,2800000.0,4300000.0,2800000.0,14.845130332288226,0.0
909485,Marvin Pieringer,F,FWD,Bundesliga,29,2168.0,7.0,0.2643315291077742,0.0373909430826755,2.274721324235137,0.3901891006312579,0.0776812138270866,21.85064674213081,1.1994206274362489,0.6851953879246502,6.571306501099578,0.4405826819049588,0.9780526297419008,6.0,274.0,24.0,45.66666666666666,3.0,171.0,True,132.0,2.0,False,471055.0,1.FC Heidenheim 1846,Delantero centro,1.FC Heidenheim 1846,1999.0,26.0,100.0,5500000.0,4099999.0,5500000.0,15.520258832020865,0.0
909991,Simon Sohm,M,MID,Serie A,36,2970.0,6.847222222222222,0.1111111111111111,0.0,0.9632173655380116,0.1390653475266563,0.0597152036682148,36.19899164382833,0.5996188496188496,0.8432617232827975,2.94038872599642,0.8051237310165492,0.8062777828616338,9.0,118.0,16.0,13.11111111111111,2.0,17.0,False,29.0,5.0,False,507486.0,Parma,Mediocentro,Fiorentina,2001.0,24.0,100.0,5000000.0,7800000.0,5000000.0,15.424948670398354,0.0
910024,Sergio Camello,F,FWD,La Liga,15,917.0,6.8933333333333335,0.1834733893557422,0.09375,2.403517798580139,0.466194585371969,0.0958652160600428,19.92091640105545,1.1841144989056598,0.7822638146167559,3.3409735518935446,0.2566682144146933,0.638353196099675,1.0,8.0,1.0,8.0,0.0,0.0,False,8.0,2.0,False,505674.0,Rayo Vallecano,Delantero centro,Rayo Vallecano,2001.0,24.0,100.0,3000000.0,2200000.0,3000000.0,14.914123179965662,0.0
910026,Bryan Gil,M,MID,La Liga,22,1681.0,7.009090909090909,0.1527777777777778,0.1596016343207354,1.6186787355751522,0.1742286308069221,0.1659778669489497,34.287262640424814,1.1259634072136546,0.895102468208295,5.690529170178551,0.5075572973957709,1.657176507225016,8.0,335.0,44.0,41.875,3.0,262.0,True,175.0,5.0,False,537382.0,Girona FC,Extremo izquierdo,Girona FC,2001.0,24.0,100.0,15000000.0,12400000.0,15000000.0,16.52356082573315,0.0
910046,Sven Botman,D,DEF,Premier League,3,224.0,6.966666666666666,0.0,0.0,0.3370786516853932,0.033067415730337,0.0137759922097378,48.47565543071161,0.0,0.8569419115879949,6.700374531835206,1.3408239700374531,1.6816479400749065,11.0,610.0,90.0,55.45454545454545,5.0,446.0,False,269.0,5.0,False,361093.0,Newcastle United,Defensa central,Newcastle United,2000.0,25.0,100.0,42000000.0,33000000.0,42000000.0,17.553180200057167,0.0
906075,Melvin Bard,D,DEF,Ligue 1,21,1810.0,7.080952380952381,0.0952380952380952,0.0476190476190476,0.9590663851747596,0.1243929720853858,0.1244018524493163,45.70338805340799,0.7813333201177508,0.7927454228874188,5.563818008054261,1.2099047486891794,2.420128860686624,9.0,181.0,23.0,20.11111111111111,4.0,60.0,False,30.0,3.0,False,532775.0,OGC Niza,Lateral izquierdo,OGC Niza,2000.0,25.0,100.0,15000000.0,10300000.0,15000000.0,16.52356082573315,0.0
906275,Yann Bisseck,D,DEF,Serie A,20,1492.0,7.075,0.15,0.150561797752809,1.122183419374431,0.2335332736106893,0.0542104726000607,70.51978564544027,0.4329942301852414,0.9246438203975212,4.119086203937206,0.9713726085636198,0.8958108108108108,6.0,278.0,32.0,46.333333333333336,2.0,84.0,True,89.0,4.0,False,441986.0,Inter de Milán,Defensa central,Inter de Milán,2000.0,25.0,100.0,35000000.0,33000000.0,35000000.0,17.370858648025116,0.0
906278,Josha Vagnoman,D,DEF,Bundesliga,20,1634.0,6.695,0.05,0.05,0.5738163097680997,0.1402061270182326,0.1060784483488088,36.97585201650259,1.235948410179468,0.8133328391851565,3.638572718236525,0.6854202911437375,1.2206885296105985,22.0,940.0,130.0,42.72727272727273,9.0,332.0,False,162.0,3.0,False,448258.0,VfB Stuttgart,Lateral derecho,VfB Stuttgart,2000.0,25.0,100.0,10000000.0,10300000.0,10000000.0,16.118095750958314,0.0
907072,Mikkel Damsgaard,M,MID,Premier League,25,2083.0,7.372000000000001,0.0804494382022472,0.4475301327885597,1.1415358874745702,0.1558715068313469,0.2275776579577324,42.50708097783951,2.208291351127266,0.7813908872834474,5.673539489174056,0.8708185115494003,2.6947100669657567,6.0,304.0,53.0,50.66666666666666,2.0,101.0,False,186.0,5.0,False,540941.0,Brentford FC,Mediocentro ofensivo,Brentford FC,2000.0,25.0,100.0,28000000.0,29000000.0,28000000.0,17.147715103853763,0.0
907152,Lewis Ferguson,M,MID,Serie A,11,855.0,7.0,0.0909090909090909,0.0909090909090909,0.6363636363636364,0.19622,0.0599990963636363,55.0,1.181818181818182,0.8994933553507437,5.454545454545454,0.4545454545454545,2.272727272727273,8.0,325.0,44.0,40.625,3.0,238.0,False,201.0,3.0,False,428563.0,Bolonia,Mediocentro,Bolonia,1999.0,26.0,100.0,28000000.0,16700000.0,28000000.0,17.147715103853763,0.0
907463,Felix Nmecha,M,MID,Bundesliga,17,1284.0,7.1000000000000005,0.1395363069798753,0.0588235294117647,1.0051095007145858,0.1550165184710775,0.0809430215840596,51.45722663272431,0.6639283338817712,0.8872127323679562,5.543107216265614,1.3586918695235222,1.7099311817045777,9.0,386.0,58.0,42.888888888888886,5.0,196.0,False,123.0,5.0,False,406640.0,Borussia Dortmund,Mediocentro,Borussia Dortmund,2000.0,25.0,100.0,28000000.0,44000000.0,28000000.0,17.147715103853763,0.0
907668,Billy Gilmour,M,MID,Serie A,16,1196.0,7.05625,0.0,0.0625,0.7042064423983887,0.0788267698698459,0.1584496408857133,65.43598602320166,1.569150028154557,0.8893283481677954,3.434106604309858,0.5600823621228599,1.4576930937538726,7.0,389.0,58.0,55.57142857142857,1.0,31.0,False,132.0,4.0,False,423744.0,SSC Nápoles,Pivote,SSC Nápoles,2001.0,24.0,100.0,20000000.0,18800000.0,20000000.0,16.811242881518265,0.0
905163,Mohammed Kudus,M,MID,Premier League,21,1751.0,6.799999999999999,0.1472868217054263,0.0492610837438423,2.895629621546004,0.2842299750321951,0.1029196008229363,27.08612507079434,1.081972123291549,0.8989698481691039,7.131169132588442,0.2023809523809523,1.4434371298728024,10.0,507.0,89.0,50.7,1.0,13.0,False,177.0,6.0,False,543499.0,West Ham United,Extremo derecho,Tottenham Hotspur,2000.0,25.0,100.0,45000000.0,60000000.0,45000000.0,17.622173069956816,0.0
905264,Liberato Cacace,F,FWD,Serie A,26,2142.0,6.742307692307692,0.0769230769230769,0.1586538461538461,1.166737511877397,0.136302873463194,0.0573281246603554,29.267533924642034,0.9442341606975754,0.7334779774130674,4.253794563163749,0.8725766172169431,1.4264242997410963,3.0,107.0,20.0,35.666666666666664,0.0,0.0,False,77.0,3.0,False,469211.0,Empoli FC,Lateral izquierdo,Wrexham AFC,2000.0,25.0,100.0,3000000.0,2700000.0,3000000.0,14.914123179965662,0.0
905347,Yukinari Sugawara,D,DEF,Premier League,19,1266.0,6.694736842105264,0.0526315789473684,0.0,0.7816005176876617,0.0702841956967213,0.1123576699966005,42.99872124510255,1.0666284872466243,0.8466770495832301,2.8840365208052856,0.5232938806346009,1.5297183369334328,1.0,63.0,9.0,63.0,0.0,0.0,False,63.0,3.0,False,405385.0,Southampton FC,Lateral derecho,Southampton FC,2000.0,25.0,100.0,11000000.0,6800000.0,11000000.0,16.213405921671733,0.0
905351,Zion Suzuki,G,GK,Serie A,37,3315.0,7.027027027027027,0.0,0.0,0.0,,0.002974373027027,35.648648648648646,0.0,0.6395780369526329,0.5459459459459459,0.0,0.027027027027027,1.0,109.0,18.0,109.0,0.0,0.0,False,109.0,4.0,False,432298.0,Parma,Portero,Parma,2002.0,23.0,100.0,20000000.0,21000000.0,20000000.0,16.811242881518265,2.7149321266968327
905352,Keito Nakamura,M,MID,Ligue 1,30,2554.0,6.983333333333333,0.3240875326153716,0.0694779116465863,2.666883620957026,0.2940901586006944,0.1173144703768793,24.29957811433037,0.8740681169013879,0.7720109256248547,2.254873354791393,0.4753835486397632,0.7927832288297405,4.0,103.0,17.0,25.75,2.0,46.0,False,49.0,3.0,False,405397.0,Stade de Reims,Extremo izquierdo,Stade de Reims,2000.0,25.0,100.0,8000000.0,9700000.0,8000000.0,15.894952224644102,0.0
905381,Thijs Dallinga,F,FWD,Serie A,14,933.0,6.821428571428571,0.2252747252747252,0.1768149882903981,2.078597877842111,0.2610257774659122,0.0482960671427947,21.110771597689965,0.6563573696696352,0.6904267733072081,4.765014988221338,0.0824175824175824,0.5231910946196661,2.0,39.0,8.0,19.5,1.0,4.0,False,35.0,3.0,False,538964.0,Bolonia,Delantero centro,Bolonia,2000.0,25.0,100.0,12000000.0,13100000.0,12000000.0,16.300417291085605,0.0
906047,Cheick Doucouré,M,MID,Premier League,7,370.0,6.771428571428571,0.0,0.0,1.3649068322981368,0.0905086956521739,0.0278772874476756,41.7192423679225,0.3474903474903475,0.8601491101491101,6.889656376651719,1.947177240461402,3.690100482025948,7.0,687.0,105.0,98.14285714285714,4.0,646.0,True,402.0,4.0,False,543387.0,Crystal Palace,Pivote,Crystal Palace,2000.0,25.0,100.0,25000000.0,13700000.0,25000000.0,17.034386422832473,0.0
906065,Seydouba Cisse,M,MID,La Liga,30,2356.0,6.87,0.1,0.0405405405405405,0.901279560361988,0.1851659862053407,0.035155982364575,42.280518620311454,0.6684593070426683,0.8461271732955413,5.072464785872314,0.5058465501044858,2.163098168667696,1.0,30.0,4.0,30.0,0.0,0.0,False,30.0,4.0,False,543537.0,CD Leganés,Mediocentro,Al-Kholood Club,2001.0,24.0,100.0,3000000.0,3100000.0,3000000.0,14.914123179965662,0.0
918437,Mikkel Kaufmann,F,FWD,Bundesliga,5,281.0,6.76,0.0,0.0,0.6647058823529411,0.2106529411764706,0.0978206676860654,21.22211839959865,0.3214285714285714,0.5363858363858365,9.759751661858774,0.4,1.8409256239809355,13.0,239.0,27.0,18.384615384615383,2.0,15.0,False,54.0,3.0,False,545332.0,1.FC Heidenheim 1846,Delantero centro,1.FC Heidenheim 1846,2001.0,24.0,100.0,1200000.0,1700000.0,1200000.0,13.997832948091215,0.0
918440,Morten Frendrup,M,MID,Serie A,34,3017.0,6.9676470588235295,0.0588235294117647,0.0,0.8308823529411765,0.0973375,0.0200778992042945,35.82543275105658,0.3631635581061693,0.8531218236729962,5.051736841695616,1.3790953090096798,3.005031574222773,2.0,24.0,4.0,12.0,1.0,18.0,False,18.0,3.0,False,503871.0,Génova,Pivote,Génova,2001.0,24.0,100.0,20000000.0,17200000.0,20000000.0,16.811242881518265,0.0
919027,Ali Abdi,M,MID,Ligue 1,16,1257.0,7.09375,0.2117928234677842,0.125,1.6610430209079854,0.2587574106228675,0.1224767573319622,32.402800314670365,1.13398140901709,0.7696193160890796,5.682498766691813,1.3999593973468234,2.665123911984752,7.0,170.0,26.0,24.285714285714285,3.0,78.0,False,48.0,2.0,False,211474.0,OGC Niza,Lateral izquierdo,OGC Niza,1993.0,32.0,100.0,3000000.0,2300000.0,3000000.0,14.914123179965662,0.0
920379,Nathan Tella,F,FWD,Bundesliga,17,1176.0,6.829411764705882,0.1402969050027873,0.1435725152129817,1.6948005677971651,0.2937322314889709,0.1125608142286492,18.840240380549304,1.176523943212485,0.8046777732071849,4.423630563861657,0.2071692774472872,0.8109103804675052,10.0,382.0,60.0,38.2,2.0,31.0,False,81.0,6.0,False,340322.0,Bayer 04 Leverkusen,Extremo derecho,Bayer 04 Leverkusen,1999.0,26.0,100.0,15000000.0,15800000.0,15000000.0,16.52356082573315,0.0
920391,Antoine Makoumbou,M,MID,Serie A,26,1947.0,6.6923076923076925,0.0,0.1354063093193528,0.2897819226908767,0.0536790964195315,0.0358759933652674,47.53028651921022,0.3521524247996455,0.8857791893325122,2.8218947852070198,0.6763413024952187,1.4579885820863925,3.0,31.0,5.0,10.333333333333334,2.0,25.0,False,22.0,4.0,False,460651.0,Cagliari,Pivote,Samsunspor,1998.0,27.0,100.0,3500000.0,4200000.0,3500000.0,15.068273812173889,0.0
920525,Moritz Jenz,D,DEF,Bundesliga,18,1596.0,7.144444444444444,0.0,0.0,0.5752510853969851,0.2135898289451618,0.0208422166228781,48.233784262209554,0.1666666666666666,0.8303817066024578,6.582527437717778,1.6666666666666667,2.01969552984143,11.0,243.0,28.0,22.09090909090909,6.0,125.0,True,57.0,2.0,False,460245.0,1.FSV Mainz 05,Defensa central,VfL Wolfsburgo,1999.0,26.0,100.0,5000000.0,4700000.0,5000000.0,15.424948670398354,0.0
920546,Robert Sánchez,G,GK,Premier League,21,1890.0,7.038095238095239,0.0,0.0,0.0,,0.0011736461904761,34.476190476190474,0.0,0.702893805253223,0.3333333333333333,0.0952380952380952,0.0,6.0,171.0,34.0,28.5,3.0,141.0,False,67.0,5.0,False,403151.0,Chelsea FC,Portero,Chelsea FC,1997.0,28.0,100.0,20000000.0,19900000.0,20000000.0,16.811242881518265,3.380952380952381
920680,Gabriel Osho,D,DEF,Ligue 1,19,1635.0,6.994736842105263,0.0526315789473684,0.0,0.3157894736842105,0.1568166666666666,0.0089052759007697,40.70262117744955,0.0526315789473684,0.8674125001676513,3.0703141252340336,0.6739130434782609,1.3143332639900145,8.0,350.0,51.0,43.75,4.0,163.0,False,111.0,4.0,False,364409.0,AJ Auxerre,Defensa central,Cardiff City,1998.0,27.0,100.0,3000000.0,1600000.0,3000000.0,14.914123179965662,0.0
916041,Mahdi Camara,M,MID,Ligue 1,30,2535.0,7.12,0.1666666666666666,0.1072897761645493,1.6450675678557458,0.1609726544585749,0.0895565242434927,37.70627765280149,0.8728586429016415,0.8659718462928002,5.172757892154648,1.0107494557924543,2.2511745375655554,1.0,12.0,3.0,12.0,0.0,0.0,False,12.0,4.0,False,324795.0,Stade Brestois 29,Mediocentro,Stade Rennais FC,1998.0,27.0,100.0,9000000.0,10800000.0,9000000.0,16.012735246411598,0.0
916136,Álvaro Aguado,M,MID,La Liga,5,334.0,6.68,0.0,0.0,1.7047830923248053,0.1011729143492769,0.0362582253574432,40.17429664396755,0.4,0.8091352657004831,3.054819718386282,0.7167313274912506,0.4,1.0,12.0,0.0,12.0,0.0,0.0,False,12.0,,True,449496.0,RCD Espanyol,Mediocentro,Sin equipo,1996.0,29.0,100.0,1800000.0,1600000.0,1800000.0,14.403297778421797,0.0
916943,Ramon Hendriks,D,DEF,Bundesliga,12,956.0,6.883333333333333,0.0,0.0833333333333333,0.25,0.1391,0.1221423939015151,46.41429924242424,0.5,0.8192973264994827,4.299242424242425,1.2542613636363635,1.7490530303030305,5.0,371.0,38.0,74.2,1.0,4.0,False,249.0,3.0,False,436064.0,VfB Stuttgart,Defensa central,VfB Stuttgart,2001.0,24.0,100.0,5000000.0,4800000.0,5000000.0,15.424948670398354,0.0
917005,Crysencio Summerville,F,FWD,Premier League,12,672.0,6.841666666666666,0.1666666666666666,0.1666666666666666,1.5425200178047185,0.3805218292847604,0.211338614313393,26.66932117963641,1.8416817956758544,0.771317430556561,6.580772118897222,0.0,1.4527286635720371,7.0,410.0,44.0,58.57142857142857,2.0,270.0,True,247.0,5.0,False,474701.0,West Ham United,Extremo izquierdo,Al-Hilal SFC,2001.0,24.0,100.0,22000000.0,33000000.0,22000000.0,16.906553056777135,0.0
917007,Joshua Zirkzee,F,FWD,Premier League,15,957.0,6.706666666666666,0.1333333333333333,0.0,1.5245424611199283,0.3614884445544398,0.0545177419481694,22.754560555421424,0.9877123024664008,0.7069619776877841,4.418614155370167,0.3038716241700216,1.3665169794564502,11.0,291.0,39.0,26.454545454545453,3.0,98.0,False,73.0,4.0,False,435648.0,Manchester United,Delantero centro,Manchester United,2001.0,24.0,100.0,30000000.0,23000000.0,30000000.0,17.216707972959764,0.0
917048,Andrea Cambiaso,D,DEF,Serie A,25,2048.0,7.1160000000000005,0.08,0.1403095975232198,0.6303095975232198,0.0633209541232761,0.0814889012681293,57.97232492187039,1.3008359133126937,0.9004651858975372,4.111796718475092,0.6218971647594574,1.8967687946426,11.0,443.0,42.0,40.27272727272727,6.0,72.0,False,180.0,4.0,False,459658.0,Juventus de Turín,Lateral izquierdo,Juventus de Turín,2000.0,25.0,100.0,35000000.0,32000000.0,35000000.0,17.370858648025116,0.0
917087,Kang-in Lee,F,FWD,Ligue 1,20,1376.0,7.645,0.3551288771957588,0.1561173533083645,2.1810338571569647,0.2516835553716374,0.3760629218430573,63.39960040389765,3.0900593693534253,0.9225054633788652,4.695908013795163,0.1555555555555555,1.6503606327224642,9.0,159.0,29.0,17.666666666666668,3.0,46.0,False,43.0,6.0,False,557149.0,París Saint-Germain FC,Mediocentro ofensivo,Atlético de Madrid,2001.0,24.0,100.0,25000000.0,30000000.0,25000000.0,17.034386422832473,0.0
917485,Walid Cheddira,F,FWD,La Liga,8,393.0,6.6375,0.0,0.0,1.5192813018624378,0.1774685653697215,0.0854040922962733,15.738791199320126,0.7880434782608696,0.7801542207792208,5.953943649832838,0.25,0.5818965517241379,1.0,93.0,0.0,93.0,0.0,0.0,False,93.0,3.0,False,521407.0,SSC Nápoles,Delantero centro,SSC Nápoles,1998.0,27.0,100.0,2500000.0,2100000.0,2500000.0,14.731801689838347,0.0
914412,Ben Johnson,D,DEF,Premier League,11,885.0,6.472727272727273,0.0,0.0909090909090909,0.2840909090909091,0.1454666666666666,0.0369894105342114,21.550276146226,0.5454545454545454,0.7903320832465218,5.503320329622162,1.1724598930481285,3.1557486631016043,1.0,8.0,1.0,8.0,0.0,0.0,False,8.0,3.0,False,468002.0,Ipswich Town,Lateral derecho,Ipswich Town,2000.0,25.0,100.0,8000000.0,7700000.0,8000000.0,15.894952224644102,0.0
914501,Mateo Retegui,F,FWD,Serie A,31,2301.0,7.422580645161291,0.8691885257891373,0.2879273353245877,3.81242226173554,0.7156874391931498,0.0782000608717876,21.109088015369345,1.3702180647995648,0.7722933943836064,4.380016841649931,0.1180351906158357,0.5918000967266882,10.0,282.0,31.0,28.2,6.0,124.0,False,109.0,3.0,False,554903.0,Atalanta de Bérgamo,Delantero centro,Al-Qadsiah FC,1999.0,26.0,100.0,45000000.0,39000000.0,45000000.0,17.622173069956816,0.0
914691,Tariq Lamptey,D,DEF,Premier League,9,708.0,6.666666666666667,0.2222222222222222,0.1388888888888889,0.8018018018018017,0.0809873873873873,0.0590092752292591,33.697850835910536,0.4962462462462462,0.8735508661084109,3.946864775222984,0.7325870646766169,1.860674106942764,17.0,981.0,148.0,57.70588235294117,9.0,327.0,True,234.0,,False,504148.0,Brighton & Hove Albion,Lateral derecho,Queens Park Rangers,2000.0,25.0,100.0,11000000.0,7300000.0,11000000.0,16.213405921671733,0.0
914738,Ibrahim Sissoko,F,FWD,Ligue 1,10,716.0,6.98,0.4954751131221719,0.1153846153846153,2.663114507715668,0.7920459979970028,0.0392159531109165,19.468304363393752,0.6661896243291592,0.6877517649189475,7.167350363119032,0.3034482758620689,1.5092952332822138,8.0,323.0,31.0,40.375,2.0,55.0,False,153.0,2.0,False,484888.0,AS Saint-Étienne,Delantero centro,VfL Bochum,1995.0,30.0,100.0,1800000.0,865000.0,1800000.0,14.403297778421797,0.0
914755,Patrick Osterhage,M,MID,Bundesliga,26,2176.0,6.803846153846154,0.0384615384615384,0.0,0.8644962632304405,0.1097187125321935,0.0889940748624803,40.13916915788342,0.7151316539736998,0.8459760631532924,4.417836962750733,0.7352505089846862,1.7505684717480643,15.0,906.0,90.0,60.4,3.0,34.0,False,561.0,,False,443331.0,SC Friburgo,Pivote,SC Friburgo,2000.0,25.0,100.0,10000000.0,11600000.0,10000000.0,16.118095750958314,0.0
914848,Alex Suárez,D,DEF,La Liga,30,2468.0,6.666666666666667,0.0,0.0,0.2285714285714285,0.0928178571428571,0.0082382553381784,48.34905631405631,0.1,0.8459668651258239,3.16003071003071,0.4542857142857143,1.5013727013727014,0.0,0.0,0.0,0.0,0.0,0.0,False,0.0,3.0,False,510396.0,UD Las Palmas,Defensa central,UD Las Palmas,1993.0,32.0,100.0,1000000.0,540000.0,1000000.0,13.815511557963774,0.0
914902,Anthony Gordon,F,FWD,Premier League,26,2122.0,7.165384615384616,0.2502791221236666,0.2019802093331505,2.3826677636715194,0.4036071759188679,0.1984051623446287,29.466150348632727,2.128966161166816,0.7881506817783557,5.325846013107689,0.2482262697646042,1.15101007492979,9.0,114.0,19.0,12.666666666666666,4.0,48.0,False,25.0,6.0,False,503733.0,Newcastle United,Extremo izquierdo,FC Barcelona,2001.0,24.0,100.0,65000000.0,62000000.0,65000000.0,17.989897843244528,0.0
915812,Abdou Harroui,F,FWD,Serie A,6,375.0,6.766666666666667,0.0,0.4477611940298507,2.892300791126335,0.4773483435282603,0.1150250268403882,37.76988010765843,0.9477611940298508,0.8079050896872104,5.257605415545225,0.6666666666666666,1.9175434303890384,11.0,462.0,61.0,42.0,4.0,356.0,False,169.0,3.0,False,416386.0,Hellas Verona,Mediocentro,Hellas Verona,1998.0,27.0,100.0,1800000.0,1900000.0,1800000.0,14.403297778421797,0.0
911851,Yann Gboho,F,FWD,Ligue 1,28,2214.0,7.014285714285714,0.1802042397741739,0.1428571428571428,1.9077193648284787,0.2852106082417639,0.148042122101401,23.597862657288964,0.9007213230119634,0.76474610110397,5.844219424853179,0.2385327236380155,1.2981334645903986,7.0,142.0,20.0,20.285714285714285,2.0,27.0,False,58.0,2.0,False,463613.0,Toulouse FC,Extremo izquierdo,Toulouse FC,2001.0,24.0,100.0,8000000.0,11000000.0,8000000.0,15.894952224644102,0.0
911853,Logan Costa,D,DEF,La Liga,30,2484.0,6.9,0.0666666666666666,0.0333333333333333,0.4,0.0776444444444444,0.017954546809122,54.00222618531442,0.1666666666666666,0.8759200652639458,3.219727467153938,0.7644512350394703,1.3477477477477475,1.0,281.0,51.0,281.0,0.0,0.0,False,281.0,5.0,False,484988.0,Villarreal CF,Defensa central,Villarreal CF,2001.0,24.0,100.0,18000000.0,17500000.0,18000000.0,16.705882371415992,0.0
913654,Pedro Porro,D,DEF,Premier League,24,2129.0,7.2875,0.0838014981273408,0.2083333333333333,1.4190287708546137,0.0894270221527068,0.1413658597320203,49.748604429580325,1.6873565301437718,0.762922567435564,4.149020217579931,1.2730732478829616,2.2954545454545454,13.0,286.0,50.0,22.0,1.0,19.0,False,46.0,6.0,False,553875.0,Tottenham Hotspur,Lateral derecho,Tottenham Hotspur,1999.0,26.0,100.0,38000000.0,37000000.0,38000000.0,17.453096744006448,0.0
913695,José Copete,D,DEF,La Liga,17,1455.0,6.994117647058824,0.0,0.0,0.2941176470588235,0.0763,0.0089765249999999,46.64705882352941,0.0,0.8412191707163017,4.176470588235294,1.0294117647058822,1.6764705882352942,2.0,143.0,16.0,71.5,1.0,14.0,False,129.0,4.0,False,520840.0,RCD Mallorca,Defensa central,Valencia CF,1999.0,26.0,100.0,3000000.0,3600000.0,3000000.0,14.914123179965662,0.0
913762,Christos Mandas,G,GK,Serie A,8,720.0,7.125,0.0,0.0,0.0,,0.0045405462499999,32.875,0.0,0.6985373960485195,1.125,0.0,0.0,2.0,50.0,5.0,25.0,1.0,5.0,False,45.0,4.0,False,481675.0,SS Lazio,Portero,SS Lazio,2001.0,24.0,100.0,10000000.0,10300000.0,10000000.0,16.118095750958314,2.0
913942,Romain Faivre,M,MID,Ligue 1,10,686.0,6.959999999999999,0.3456521739130435,0.15,1.9438230030756665,0.4120443030126432,0.1724204150480882,28.93493599010562,0.7971428571428572,0.8654808277211654,5.009116282114536,0.5435002751788663,1.154582839475181,15.0,211.0,26.0,14.066666666666666,7.0,98.0,False,45.0,2.0,False,555076.0,Stade Brestois 29,Mediocentro ofensivo,AJ Auxerre,1998.0,27.0,100.0,6000000.0,5400000.0,6000000.0,15.607270193858982,0.0
914212,Miguel de la Fuente,F,FWD,La Liga,21,1513.0,6.542857142857143,0.0476190476190476,0.2374949979991996,1.6905321637287265,0.3353420682120098,0.0542999171644692,11.278146143539471,0.4501499229828917,0.6470615596666016,3.77552853516512,0.2275899209636069,0.765883241639421,1.0,6.0,1.0,6.0,0.0,0.0,False,6.0,4.0,False,480883.0,CD Leganés,Delantero centro,UD Almería,1999.0,26.0,100.0,2000000.0,2100000.0,2000000.0,14.508658238524095,0.0
914309,Iliman Ndiaye,M,MID,Premier League,22,1831.0,7.077272727272727,0.2999222999222999,0.0,1.3097788415245928,0.2823139546487972,0.0491606377205437,25.42030929534021,0.7575757575757577,0.8333678417657512,7.134461970680746,0.8958030647427532,2.23291023124963,1.0,50.0,7.0,50.0,1.0,50.0,False,50.0,4.0,False,623570.0,Everton FC,Extremo derecho,Everton FC,2000.0,25.0,100.0,22000000.0,49000000.0,22000000.0,16.906553056777135,0.0
927353,Curtis Jones,M,MID,Premier League,12,876.0,7.1000000000000005,0.2733285233285233,0.1013513513513513,1.8503107495496045,0.4270516804334008,0.0587716480231674,50.60355729378245,1.2371631444665152,0.9348534194705108,4.843795637873542,0.2155434122647237,2.318228377090532,14.0,322.0,56.0,23.0,5.0,114.0,False,62.0,2.0,False,433188.0,Liverpool FC,Mediocentro,Liverpool FC,2001.0,24.0,100.0,45000000.0,33000000.0,45000000.0,17.622173069956816,0.0
927356,Neco Williams,D,DEF,Premier League,19,1618.0,7.036842105263157,0.0526315789473684,0.0532229450029568,1.2442770770070246,0.1145671791799008,0.0351989966318041,27.32775747135846,0.3778982696782815,0.7930762483351383,6.134833521183062,1.222569990336213,2.77554333278324,12.0,172.0,20.0,14.333333333333334,3.0,90.0,True,35.0,4.0,False,503680.0,Nottingham Forest,Lateral izquierdo,Nottingham Forest,2001.0,24.0,100.0,20000000.0,23000000.0,20000000.0,16.811242881518265,0.0
927361,James Garner,M,MID,Premier League,8,676.0,7.0125,0.0,0.1371951219512195,0.6371951219512195,0.034215243902439,0.1275235586298543,36.03619629902408,1.2151756046177034,0.7289328323703324,4.902862704013276,1.078269755222131,2.795428399333151,3.0,201.0,24.0,67.0,1.0,99.0,False,99.0,5.0,False,505219.0,Everton FC,Pivote,Everton FC,2001.0,24.0,100.0,18000000.0,37000000.0,18000000.0,16.705882371415992,0.0
927366,Matěj Kovář,G,GK,Bundesliga,5,450.0,7.0,0.0,0.0,0.0,,0.001004824,26.0,0.0,0.8251704629220109,0.4,0.0,0.0,2.0,13.0,3.0,6.5,1.0,3.0,False,10.0,5.0,False,550829.0,Bayer 04 Leverkusen,Portero,PSV Eindhoven,2000.0,25.0,100.0,5000000.0,7200000.0,5000000.0,15.424948670398354,2.4000000000000004
927405,Woo-Yeong Jeong,F,FWD,Bundesliga,16,1115.0,6.88125,0.1515596745027124,0.1428571428571428,1.660475728781629,0.294080491263875,0.1454535137611876,30.62629929721857,1.0395674245456823,0.7915684471086641,3.289198332889136,0.7433038687671932,0.6611452806942829,11.0,289.0,33.0,26.272727272727277,2.0,102.0,True,109.0,,False,297583.0,1.FC Unión Berlín,Mediocentro ofensivo,1.FC Unión Berlín,1999.0,26.0,100.0,4000000.0,3700000.0,4000000.0,15.201805169084134,0.0
927407,Josip Stanišić,D,DEF,Bundesliga,10,831.0,7.290000000000001,0.0,0.2,0.2,0.1307,0.1473847646872942,75.94002633311389,1.612508229098091,0.9261613940155768,3.525016458196182,0.5,1.3125082290980907,18.0,737.0,97.0,40.94444444444444,5.0,146.0,False,141.0,4.0,False,483046.0,Bayern Múnich,Lateral derecho,Bayern Múnich,2000.0,25.0,100.0,32000000.0,31000000.0,32000000.0,17.281246492014,0.0
928103,Enrico Delprato,D,DEF,Serie A,33,2926.0,6.987878787878787,0.1212121212121212,0.0,0.3636363636363636,0.2289222222222222,0.0287137014116777,41.87706331608771,0.4271988174427198,0.8391678853334759,2.753387533875338,0.5787139689578714,1.0029563932002956,5.0,54.0,3.0,10.8,2.0,14.0,False,15.0,2.0,False,392956.0,Parma,Lateral derecho,Parma,1999.0,26.0,100.0,6500000.0,6600000.0,6500000.0,15.687312888712007,0.0
928104,Nadir Zortea,M,MID,Serie A,32,2576.0,6.665625,0.2005821514551518,0.0635775862068965,1.126648331374451,0.1506771278863342,0.059636546273363,22.02131403033425,0.8488358081348405,0.7347624061698564,3.5317713556518853,0.6283035102661817,0.999355620962202,7.0,114.0,12.0,16.285714285714285,3.0,58.0,False,28.0,4.0,False,392966.0,Cagliari,Lateral derecho,Bolonia,1999.0,26.0,100.0,5000000.0,7000000.0,5000000.0,15.424948670398354,0.0
925285,Devis Vásquez,G,GK,Serie A,32,2880.0,6.75625,0.0,0.0,0.0,,0.0023109625,31.21875,0.0,0.5616513873729472,0.40625,0.0,0.0,1.0,3.0,1.0,3.0,1.0,3.0,False,3.0,2.0,False,495722.0,Empoli FC,Portero,AS Roma,1998.0,27.0,100.0,2000000.0,1400000.0,2000000.0,14.508658238524095,2.59375
925910,Shuto Machino,F,FWD,Bundesliga,27,1851.0,7.114814814814815,0.4421790980751673,0.074074074074074,2.1716691938753856,0.3860806029935811,0.1058183657447079,24.63884776885409,1.2293030483646552,0.7054665622785117,3.2157962550301806,0.2898212898212898,0.3270868437572273,2.0,29.0,2.0,14.5,0.0,0.0,False,24.0,4.0,False,550580.0,Holstein Kiel,Delantero centro,Borussia Mönchengladbach,1999.0,26.0,100.0,5000000.0,6800000.0,5000000.0,15.424948670398354,0.0
926506,Mohamed Abdelmonem,D,DEF,Ligue 1,10,832.0,6.94,0.0,0.0,0.0,,0.0197654790149253,52.38358208955224,0.0,0.893895876844514,6.6,1.534328358208955,2.4,6.0,399.0,66.0,66.5,2.0,287.0,True,272.0,3.0,False,566025.0,OGC Niza,Defensa central,OGC Niza,1999.0,26.0,100.0,4000000.0,3300000.0,4000000.0,15.201805169084134,0.0
927005,Lassine Sinayoko,F,FWD,Ligue 1,28,2138.0,7.057142857142857,0.245440483885862,0.3770220802910384,2.601859708926068,0.3341273614070549,0.1451270952655919,25.191122912511258,1.5506167898163816,0.7894737550222983,5.180080080362932,0.5624160923657228,1.3888448338023092,0.0,0.0,0.0,0.0,0.0,0.0,False,0.0,4.0,False,569140.0,AJ Auxerre,Delantero centro,Paris FC,1999.0,26.0,100.0,4000000.0,7400000.0,4000000.0,15.201805169084134,0.0
927083,Bryan Mbeumo,F,FWD,Premier League,28,2515.0,7.517857142857143,0.536115569823435,0.1432584269662921,2.107945425361156,0.3687173689138577,0.2356614089320307,29.253251785022417,1.7873194221508828,0.745806074710354,4.504870758842087,0.4298029556650246,1.2146869983948636,3.0,115.0,22.0,38.333333333333336,1.0,97.0,False,97.0,5.0,False,413039.0,Brentford FC,Extremo derecho,Manchester United,1999.0,26.0,100.0,55000000.0,78000000.0,55000000.0,17.822843761378564,0.0
927304,Gabriele Zappa,D,DEF,Serie A,33,2863.0,6.809090909090909,0.0606060606060606,0.0,0.2878787878787879,0.1568,0.1035670042133665,39.45915317559153,0.8444167704441677,0.7824469253413333,2.7252386882523867,0.6201743462017435,1.1494811124948112,5.0,65.0,7.0,13.0,1.0,13.0,False,24.0,5.0,False,392569.0,Cagliari,Lateral derecho,Cagliari,1999.0,26.0,100.0,4000000.0,3900000.0,4000000.0,15.201805169084134,0.0
927312,Marco Sala,D,DEF,Serie A,4,256.0,6.525,0.0,0.0,0.0,,0.0834537293421052,36.54605263157895,0.75,0.8188512145748987,2.3421052631578947,0.25,1.2960526315789471,7.0,133.0,18.0,19.0,3.0,58.0,False,32.0,3.0,False,392570.0,US Lecce,Lateral izquierdo,US Avellino 1912,1999.0,26.0,100.0,900000.0,440000.0,900000.0,13.71015115341694,0.0
927340,Han-Noah Massengo,M,MID,Ligue 1,11,889.0,6.6909090909090905,0.0,0.0,0.3188854489164086,0.0838960268317853,0.0544213243856025,37.921841564577406,0.3636363636363636,0.8363113808333131,4.257305510530353,1.3037546467042669,1.2600710575661322,5.0,85.0,14.0,17.0,0.0,0.0,False,28.0,5.0,False,536508.0,AJ Auxerre,Mediocentro,FC Augsburgo,2001.0,24.0,100.0,5000000.0,5200000.0,5000000.0,15.424948670398354,0.0
923820,Semuel Pizzignacco,G,GK,Serie A,8,713.0,6.775,0.0,0.0,0.0,,0.0011780449849397,36.23343373493976,0.0,0.7288013478818999,0.8855421686746988,0.0,0.0,0.0,0.0,0.0,0.0,0.0,0.0,False,0.0,2.0,False,537171.0,AC Monza,Portero,AC Monza,2001.0,24.0,100.0,800000.0,700000.0,800000.0,13.592368256649284,2.8125
923894,Wesley Fofana,D,DEF,Premier League,12,1017.0,6.925,0.0,0.0,0.1666666666666666,0.20115,0.0164764629385964,60.57456140350877,0.4649122807017544,0.8984211669541681,5.096491228070176,1.0,1.2149122807017545,15.0,1044.0,196.0,69.6,3.0,528.0,True,350.0,4.0,False,475411.0,Chelsea FC,Defensa central,Chelsea FC,2000.0,25.0,100.0,25000000.0,29000000.0,25000000.0,17.034386422832473,0.0
923973,Amadou Onana,M,MID,Premier League,15,1061.0,6.8933333333333335,0.1634408602150537,0.0,1.1959650652350142,0.2897990401160923,0.0228440174354303,44.05765704584041,0.5101075268817205,0.8879803614058981,6.9341666284280885,1.4890723320944033,3.135954052524511,14.0,259.0,49.0,18.5,5.0,107.0,False,43.0,4.0,False,485706.0,Aston Villa,Pivote,Aston Villa,2001.0,24.0,100.0,50000000.0,41000000.0,50000000.0,17.72753358339242,0.0
924205,Moritz Broschinski,F,FWD,Bundesliga,15,961.0,6.546666666666667,0.0705882352941176,0.2674157303370786,2.091384374020932,0.2359406857878112,0.1211957710093511,16.420680627352485,0.6975998388642104,0.6504539088362618,5.036903535620038,0.0674157303370786,1.5572547928259617,5.0,477.0,55.0,95.4,0.0,0.0,False,240.0,2.0,False,406973.0,VfL Bochum,Delantero centro,Karlsruher SC,2000.0,25.0,100.0,2000000.0,970000.0,2000000.0,14.508658238524095,0.0
924378,Sepp van den Berg,D,DEF,Premier League,20,1745.0,6.93,0.0,0.0,0.6,0.0886333333333333,0.0220713394260282,40.89024719567927,0.2042168674698795,0.8392177115787065,5.2547050270045705,0.729389281262983,1.425941005400914,9.0,359.0,33.0,39.888888888888886,2.0,42.0,False,150.0,4.0,False,541231.0,Brentford FC,Defensa central,Brentford FC,2001.0,24.0,100.0,22000000.0,33000000.0,22000000.0,16.906553056777135,0.0
924871,Darwin Núñez,F,FWD,Premier League,11,749.0,6.9,0.3598313451254628,0.0909090909090909,2.5598634226435704,0.5405133959421751,0.0326830665838734,14.75333775159528,0.6821451396047322,0.6882688338493292,4.927123168245561,0.226578234599625,1.530433215165535,23.0,779.0,84.0,33.869565217391305,5.0,36.0,False,309.0,3.0,False,546543.0,Liverpool FC,Delantero centro,Al-Hilal SFC,1999.0,26.0,100.0,45000000.0,32000000.0,45000000.0,17.622173069956816,0.0
925097,Ronald Araújo,D,DEF,La Liga,10,731.0,7.209999999999999,0.1184210526315789,0.1184210526315789,0.4368421052631578,0.3424175438596491,0.0283912545534055,86.70044504643963,0.4184210526315789,0.906921830324148,6.089454334365326,1.0764705882352943,1.4552631578947368,21.0,540.0,101.0,25.714285714285715,5.0,201.0,False,147.0,6.0,False,480267.0,FC Barcelona,Defensa central,FC Barcelona,1999.0,26.0,100.0,35000000.0,27000000.0,35000000.0,17.370858648025116,0.0
925242,Valentin Mihăilă,M,MID,Serie A,18,1251.0,6.9,0.0,0.2234848484848484,2.2460428287467304,0.2215215577543427,0.0729393763965117,27.59631834002484,1.1026026869050545,0.793527618227921,5.105481997444199,0.6702042629152604,1.899536348269743,17.0,606.0,75.0,35.64705882352941,3.0,132.0,False,117.0,4.0,False,535469.0,Parma,Extremo izquierdo,Caykur Rizespor,2000.0,25.0,100.0,3000000.0,2900000.0,3000000.0,14.914123179965662,0.0
920744,Ola Solbakken,F,FWD,Serie A,10,584.0,6.529999999999999,0.0,0.0,0.4868707310903112,0.3339422716923856,0.0508452836673515,21.34467649236728,0.6187785625259659,0.7079608669997686,2.23471195445004,0.1034482758620689,0.9077147866744596,10.0,486.0,73.0,48.6,4.0,204.0,False,119.0,4.0,False,431811.0,Empoli FC,Extremo derecho,FC Nordsjælland,1998.0,27.0,100.0,2300000.0,1900000.0,2300000.0,14.648420115681892,0.0
921005,Jack Clarke,M,MID,Premier League,9,619.0,6.7444444444444445,0.0,0.2594183740912095,0.9844573715801164,0.1461677863174658,0.0541830910187346,26.67035109532181,1.892989991410716,0.8103832567963376,6.581001529755557,0.2816901408450704,2.944113574233626,1.0,44.0,6.0,44.0,1.0,44.0,False,44.0,4.0,False,559794.0,Ipswich Town,Extremo izquierdo,Ipswich Town,2000.0,25.0,100.0,15000000.0,18600000.0,15000000.0,16.52356082573315,0.0
921369,Zuriko Davitashvili,F,FWD,Ligue 1,32,2671.0,7.065625,0.2834051724137931,0.3396368378812199,2.2776291065325984,0.3510704797739157,0.19684542443717,27.555617947469287,1.8318066021699329,0.8314324169745969,4.235371781825184,0.4544767393590524,0.7748890770953868,6.0,105.0,13.0,17.5,1.0,3.0,False,37.0,3.0,False,427572.0,AS Saint-Étienne,Extremo izquierdo,AS Saint-Étienne,2001.0,24.0,100.0,10000000.0,8199999.0,10000000.0,16.118095750958314,0.0
921417,Stanko Jurić,M,MID,La Liga,21,1639.0,6.642857142857143,0.0,0.0,0.476000298353774,0.2112064710573388,0.0129955734654147,37.793405799581606,0.2247246922394583,0.8282832116200284,5.907454085865386,1.2747382535790557,2.526358996179904,1.0,38.0,5.0,38.0,0.0,0.0,False,38.0,2.0,False,388125.0,Real Valladolid CF,Pivote,Real Valladolid CF,1996.0,29.0,100.0,1200000.0,1100000.0,1200000.0,13.997832948091215,0.0
922573,Gabriel Martinelli,F,FWD,Premier League,19,1392.0,6.978947368421053,0.4516517276646731,0.1710894197282582,1.5322016801343377,0.3996670147185346,0.1887319856359905,24.129992332009824,1.3708614441773406,0.7612908609540053,4.119368478631341,0.1302847282139775,1.1672020525936926,10.0,336.0,63.0,33.6,3.0,76.0,False,181.0,2.0,False,655488.0,Arsenal FC,Extremo izquierdo,Arsenal FC,2001.0,24.0,100.0,55000000.0,42000000.0,55000000.0,17.822843761378564,0.0
922759,Mark McKenzie,D,DEF,Ligue 1,27,2360.0,6.918518518518519,0.037037037037037,0.037037037037037,0.2592592592592592,0.27268,0.0089097042450142,46.529914529914535,0.1481481481481481,0.8606159158670583,4.028490028490029,0.7777777777777778,1.792022792022792,7.0,75.0,18.0,10.714285714285714,2.0,21.0,False,24.0,2.0,False,429259.0,Toulouse FC,Defensa central,Toulouse FC,1999.0,26.0,100.0,6000000.0,6300000.0,6000000.0,15.607270193858982,0.0
933398,Felix Agu,M,MID,Bundesliga,21,1733.0,6.919047619047619,0.1462585034013605,0.0,0.4652139336747357,0.1880703721678545,0.1279120776253003,31.930577187821488,1.0190420777138465,0.8086879723065182,5.065856044972055,1.0133566834125207,1.498327527814445,17.0,746.0,78.0,43.88235294117647,2.0,87.0,False,162.0,2.0,False,393512.0,SV Werder Bremen,Lateral izquierdo,SV Werder Bremen,1999.0,26.0,100.0,8000000.0,8400000.0,8000000.0,15.894952224644102,0.0
933426,Enzo Loiodice,M,MID,La Liga,8,554.0,6.5875,0.0,0.0,0.9656762295081968,0.0490420491803278,0.0298172056139527,50.47429669436573,0.5760869565217391,0.8552595565842616,3.471301425082141,0.9252386002120891,1.653109951671505,3.0,155.0,24.0,51.66666666666666,0.0,0.0,False,93.0,3.0,False,581781.0,UD Las Palmas,Mediocentro,UD Las Palmas,2000.0,25.0,100.0,1200000.0,1200000.0,1200000.0,13.997832948091215,0.0
933641,Jay Idzes,D,DEF,Serie A,34,3038.0,6.820588235294117,0.0294117647058823,0.0,0.421280276816609,0.1273894607843137,0.0129247010726643,46.46539792387543,0.2352941176470588,0.8653651716749281,3.2249134948096883,0.9212802768166092,1.3036332179930794,6.0,196.0,26.0,32.666666666666664,1.0,97.0,False,97.0,4.0,False,546926.0,Venezia FC,Defensa central,US Sassuolo,2000.0,25.0,100.0,7500000.0,10400000.0,7500000.0,15.830413711839864,0.0
933707,Jan Schöppner,M,MID,Bundesliga,31,2577.0,6.919354838709677,0.1293947082276187,0.1037489102005231,1.359233417905038,0.1798643386108273,0.070575858607339,34.17847047290908,0.881974716652136,0.7258120342410076,5.029783653497044,1.4224962509194352,1.9188280649286624,1.0,52.0,8.0,52.0,0.0,0.0,False,52.0,3.0,False,581357.0,1.FC Heidenheim 1846,Mediocentro,1.FC Heidenheim 1846,1999.0,26.0,100.0,4000000.0,4300000.0,4000000.0,15.201805169084134,0.0
934235,Bukayo Saka,F,FWD,Premier League,15,1251.0,8.026666666666667,0.3656251396683714,0.7807339121642848,3.214437246966131,0.3188788516873653,0.4243403674103,30.600954058067188,3.1310461375815817,0.833587063853256,6.54812294887864,0.1416666666666666,1.5124163213082502,13.0,258.0,49.0,19.846153846153847,5.0,158.0,False,99.0,5.0,False,433177.0,Arsenal FC,Extremo derecho,Arsenal FC,2001.0,24.0,100.0,150000000.0,126000000.0,150000000.0,18.8261458587272,0.0
934237,Folarin Balogun,F,FWD,Ligue 1,7,536.0,6.971428571428571,0.6294642857142857,0.0,3.8746644979061857,0.6516616602786599,0.1765068390954793,16.57858390011523,0.9033613445378152,0.6799459527400703,2.0685469421882465,0.0,0.1428571428571428,8.0,286.0,54.0,35.75,5.0,262.0,True,113.0,3.0,False,503770.0,AS Mónaco,Delantero centro,AS Mónaco,2001.0,24.0,100.0,18000000.0,20000000.0,18000000.0,16.705882371415992,0.0
934354,Antoine Semenyo,M,MID,Premier League,25,2206.0,7.236000000000001,0.2808988764044944,0.16,3.834015673685205,0.3263091286941743,0.1456378589613823,27.41545651968653,1.2138400528750826,0.766688559016703,6.924717212727788,0.2004494382022472,1.57322632423756,5.0,178.0,17.0,35.6,1.0,10.0,False,104.0,6.0,False,583255.0,AFC Bournemouth,Extremo derecho,Manchester City,2000.0,25.0,100.0,40000000.0,79000000.0,40000000.0,17.50439003707821,0.0
930267,Joan García,G,GK,La Liga,36,3240.0,7.3805555555555555,0.0,0.0,0.0277777777777777,0.0741,0.0017929113888888,27.444444444444443,0.0,0.659062652407734,0.6388888888888888,0.0,0.0,2.0,235.0,9.0,117.5,0.0,0.0,False,183.0,6.0,False,561613.0,RCD Espanyol,Portero,FC Barcelona,2001.0,24.0,100.0,25000000.0,31000000.0,25000000.0,17.034386422832473,3.833333333333333
930272,Tom Krauß,M,MID,Bundesliga,13,1053.0,7.0,0.0,0.0,0.8697657437486961,0.0568593007970332,0.0730527844164042,48.25836017070272,0.8513992787530177,0.8040597727030706,5.824464240007941,1.0208149130562925,2.884426588133792,6.0,129.0,9.0,21.5,2.0,100.0,True,54.0,4.0,False,405687.0,VfL Bochum,Pivote,FC Colonia,2001.0,24.0,100.0,4000000.0,3700000.0,4000000.0,15.201805169084134,0.0
930584,Farid El Melali,M,MID,Ligue 1,23,1652.0,6.873913043478261,0.1207513416815742,0.1056238185255198,2.071804424578352,0.2297169031166108,0.1210532930733378,20.188985156623623,1.1490901082341616,0.7550937582836662,6.154762540038382,0.7414817925035583,1.2541316671083576,13.0,398.0,64.0,30.615384615384617,1.0,22.0,False,56.0,5.0,False,425400.0,Angers SCO,Extremo izquierdo,CR Belouizdad,1997.0,28.0,100.0,3500000.0,1900000.0,3500000.0,15.068273812173889,0.0
930997,Giorgi Mamardashvili,G,GK,La Liga,34,3060.0,6.894117647058824,0.0,0.0,0.0,,0.0015298214705882,27.764705882352946,0.0588235294117647,0.6396220189862357,0.3529411764705882,0.0294117647058823,0.0588235294117647,3.0,45.0,6.0,15.0,1.0,22.0,False,22.0,6.0,False,502676.0,Valencia CF,Portero,Liverpool FC,2000.0,25.0,100.0,30000000.0,29000000.0,30000000.0,17.216707972959764,2.735294117647059
931278,Rayan Aït-Nouri,M,MID,Premier League,27,2314.0,6.977777777777778,0.1111111111111111,0.1988904088767289,0.8758026327184375,0.1155489636821738,0.0697045514240374,38.80716459345616,1.0030110479836882,0.8636279082341785,6.03068592643689,0.724704930662242,2.5899071916902807,14.0,290.0,47.0,20.714285714285715,1.0,11.0,False,79.0,5.0,False,578391.0,Manchester City,Lateral izquierdo,Manchester City,2001.0,24.0,100.0,35000000.0,39000000.0,35000000.0,17.370858648025116,0.0
931844,Chris Richards,D,DEF,Premier League,15,1329.0,6.906666666666666,0.0,0.0,0.5455026455026455,0.0699987528344671,0.0069008001058201,41.79047619047619,0.138095238095238,0.8037888489376308,4.86984126984127,0.6047619047619047,2.566666666666667,13.0,427.0,58.0,32.84615384615385,3.0,68.0,False,74.0,2.0,False,578539.0,Crystal Palace,Defensa central,Crystal Palace,2000.0,25.0,100.0,14000000.0,23000000.0,14000000.0,16.454567959008102,0.0
932628,Tommy Doyle,M,MID,Premier League,6,331.0,6.866666666666667,0.0,0.1666666666666666,2.075268817204301,0.1269854838709677,0.041009874598141,55.16092582467652,1.3333333333333333,0.8437462547237297,2.829506105339894,0.8295061053398943,1.575268817204301,4.0,90.0,13.0,22.5,1.0,14.0,False,43.0,3.0,False,433183.0,Wolverhampton Wanderers,Mediocentro,Wolverhampton Wanderers,2001.0,24.0,100.0,10000000.0,7700000.0,10000000.0,16.118095750958314,0.0
932764,Randy Nteka,F,FWD,La Liga,15,979.0,6.653333333333333,0.0923076923076923,0.0,0.8636874878192108,0.1449049793097736,0.0191212235336274,16.378383168439875,0.648218148110001,0.6552805722542564,5.47400283440507,0.2643835616438356,1.1641009629633112,6.0,148.0,24.0,24.666666666666668,2.0,72.0,False,47.0,3.0,False,560483.0,Rayo Vallecano,Mediocentro ofensivo,Rayo Vallecano,1997.0,28.0,100.0,1500000.0,1300000.0,1500000.0,14.220976332738882,0.0
929163,Tomáš Čvančara,M,MID,Bundesliga,7,538.0,6.6571428571428575,0.1428571428571428,0.0,1.216765873015873,0.2780730034722222,0.0477990636688592,19.686798052554355,0.5873015873015872,0.7562837844167767,3.476989128984928,0.7301587301587301,0.3673469387755101,14.0,238.0,28.0,17.0,5.0,105.0,False,70.0,3.0,False,544148.0,Borussia Mönchengladbach,Delantero centro,Borussia Mönchengladbach,2000.0,25.0,100.0,3000000.0,2300000.0,3000000.0,14.914123179965662,0.0
929199,Carlos Augusto,D,DEF,Serie A,18,1417.0,7.272222222222222,0.1111111111111111,0.1111111111111111,1.1786786786786787,0.1589137387387387,0.0841964136415362,61.929192350244975,0.5,0.8852101330635451,6.035719930456772,0.5,1.5555555555555556,7.0,86.0,16.0,12.285714285714286,4.0,61.0,False,27.0,3.0,False,585982.0,Inter de Milán,Lateral izquierdo,Inter de Milán,1999.0,26.0,100.0,26000000.0,25000000.0,26000000.0,17.073607134447293,0.0
929620,Fabian Rieder,M,MID,Bundesliga,11,720.0,6.854545454545455,0.1818181818181818,0.2181818181818182,1.5587492069381823,0.1713896795671665,0.2155313007077144,32.53857303949466,0.7944576550210354,0.7205944728672001,3.2140751222497213,1.068831168831169,1.2764139086719732,9.0,295.0,36.0,32.77777777777778,1.0,71.0,False,110.0,5.0,False,507341.0,VfB Stuttgart,Mediocentro ofensivo,FC Augsburgo,2002.0,23.0,100.0,6000000.0,7400000.0,6000000.0,15.607270193858982,0.0
930189,Samuele Ricci,M,MID,Serie A,33,2772.0,6.863636363636363,0.0303030303030303,0.0324675324675324,0.677602737361708,0.0792393864398332,0.0402000945083821,41.95230893422068,0.521258073960593,0.8893171907915889,3.919098824985321,0.7735435210856559,1.0999121431003454,11.0,166.0,23.0,15.090909090909092,5.0,68.0,False,37.0,4.0,False,467992.0,Torino FC,Pivote,AC Milan,2001.0,24.0,100.0,30000000.0,23000000.0,30000000.0,17.216707972959764,0.0
930191,Lorenzo Colombo,F,FWD,Serie A,32,2145.0,6.815625,0.2336467756358452,0.0635775862068965,2.1521839617851057,0.2848385327892933,0.0450614240228592,19.482266318455377,0.7837749421552229,0.6947712781233871,6.084517242597997,0.1305042613636363,1.4861049100552453,4.0,117.0,12.0,29.25,1.0,12.0,False,96.0,4.0,False,487843.0,Empoli FC,Delantero centro,Génova,2002.0,23.0,100.0,5000000.0,10900000.0,5000000.0,15.424948670398354,0.0
930231,Christopher Wooh,D,DEF,Ligue 1,16,1344.0,6.875,0.0,0.0,0.5,0.23856,0.0155468528203634,54.50588303821063,0.0969827586206896,0.8755665320289377,5.883212954333644,1.3168103448275863,2.3734273066169616,4.0,54.0,8.0,13.5,0.0,0.0,False,32.0,4.0,False,572326.0,Stade Rennais FC,Defensa central, FC Spartak de Moscú,2001.0,24.0,100.0,6000000.0,4300000.0,6000000.0,15.607270193858982,0.0
930245,Evann Guessand,F,FWD,Ligue 1,29,2444.0,7.275862068965517,0.4322456612907674,0.2879066425937284,2.262439749684371,0.4086845348277501,0.2038896724589499,18.53896457560207,1.1677031714531396,0.7712179758942329,6.410195597562087,0.5798986662498219,1.4258137864051152,3.0,51.0,11.0,17.0,0.0,0.0,False,39.0,5.0,False,500689.0,OGC Niza,Extremo derecho,Aston Villa,2001.0,24.0,100.0,25000000.0,27000000.0,25000000.0,17.034386422832473,0.0
928122,Andrea Colpani,M,MID,Serie A,22,1451.0,6.790909090909091,0.0909090909090909,0.0454545454545454,2.0329829805535278,0.213284611993395,0.072296253709202,24.82742118332445,0.8856111521346154,0.8341083174619389,3.8712035327130767,0.5589900278384012,1.0176374284898757,3.0,103.0,18.0,34.333333333333336,2.0,85.0,False,73.0,3.0,False,392959.0,Fiorentina,Mediocentro ofensivo,AC Monza,1999.0,26.0,100.0,9500000.0,5700000.0,9500000.0,16.066802461833923,0.0
928124,Dejan Kulusevski,M,MID,Premier League,23,2008.0,7.065217391304348,0.3104017611447441,0.1888384166125892,1.7648197134589096,0.2001561616986525,0.1573234075144631,30.098608630997724,2.8184672709384357,0.8053731116930858,4.688405311309838,0.5039501482415183,1.5712713263621354,8.0,565.0,78.0,70.625,3.0,488.0,True,442.0,3.0,False,431755.0,Tottenham Hotspur,Mediocentro ofensivo,Tottenham Hotspur,2000.0,25.0,100.0,50000000.0,34000000.0,50000000.0,17.72753358339242,0.0
928236,Leonardo Balerdi,D,DEF,Ligue 1,25,2181.0,7.0360000000000005,0.0,0.0,0.6258823529411764,0.0868502673796791,0.0336904194884644,100.64498090145148,0.28,0.931515165160521,5.465179526355997,1.32,2.1852711993888465,10.0,277.0,41.0,27.7,3.0,53.0,False,120.0,3.0,False,575998.0,Olympique de Marsella,Defensa central,Olympique de Marsella,1999.0,26.0,100.0,20000000.0,18200000.0,20000000.0,16.811242881518265,0.0
928295,Adrian Benedyczak,M,MID,Serie A,3,121.0,6.433333333333334,0.0,0.0,0.6666666666666666,0.1852,0.0152464976344086,27.0752688172043,0.967741935483871,0.8214285714285715,3.2688172043010755,0.0,0.0,7.0,362.0,36.0,51.71428571428572,5.0,313.0,False,181.0,,False,454386.0,Parma,Delantero centro,Parma,2000.0,25.0,100.0,4500000.0,2400000.0,4500000.0,15.319588176962746,0.0
928672,Adrià Pedrosa,D,DEF,La Liga,28,2270.0,6.825,0.0,0.0357142857142857,0.9124026284453812,0.0619340934381351,0.0640593317861072,34.40242447608241,0.8429962103130327,0.7761459276655375,3.899085025691696,0.8949728209346166,2.1414317411248787,10.0,433.0,62.0,43.3,2.0,44.0,False,259.0,3.0,False,501418.0,Sevilla FC,Lateral izquierdo,Sevilla FC,1998.0,27.0,100.0,7000000.0,2900000.0,7000000.0,15.76142084987672,0.0
928777,Michel Adopo,M,MID,Serie A,30,2212.0,6.77,0.0416666666666666,0.0333333333333333,0.7408216052952895,0.0784583553234046,0.0477031563023359,35.736319658715736,0.6891956072083114,0.8478869102042814,4.336170790765334,1.0119438856787404,2.1516414469658014,5.0,261.0,32.0,52.2,3.0,38.0,False,218.0,4.0,False,564305.0,Cagliari,Mediocentro,Cagliari,2000.0,25.0,100.0,4000000.0,5800000.0,4000000.0,15.201805169084134,0.0
928796,Tommaso Pobega,M,MID,Serie A,16,1089.0,6.86875,0.1328125,0.2500491738788356,1.9627141641356176,0.2261983861286108,0.1018094021404389,35.36876227100501,1.0243989778761555,0.8360777357279491,5.183874871215969,0.9945402992277992,2.636405177370818,14.0,340.0,47.0,24.285714285714285,3.0,164.0,False,135.0,3.0,False,392538.0,Bolonia,Mediocentro,Bolonia,1999.0,26.0,100.0,9000000.0,9300000.0,9000000.0,16.012735246411598,0.0
928800,Marco Brescianini,M,MID,Serie A,15,823.0,6.7733333333333325,0.1348314606741573,0.3529411764705882,1.2644737482111816,0.3510610116007587,0.070178226766278,33.404905714182675,0.7093220297350539,0.8144117871067259,3.802990530979998,0.2242424242424242,1.526183041735969,5.0,90.0,17.0,18.0,2.0,39.0,False,36.0,5.0,False,459128.0,Atalanta de Bérgamo,Mediocentro,Fiorentina,2000.0,25.0,100.0,8000000.0,8300000.0,8000000.0,15.894952224644102,0.0
943713,Javi Sánchez,D,DEF,La Liga,24,2023.0,6.733333333333333,0.0833333333333333,0.0,0.4993398570984778,0.0658162861136999,0.0204762135012501,50.69230451252142,0.2688172043010752,0.8539882724278498,2.9621288418563165,0.9813218390804598,1.156997514756135,8.0,539.0,64.0,67.375,1.0,37.0,False,241.0,1.0,False,340853.0,Real Valladolid CF,Defensa central,FC Arouca,1997.0,28.0,100.0,1500000.0,750000.0,1500000.0,14.220976332738882,0.0
944164,Sofiane Diop,M,MID,Ligue 1,9,698.0,7.48888888888889,0.5887870299635005,0.2462462462462462,2.3432691667985788,0.6957104418733095,0.1869722313504107,39.648148530501466,1.685555303202362,0.7866625983622124,4.37480069833011,1.806043629573041,1.958664546899841,10.0,451.0,56.0,45.1,4.0,300.0,False,220.0,2.0,False,569389.0,OGC Niza,Extremo izquierdo,OGC Niza,2000.0,25.0,100.0,10000000.0,11100000.0,10000000.0,16.118095750958314,0.0
944165,Robert Navarro,M,MID,La Liga,16,1123.0,6.95,0.0740131578947368,0.0,1.0659238940374192,0.1743655216165413,0.0985299033899294,30.50365895924672,0.8681389006649896,0.7829994688010993,6.756140031746073,1.4998828412607923,2.269720714714363,3.0,128.0,16.0,42.66666666666666,1.0,70.0,False,70.0,5.0,False,563137.0,RCD Mallorca,Extremo derecho,Athletic Club,2002.0,23.0,100.0,6000000.0,6500000.0,6000000.0,15.607270193858982,0.0
944200,Nathan Wood,D,DEF,Premier League,8,615.0,6.725,0.0,0.0,0.275,0.1335299999999999,0.007029163,55.375,0.15,0.9285714581268328,3.9,0.5,1.375,3.0,90.0,19.0,30.0,2.0,83.0,False,75.0,3.0,False,503990.0,Southampton FC,Defensa central,Southampton FC,2002.0,23.0,100.0,3500000.0,3600000.0,3500000.0,15.068273812173889,0.0
944225,Jorge Herrando,D,DEF,La Liga,14,1260.0,6.821428571428571,0.0714285714285714,0.0,0.7857142857142857,0.1480714285714285,0.0053270507142857,49.285714285714285,0.0,0.8539125093192973,3.2142857142857144,0.7857142857142857,1.0,0.0,0.0,0.0,0.0,0.0,0.0,False,0.0,5.0,False,555500.0,CA Osasuna,Defensa central,CA Osasuna,2001.0,24.0,100.0,4000000.0,3600000.0,4000000.0,15.201805169084134,0.0
944327,Dan Ndoye,M,MID,Serie A,24,1970.0,7.204166666666667,0.3065418171359177,0.1774898951623089,2.143478484519626,0.3116425704635618,0.1160361656208242,26.63787027971377,1.2318338474884027,0.7769273504565231,7.051760035574858,0.3766025641025641,0.99120877218613,14.0,215.0,38.0,15.357142857142858,6.0,103.0,False,41.0,5.0,False,365108.0,Bolonia,Extremo derecho,Nottingham Forest,2000.0,25.0,100.0,35000000.0,34000000.0,35000000.0,17.370858648025116,0.0
944656,Julián Alvarez,F,FWD,La Liga,33,2361.0,7.290909090909091,0.6574898949513845,0.1862048085554214,2.8524050595668733,0.6206940502558201,0.1863712433787031,32.63440762428374,1.6107674088706396,0.7704946423325333,3.0177416051667394,0.0865800865800865,0.9843942153491576,4.0,41.0,7.0,10.25,0.0,0.0,False,26.0,5.0,False,576024.0,Atlético de Madrid,Delantero centro,Atlético de Madrid,2000.0,25.0,100.0,100000000.0,87000000.0,100000000.0,18.420680753952364,0.0
944660,Thiago Almada,M,MID,Ligue 1,10,836.0,7.31,0.1,0.402247191011236,2.0316437032894403,0.2195026595714632,0.2340566895454776,63.32225329198231,2.170791600996492,0.9025134283055029,2.8576694290507905,0.702247191011236,1.4341552697137627,3.0,50.0,11.0,16.666666666666668,1.0,8.0,False,31.0,5.0,False,576028.0,Olympique de Lyon,Extremo izquierdo,Atlético de Madrid,2001.0,24.0,100.0,25000000.0,21000000.0,25000000.0,17.034386422832473,0.0
940871,Nico Schlotterbeck,D,DEF,Bundesliga,21,1873.0,7.228571428571429,0.0,0.1904761904761904,0.7729941291585127,0.1343605479452055,0.0973022243966079,91.53489889106328,0.8206131767775604,0.882323953988068,5.699934768427919,1.0110893672537509,1.7729941291585127,13.0,391.0,52.0,30.07692307692308,2.0,162.0,True,156.0,6.0,False,388198.0,Borussia Dortmund,Defensa central,Borussia Dortmund,1999.0,26.0,100.0,40000000.0,57000000.0,40000000.0,17.50439003707821,0.0
940918,Bećir Omeragić,D,DEF,Ligue 1,20,1690.0,6.685,0.0,0.0,0.3714285714285714,0.0543333333333333,0.01693443920863,44.4257017176372,0.1,0.9120604939500796,3.59386258902388,0.5,1.679074151654797,23.0,635.0,102.0,27.608695652173918,5.0,120.0,False,155.0,4.0,False,507344.0,Montpellier HSC,Defensa central,FC Basilea,2002.0,23.0,100.0,4500000.0,3100000.0,4500000.0,15.319588176962746,0.0
941168,William Saliba,D,DEF,Premier League,25,2186.0,7.032,0.08,0.0,0.16,0.6897666666666668,0.034508734288372,72.34418604651162,0.16,0.9381271615296992,4.4474418604651165,0.72,1.9618604651162792,11.0,388.0,55.0,35.27272727272727,2.0,19.0,False,129.0,5.0,False,495666.0,Arsenal FC,Defensa central,Arsenal FC,2001.0,24.0,100.0,80000000.0,85000000.0,80000000.0,18.197537205138158,0.0
941179,Niels Nkounkou,D,DEF,Bundesliga,4,273.0,6.85,0.0,0.0,0.78125,0.03925,0.1445431856032338,42.557213930348254,2.0119195688225537,0.7578630156075808,5.070947346600332,1.952891791044776,2.336805555555556,4.0,41.0,11.0,10.25,1.0,5.0,False,15.0,3.0,False,591193.0,Eintracht Fráncfort​​,Lateral izquierdo,Eintracht Fráncfort​​,2000.0,25.0,100.0,3500000.0,3800000.0,3500000.0,15.068273812173889,0.0
942116,Mason Greenwood,F,FWD,Ligue 1,32,2697.0,7.596875,0.6705205073958185,0.1592366657641803,3.7811219856942384,0.5516529289317696,0.2489776635831724,40.038580410228846,1.575528415241215,0.8307178086320594,4.339932670549394,0.3818100115819082,1.1001035063257276,9.0,144.0,20.0,16.0,0.0,0.0,False,40.0,5.0,False,532826.0,Olympique de Marsella,Extremo derecho,Fenerbahce,2001.0,24.0,100.0,40000000.0,49000000.0,40000000.0,17.50439003707821,0.0
942937,Hyun-Seok Hong,F,FWD,Bundesliga,6,322.0,6.816666666666666,0.0,0.238095238095238,1.1647779304029304,0.2403645260989011,0.0370056605256496,29.32872326180109,0.4688644688644688,0.7216733964540981,3.3855613725896743,1.265556966618287,1.784735900891561,5.0,93.0,14.0,18.6,2.0,25.0,False,50.0,3.0,False,562948.0,1.FSV Mainz 05,Mediocentro ofensivo,1.FSV Mainz 05,1999.0,26.0,100.0,3500000.0,2900000.0,3500000.0,15.068273812173889,0.0
943550,Luca Philipp,G,GK,Bundesliga,6,540.0,6.866666666666667,0.0,0.0,0.0,,0.00252045,28.5,0.0,0.6062713772628384,0.1666666666666666,0.0,0.1666666666666666,3.0,68.0,7.0,22.666666666666668,0.0,0.0,False,53.0,,False,432671.0,TSG 1899 Hoffenheim,Portero,TSG 1899 Hoffenheim,2000.0,25.0,100.0,750000.0,705000.0,750000.0,13.527829818844936,3.5
943645,Max Aarons,D,DEF,La Liga,3,166.0,6.666666666666667,0.0,0.0,0.0,,0.0147089770967741,33.57802964254577,0.4054054054054054,0.7464726631393298,5.478639930252833,0.0,2.778552746294682,3.0,120.0,17.0,40.0,2.0,103.0,False,59.0,4.0,False,471690.0,Valencia CF,Lateral derecho,AFC Bournemouth,2000.0,25.0,100.0,6000000.0,3900000.0,6000000.0,15.607270193858982,0.0
935564,Jonathan David,F,FWD,Ligue 1,30,2506.0,7.1866666666666665,0.5448667107292355,0.1666666666666666,2.5883046828176286,0.629605926676006,0.1094395916589845,23.71197742314394,1.1763359181305058,0.8354570853218293,3.401222839553492,0.2507736539619619,0.9237587213290516,3.0,20.0,3.0,6.666666666666667,0.0,0.0,False,10.0,5.0,False,533738.0,LOSC Lille,Delantero centro,Juventus de Turín,2000.0,25.0,100.0,45000000.0,34000000.0,45000000.0,17.622173069956816,0.0
936849,Kaoru Mitoma,M,MID,Premier League,27,2211.0,6.955555555555556,0.2648324615327886,0.1115272575946733,1.863809030847252,0.338690651706276,0.1371927313472074,31.30640835236591,1.287151684095596,0.7980670297036732,4.790843364349794,0.4478715331326038,1.4355487858949303,10.0,360.0,59.0,36.0,5.0,199.0,False,129.0,2.0,False,504849.0,Brighton & Hove Albion,Extremo izquierdo,Brighton & Hove Albion,1997.0,28.0,100.0,40000000.0,23000000.0,40000000.0,17.50439003707821,0.0
937324,Nicolò Rovella,M,MID,Serie A,31,2630.0,7.119354838709677,0.0,0.064516129032258,0.8726670674981358,0.0639036709691905,0.0706592478064496,67.79630379087558,1.0028072360248397,0.9083240905895764,4.936513531037034,1.579336402942839,2.7568230124459374,16.0,442.0,60.0,27.625,3.0,76.0,False,105.0,3.0,False,525704.0,SS Lazio,Pivote,SS Lazio,2001.0,24.0,100.0,30000000.0,31000000.0,30000000.0,17.216707972959764,0.0
939623,Carlo Boukhalfa,M,MID,Bundesliga,19,1509.0,6.726315789473684,0.1089504991825233,0.0,1.2963150005686852,0.1389696391916086,0.0593057979695087,23.238071301413708,0.6575771117253707,0.7130304490830807,4.326926394353679,0.7579938732021686,1.505702967270434,5.0,152.0,36.0,30.4,3.0,48.0,False,94.0,4.0,False,329373.0,FC St. Pauli,Mediocentro ofensivo,FC St. Gallen 1879,1999.0,26.0,100.0,2000000.0,3100000.0,2000000.0,14.508658238524095,0.0
939830,Jonathan Burkardt,F,FWD,Bundesliga,24,1979.0,7.2875,0.7629554334033019,0.1021505376344086,2.9036433340164485,0.6039218374121612,0.1061828454833154,21.238912694474745,0.8206090353890895,0.7439297909334673,3.373139493847344,0.0535714285714285,0.623662419852861,18.0,761.0,82.0,42.27777777777778,7.0,126.0,False,312.0,5.0,False,333647.0,1.FSV Mainz 05,Delantero centro,Eintracht Fráncfort​​,2000.0,25.0,100.0,35000000.0,34000000.0,35000000.0,17.370858648025116,0.0
939880,Philipp Sander,M,MID,Bundesliga,16,1266.0,6.91875,0.0625,0.0,1.1137477417081785,0.1157238498487441,0.0586860318991261,45.086921622463535,0.7404474125302267,0.8322996309516275,5.245806239988187,1.405866473699797,2.0337731789414035,8.0,247.0,27.0,30.875,4.0,97.0,False,62.0,3.0,False,388409.0,Borussia Mönchengladbach,Pivote,Borussia Mönchengladbach,1998.0,27.0,100.0,4000000.0,4200000.0,4000000.0,15.201805169084134,0.0
940054,Karim Adeyemi,F,FWD,Bundesliga,20,1362.0,7.090000000000001,0.293237443199316,0.3299784694965139,2.5783445980776096,0.3490124566285905,0.2097050040108593,22.360413672081336,1.5783054849110545,0.7851142710809627,5.263731559728184,0.5581689321415348,1.1381306629453436,19.0,395.0,66.0,20.789473684210527,6.0,140.0,False,69.0,6.0,False,496094.0,Borussia Dortmund,Extremo derecho,FC Barcelona,2002.0,23.0,100.0,45000000.0,62000000.0,45000000.0,17.622173069956816,0.0
934383,Jon Pacheco,D,DEF,La Liga,11,810.0,6.745454545454546,0.0,0.0,0.0909090909090909,0.0901,0.0354774236363636,48.54545454545455,0.0909090909090909,0.798756618905412,4.636363636363637,0.8181818181818182,1.9090909090909087,4.0,122.0,29.0,30.5,2.0,61.0,False,54.0,5.0,False,580560.0,Real Sociedad,Defensa central,Real Sociedad,2001.0,24.0,100.0,6000000.0,5200000.0,6000000.0,15.607270193858982,0.0
934384,Adrián Bernabé,M,MID,Serie A,17,1415.0,7.229411764705882,0.1176470588235294,0.0645624103299856,1.710791690977166,0.1075137200550266,0.0956075175442775,58.28507336535938,1.331764168759729,0.8532780223701513,5.03431528540152,0.3529411764705882,1.7005458814233982,9.0,514.0,63.0,57.11111111111112,4.0,134.0,False,172.0,2.0,False,466802.0,Parma,Mediocentro,Parma,2001.0,24.0,100.0,15000000.0,14100000.0,15000000.0,16.52356082573315,0.0
934385,Maarten Vandevoordt,G,GK,Bundesliga,5,405.0,6.779999999999999,0.0,0.0,0.0,,0.001095846,30.0,0.0,0.7706427460118057,0.2,0.0,0.2,3.0,286.0,17.0,95.33333333333331,0.0,0.0,False,138.0,5.0,False,486046.0,RB Leipzig,Portero,RB Leipzig,2002.0,23.0,100.0,8000000.0,8800000.0,8000000.0,15.894952224644102,2.5233644859813085
934386,Jérémy Doku,M,MID,Premier League,13,998.0,7.6692307692307695,0.1547104580812446,0.3519132552840418,1.918319288114397,0.0920002664432845,0.2021351345451809,40.62944198034076,1.8735567458894864,0.8593866636000491,10.31899375956142,0.3094209161624892,2.164154383545948,14.0,358.0,78.0,25.571428571428573,4.0,87.0,False,45.0,3.0,False,486049.0,Manchester City,Extremo izquierdo,Manchester City,2002.0,23.0,100.0,50000000.0,60000000.0,50000000.0,17.72753358339242,0.0
934409,Marcus Pedersen,M,MID,Serie A,18,1163.0,6.477777777777778,0.0,0.0,0.4844877344877345,0.0996799783549783,0.0245043852091472,23.49688022053613,0.4444444444444444,0.7787645479067048,1.643586660253327,0.917027417027417,0.7181818181818183,13.0,183.0,25.0,14.076923076923077,3.0,51.0,False,48.0,2.0,False,583404.0,Torino FC,Lateral derecho,Torino FC,2000.0,25.0,100.0,3000000.0,3300000.0,3000000.0,14.914123179965662,0.0
934510,Gonçalo Ramos,F,FWD,Ligue 1,11,810.0,7.245454545454546,0.5963723776223776,0.1818181818181818,4.47491520576198,1.0882769055742645,0.1387152410529289,20.372929489864973,1.2347652347652347,0.8324799435918024,3.188005542844252,0.0,0.9761206535400084,8.0,155.0,30.0,19.375,4.0,116.0,False,92.0,6.0,False,550550.0,París Saint-Germain FC,Delantero centro,AC Milan,2001.0,24.0,100.0,40000000.0,32000000.0,40000000.0,17.50439003707821,0.0
935281,Maximilian Breunig,F,FWD,Bundesliga,3,175.0,6.733333333333333,0.0,0.0,1.7647058823529411,1.3325294117647055,0.0552723475925925,22.36710239651416,2.135076252723312,0.5930010893246188,7.275599128540304,0.5,2.135076252723312,14.0,548.0,67.0,39.142857142857146,3.0,60.0,False,233.0,2.0,False,584254.0,1.FC Heidenheim 1846,Delantero centro,1.FC Heidenheim 1846,2000.0,25.0,100.0,1500000.0,760000.0,1500000.0,14.220976332738882,0.0
935543,Dwight McNeil,M,MID,Premier League,13,1143.0,7.407692307692307,0.2437442075996293,0.2307692307692307,1.8255350852717065,0.0946601659939569,0.2952104829930173,32.69446882924047,2.501289983217694,0.8008328220498969,3.5823798020491773,0.3881932021466905,0.7757182576459685,6.0,191.0,25.0,31.83333333333333,2.0,146.0,False,111.0,2.0,False,584769.0,Everton FC,Extremo izquierdo,Everton FC,1999.0,26.0,100.0,25000000.0,26000000.0,25000000.0,17.034386422832473,0.0
953767,Andrej Ilić,F,FWD,Bundesliga,14,893.0,6.8500000000000005,0.4738391591576389,0.0,2.3481310853190798,0.4360388648511625,0.0203729434077252,18.157258384194076,0.6156121939196378,0.6003216204896876,6.26306982782797,0.4958714466159569,0.3179723502304147,6.0,210.0,23.0,35.0,3.0,127.0,False,60.0,2.0,False,583699.0,1.FC Unión Berlín,Delantero centro,1.FC Unión Berlín,2000.0,25.0,100.0,4000000.0,5500000.0,4000000.0,15.201805169084134,0.0
954044,Ki-Jana Hoever,D,DEF,Ligue 1,26,2061.0,6.815384615384615,0.0412087912087912,0.0782493368700265,0.4327454059403864,0.0610877706049134,0.0707875971066134,34.93412134196673,0.8982125234965767,0.7155919091848699,4.025807667961327,0.8630298190276845,2.1662997595083917,1.0,44.0,4.0,44.0,0.0,0.0,False,44.0,2.0,False,485583.0,AJ Auxerre,Lateral derecho,Wolverhampton Wanderers,2002.0,23.0,100.0,5000000.0,4800000.0,5000000.0,15.424948670398354,0.0
954056,Nico González,M,MID,Premier League,4,303.0,6.975,0.0,0.0,1.6030895334174025,0.0704129886506935,0.0516816118256024,77.928052895266,0.304054054054054,0.9342018288111305,3.003127023618827,0.5540540540540541,1.054054054054054,9.0,153.0,27.0,17.0,1.0,3.0,False,60.0,4.0,False,466805.0,Manchester City,Pivote,Manchester City,2002.0,23.0,100.0,40000000.0,48000000.0,40000000.0,17.50439003707821,0.0
954060,Tanguy Coulibaly,M,MID,Ligue 1,18,1383.0,6.716666666666667,0.1280193236714976,0.0,1.8285523556392684,0.3344131120723712,0.0623839263193065,20.650260401759358,1.113529785863199,0.8052845382792494,6.614657654921121,0.6119819836719211,2.2683591286570977,18.0,403.0,55.0,22.38888888888889,4.0,32.0,False,89.0,3.0,False,618425.0,Montpellier HSC,Extremo derecho,Samsunspor,2001.0,24.0,100.0,1500000.0,1300000.0,1500000.0,14.220976332738882,0.0
954061,Arnaud Kalimuendo,F,FWD,Ligue 1,32,2499.0,7.05625,0.652320674880495,0.0990210843373494,2.7801714848032217,0.634115366625757,0.0679232951538534,20.15094245786421,0.529240864461811,0.7978189403957877,3.6403558044546274,0.1293512658227848,0.6629164762075876,6.0,87.0,16.0,14.5,1.0,18.0,False,26.0,5.0,False,585959.0,Stade Rennais FC,Delantero centro,Nottingham Forest,2002.0,23.0,100.0,22000000.0,24000000.0,22000000.0,16.906553056777135,0.0
954076,Fábio Silva,F,FWD,La Liga,23,1850.0,7.047826086956522,0.4830029098096774,0.1495461060678451,2.2584278760383896,0.4561497814118458,0.0830385438917601,20.70949695140849,0.7042244487147036,0.6631910864686896,6.098003369363214,0.2055335968379446,0.5726480223294215,3.0,186.0,17.0,62.0,2.0,172.0,True,154.0,5.0,False,505653.0,UD Las Palmas,Delantero centro,Borussia Dortmund,2002.0,23.0,100.0,20000000.0,27000000.0,20000000.0,16.811242881518265,0.0
957602,Riccardo Calafiori,D,DEF,Premier League,13,843.0,7.1,0.2474012474012474,0.2163461538461538,1.0916531493454569,0.1634075448682591,0.0584878296644659,44.12723667215055,0.7364222316145393,0.8788576270566756,5.932266583097347,0.7838070344044686,2.528854230513662,24.0,820.0,137.0,34.166666666666664,7.0,179.0,True,291.0,4.0,False,502821.0,Arsenal FC,Lateral izquierdo,Arsenal FC,2002.0,23.0,100.0,35000000.0,49000000.0,35000000.0,17.370858648025116,0.0
957615,Robin Hranáč,D,DEF,Bundesliga,4,219.0,6.425,0.0,0.0,0.0,,0.0078654786668297,59.74877690802349,0.0,0.832386004799798,2.210004892367906,2.1117906066536203,0.0,1.0,5.0,1.0,5.0,0.0,0.0,False,5.0,3.0,False,620217.0,TSG 1899 Hoffenheim,Defensa central,TSG 1899 Hoffenheim,2000.0,25.0,100.0,3500000.0,7700000.0,3500000.0,15.068273812173889,0.0
947986,Nediljko Labrović,G,GK,Bundesliga,14,1260.0,6.707142857142857,0.0,0.0,0.0,,0.0060898928571428,27.214285714285715,0.0,0.664887349948278,0.5,0.0,0.0,0.0,0.0,0.0,0.0,0.0,0.0,False,0.0,4.0,False,610190.0,FC Augsburgo,Portero,FC Augsburgo,1999.0,26.0,100.0,2500000.0,2100000.0,2500000.0,14.731801689838347,2.2142857142857144
948261,Morgan Rogers,M,MID,Premier League,27,2255.0,6.937037037037038,0.2903945884874598,0.1485642946317103,1.722605336871869,0.2629933800762083,0.1325809040573185,25.6192958048564,1.4693251702050094,0.7440484852176957,4.778074825403021,0.1656675009215606,1.0041129004398592,1.0,27.0,3.0,27.0,1.0,27.0,False,27.0,8.0,False,503743.0,Aston Villa,Mediocentro ofensivo,Chelsea FC,2002.0,23.0,100.0,55000000.0,77000000.0,55000000.0,17.822843761378564,0.0
949156,Luka Sučić,M,MID,La Liga,22,1676.0,6.972727272727273,0.0454545454545454,0.067064083457526,2.0262178826350525,0.1918921239790589,0.0896631998526705,41.94564139484329,1.205881413668299,0.8499806035622881,4.020355798213865,0.7549827437446074,1.1313187028674518,13.0,314.0,51.0,24.153846153846157,4.0,47.0,False,195.0,4.0,False,502722.0,Real Sociedad,Mediocentro,Real Sociedad,2002.0,23.0,100.0,15000000.0,10900000.0,15000000.0,16.52356082573315,0.0
949707,Juan Iglesias,D,DEF,La Liga,33,2670.0,6.872727272727273,0.0,0.0303030303030303,0.7215526046986721,0.1229028932584269,0.0533970582102318,24.006796367730107,0.6303030303030304,0.5890953096126825,5.467132578735937,1.4068032734918283,2.574832275768874,0.0,0.0,0.0,0.0,0.0,0.0,False,0.0,5.0,False,390688.0,Getafe CF,Lateral derecho,Sevilla FC,1998.0,27.0,100.0,3500000.0,4800000.0,3500000.0,15.068273812173889,0.0
949722,Antonio Sánchez,M,MID,La Liga,17,1141.0,6.688235294117647,0.0,0.0,0.8525995942474702,0.0777692396603501,0.0565706271441743,28.28356883812957,0.1743272207668492,0.7462410330661984,3.8704859603219033,0.950416660539596,1.988918768571899,0.0,0.0,0.0,0.0,0.0,0.0,False,0.0,2.0,False,513031.0,RCD Mallorca,Mediocentro,RCD Mallorca,1997.0,28.0,100.0,2500000.0,,2500000.0,14.731801689838347,0.0
951008,Diego Conde,G,GK,La Liga,22,1963.0,6.909090909090909,0.0,0.0454545454545454,0.0,,0.0009509693150684,24.402241594022417,0.0909090909090909,0.7876388310342353,0.1818181818181818,0.0454545454545454,0.0909090909090909,2.0,45.0,4.0,22.5,1.0,43.0,False,43.0,2.0,False,341713.0,Villarreal CF,Portero,Real Betis Balompié,1998.0,27.0,100.0,7500000.0,4300000.0,7500000.0,15.830413711839864,2.888436067244014
951986,Iván Jaime,M,MID,La Liga,4,190.0,6.75,0.0,0.0,1.7369505494505493,0.0560554945054945,0.0712477809671945,29.073287007110537,0.9890109890109888,0.862987012987013,7.400492889463479,0.7479395604395604,3.060479961215255,2.0,259.0,24.0,129.5,0.0,0.0,False,252.0,3.0,False,610335.0,Valencia CF,Mediocentro ofensivo,FC Oporto,2000.0,25.0,100.0,5000000.0,4700000.0,5000000.0,15.424948670398354,0.0
953097,Cenk Özkaçar,D,DEF,La Liga,9,740.0,6.733333333333333,0.0,0.0,0.2222222222222222,0.06285,0.0316695698290598,48.299145299145295,0.1111111111111111,0.8375115228289474,2.52991452991453,2.128205128205128,1.0427350427350428,4.0,84.0,13.0,21.0,3.0,72.0,False,31.0,4.0,False,615350.0,Real Valladolid CF,Defensa central,Trabzonspor,2000.0,25.0,100.0,1200000.0,3100000.0,1200000.0,13.997832948091215,0.0
945798,Djed Spence,D,DEF,Premier League,10,842.0,7.31,0.1,0.1168831168831169,0.6168831168831168,0.0458331168831168,0.0818736742077922,54.48051948051948,0.7337662337662338,0.866139260251795,7.501298701298701,1.216883116883117,2.9506493506493507,6.0,155.0,26.0,25.83333333333333,3.0,94.0,False,62.0,4.0,False,483348.0,Tottenham Hotspur,Lateral derecho,Tottenham Hotspur,2000.0,25.0,100.0,20000000.0,31000000.0,20000000.0,16.811242881518265,0.0
945830,Himad Abdelli,M,MID,Ligue 1,31,2758.0,6.996774193548387,0.1962149847253145,0.032258064516129,1.2719593923360455,0.2793242031325317,0.118905432589896,50.982518101435474,1.2677135475682724,0.8415144137134837,4.7692548638764825,0.7853935293614737,1.5646925375003462,6.0,84.0,13.0,14.0,3.0,31.0,False,24.0,5.0,False,592979.0,Angers SCO,Mediocentro ofensivo,Olympique de Marsella,1999.0,26.0,100.0,7000000.0,6400000.0,7000000.0,15.76142084987672,0.0
946158,Mohammed Salisu,D,DEF,Ligue 1,10,899.0,7.2,0.1,0.0,0.8,0.1312833333333333,0.0170860259999999,69.64494382022471,0.3,0.8561037731622594,5.8,1.302247191011236,2.4,11.0,732.0,98.0,66.54545454545455,3.0,170.0,False,205.0,3.0,False,563963.0,AS Mónaco,Defensa central,AS Mónaco,1999.0,26.0,100.0,12000000.0,9200000.0,12000000.0,16.300417291085605,0.0
946381,Akor Adams,F,FWD,Ligue 1,14,1127.0,6.828571428571428,0.2142857142857142,0.0722311396468699,2.05161786949006,0.401240415406223,0.0110654894088043,14.302943264600568,0.9097438727003332,0.6569381015809588,4.2195436936658846,0.0714285714285714,0.5104739010989011,5.0,179.0,19.0,35.8,4.0,159.0,True,88.0,5.0,False,607034.0,Sevilla FC,Delantero centro,Venezia FC,2000.0,25.0,100.0,5000000.0,6800000.0,5000000.0,15.424948670398354,0.0
946695,Georginio Rutter,M,MID,Premier League,21,1502.0,6.828571428571429,0.1733201358314618,0.1612493311931514,2.45383431926925,0.2875366708133687,0.0807333402170979,18.4577436475751,0.9689380347326738,0.6732682065552285,7.110825431967462,0.4627699594650271,2.1208896050003587,5.0,126.0,15.0,25.2,1.0,57.0,False,57.0,3.0,False,538977.0,Brighton & Hove Albion,Delantero centro,Brighton & Hove Albion,2002.0,23.0,100.0,32000000.0,31000000.0,32000000.0,17.281246492014,0.0
947929,Jesper Lindstrøm,M,MID,Premier League,17,1054.0,6.770588235294118,0.0,0.0840336134453781,2.3512957491155944,0.2370855813844229,0.1663250812219855,23.55046896176121,1.4491034862193777,0.7765845361866123,5.0539016397295,0.9281587446864006,3.328637087670393,16.0,400.0,55.0,25.0,5.0,174.0,True,152.0,3.0,False,513245.0,Everton FC,Extremo derecho,SSC Nápoles,2000.0,25.0,100.0,18000000.0,8700000.0,18000000.0,16.705882371415992,0.0
947954,Elia Caprile,G,GK,Serie A,21,1854.0,7.195238095238095,0.0,0.0,0.0,,0.0016095771428571,32.460317460317455,0.0,0.6730771694066057,0.5714285714285714,0.0,0.0476190476190476,2.0,51.0,7.0,25.5,2.0,51.0,False,42.0,4.0,False,421873.0,Cagliari,Portero,Cagliari,2001.0,24.0,100.0,9000000.0,14100000.0,9000000.0,16.012735246411598,2.4757281553398056
944899,Valentin Gendrey,D,DEF,Bundesliga,20,1507.0,6.87,0.05,0.0652173913043478,0.7112246508324784,0.1341162913280202,0.1545946484037771,28.89308669695269,1.1224564429453547,0.7656646174565693,5.266527700947936,0.9051225250675448,1.7962833925975807,6.0,386.0,33.0,64.33333333333333,3.0,113.0,True,131.0,3.0,False,569387.0,TSG 1899 Hoffenheim,Lateral derecho,TSG 1899 Hoffenheim,2000.0,25.0,100.0,7000000.0,7400000.0,7000000.0,15.76142084987672,0.0
944973,Nuno Tavares,D,DEF,Serie A,23,1698.0,7.004347826086956,0.0,0.3816142754086707,1.381911478224932,0.0797522541191737,0.2466221303446317,41.549202872751415,1.644893118145481,0.8324343023620299,6.121002515829128,1.0498551804350813,1.394231995399044,14.0,250.0,36.0,17.857142857142858,8.0,166.0,False,36.0,4.0,False,535955.0,SS Lazio,Lateral izquierdo,SS Lazio,2000.0,25.0,100.0,25000000.0,13600000.0,25000000.0,17.034386422832473,0.0
945062,Youssouf Fofana,M,MID,Serie A,29,2317.0,6.958620689655173,0.0392841553906591,0.2145768025078369,1.41781783746603,0.0749494850148284,0.0759283284058325,50.87690181379567,0.7271513423056073,0.8664028006861081,3.6339962846436897,0.6816686871608,2.1426626565491733,7.0,105.0,22.0,15.0,3.0,14.0,False,53.0,3.0,False,569598.0,AC Milan,Pivote,AC Milan,1999.0,26.0,100.0,30000000.0,27000000.0,30000000.0,17.216707972959764,0.0
945122,Matheus Nunes,D,DEF,Premier League,12,1014.0,7.141666666666667,0.0,0.253875968992248,0.3410852713178294,0.1645682170542635,0.1841994009301991,52.38550507989379,1.507751937984496,0.8609533208868374,4.892984462681675,0.9601601219977124,2.126826788664379,6.0,71.0,14.0,11.833333333333334,3.0,45.0,False,21.0,3.0,False,601883.0,Manchester City,Lateral derecho,Manchester City,1998.0,27.0,100.0,35000000.0,43000000.0,35000000.0,17.370858648025116,0.0
945217,Jean-Clair Todibo,D,DEF,Premier League,13,918.0,6.684615384615385,0.0,0.0,0.1538461538461538,0.0972,0.0037834313036646,47.1100347752709,0.1538461538461538,0.885840694393326,4.180172060178756,1.2982394826054409,1.9720149288049045,14.0,321.0,43.0,22.928571428571427,3.0,46.0,False,93.0,4.0,False,605184.0,West Ham United,Defensa central,West Ham United,1999.0,26.0,100.0,25000000.0,25000000.0,25000000.0,17.034386422832473,0.0
945404,Javi López,D,DEF,La Liga,26,1890.0,6.580769230769231,0.0,0.0,0.2481389578163771,0.0255406451612903,0.0439457808240184,33.840786464231336,0.2307692307692307,0.788237664962623,4.603783531114694,0.4324882358590223,1.9449522005912416,3.0,105.0,9.0,35.0,1.0,20.0,False,65.0,5.0,False,568158.0,Real Sociedad,Lateral izquierdo,Real Sociedad,2002.0,23.0,100.0,7500000.0,5400000.0,7500000.0,15.830413711839864,0.0
945616,Antonino Gallo,D,DEF,Serie A,31,2615.0,6.929032258064517,0.0,0.064516129032258,0.2903225806451613,0.0279666666666666,0.0930339796479568,29.985500074871947,1.4936638238571385,0.7000552797555168,4.065739909170052,0.6950487621905477,2.16917467808733,8.0,110.0,10.0,13.75,3.0,44.0,False,50.0,2.0,False,392516.0,US Lecce,Lateral izquierdo,US Lecce,2000.0,25.0,100.0,4300000.0,3600000.0,4300000.0,15.274125813221904,0.0
945768,Bojan Miovski,F,FWD,La Liga,13,840.0,6.823076923076924,0.1950162513542795,0.0975081256771397,1.5139450866756428,0.5124474498985768,0.0202713164580323,11.839412324671176,0.1862655221268439,0.7657259407259407,3.417316275753673,0.2310259262428339,0.6576102765759757,2.0,36.0,6.0,18.0,0.0,0.0,False,30.0,4.0,False,476219.0,Girona FC,Delantero centro,Rangers FC,1999.0,26.0,100.0,2500000.0,2400000.0,2500000.0,14.731801689838347,0.0
962890,Ilaix Moriba,M,MID,La Liga,26,1999.0,6.992307692307692,0.0384615384615384,0.0384615384615384,1.596588768477273,0.0988705223516873,0.0925933851855894,42.20322541735963,0.8365825733143857,0.8481852085021099,7.005574174949373,0.6177426613877703,2.9551406918832885,5.0,104.0,13.0,20.8,1.0,16.0,False,43.0,4.0,False,617074.0,RC Celta de Vigo,Mediocentro,RC Celta de Vigo,2003.0,22.0,100.0,6000000.0,9200000.0,6000000.0,15.607270193858982,0.0
962898,Leonidas Stergiou,D,DEF,Bundesliga,10,769.0,6.9,0.1,0.1,0.3,0.3520999999999999,0.0702352052977446,47.82847780531955,0.301123595505618,0.8317403016087226,3.494011839337258,1.457635434842876,2.419811320754717,17.0,410.0,53.0,24.11764705882353,5.0,236.0,True,133.0,3.0,False,507345.0,VfB Stuttgart,Lateral derecho,VfB Stuttgart,2002.0,23.0,100.0,5000000.0,3700000.0,5000000.0,15.424948670398354,0.0
963073,Max Geschwill,D,DEF,Bundesliga,15,1164.0,6.873333333333333,0.0666666666666666,0.1333333333333333,0.6056224899598394,0.1766990361445783,0.0676030359170619,41.618692871031634,0.8056224899598393,0.7669072075017181,3.4848834251031278,2.4381303494521074,1.8102564102564105,12.0,328.0,53.0,27.33333333333333,4.0,126.0,False,79.0,3.0,False,471890.0,Holstein Kiel,Defensa central,Rot-Weiss Essen,2001.0,24.0,100.0,1500000.0,960000.0,1500000.0,14.220976332738882,0.0
963198,Chrislain Matsima,D,DEF,Bundesliga,28,2439.0,7.153571428571429,0.0357142857142857,0.0357142857142857,0.4749128919860627,0.1622099334811529,0.0235901891468858,46.77082970383275,0.1785714285714285,0.8528978218087928,4.164557926829269,1.7355400696864112,1.0785714285714283,4.0,121.0,19.0,30.25,0.0,0.0,False,89.0,5.0,False,569383.0,FC Augsburgo,Defensa central,FC Augsburgo,2002.0,23.0,100.0,22000000.0,21000000.0,22000000.0,16.906553056777135,0.0
963298,Dilane Bakwa,M,MID,Ligue 1,29,2485.0,7.282758620689655,0.1735761332816737,0.2486841614095337,1.792589876039347,0.1539070948861221,0.2041078393413022,32.80100863867307,1.6549111133874257,0.8067329081539195,5.624977849638912,0.5329274574416895,0.9254065701640912,2.0,72.0,13.0,36.0,1.0,24.0,False,48.0,5.0,False,540664.0,Racing Club de Estrasburgo,Extremo derecho,Nottingham Forest,2002.0,23.0,100.0,25000000.0,26000000.0,25000000.0,17.034386422832473,0.0
963299,Johann Lepenant,M,MID,Ligue 1,22,1901.0,6.904545454545455,0.0919421487603305,0.0464876033057851,0.9013111877863668,0.101373864791417,0.0817466358296077,31.65803670424889,0.3835133857075802,0.8031168917444237,6.416877693546303,0.654988429832121,3.0225481984465925,4.0,156.0,23.0,39.0,2.0,101.0,False,90.0,4.0,False,585973.0,FC Nantes,Pivote,FC Nantes,2002.0,23.0,100.0,6000000.0,6600000.0,6000000.0,15.607270193858982,0.0
963493,Leif Davis,D,DEF,Premier League,27,2373.0,6.866666666666667,0.037037037037037,0.074074074074074,0.4823232323232323,0.0769332644628099,0.1506393831228956,31.381734006734003,1.862794612794613,0.792618455330071,4.470117845117845,0.8888888888888888,1.75,4.0,20.0,4.0,5.0,3.0,15.0,False,6.0,4.0,False,596446.0,Ipswich Town,Lateral izquierdo,Ipswich Town,1999.0,26.0,100.0,22000000.0,21000000.0,22000000.0,16.906553056777135,0.0
963801,Adam Hložek,F,FWD,Bundesliga,22,1730.0,7.118181818181818,0.2925653092106357,0.1363636363636363,2.775803765612511,0.2957323555688445,0.155723128142451,22.553168382183223,1.0029063662811828,0.7116415108195199,6.109994432685113,0.1818181818181818,1.0127246490882855,15.0,653.0,99.0,43.53333333333333,4.0,141.0,True,134.0,4.0,False,552057.0,TSG 1899 Hoffenheim,Delantero centro,TSG 1899 Hoffenheim,2002.0,23.0,100.0,18000000.0,15500000.0,18000000.0,16.705882371415992,0.0
962029,Lucas Beltrán,M,MID,Serie A,24,1751.0,6.829166666666667,0.2272664455500276,0.2066703526647781,1.4793049512370908,0.4670472817476179,0.0964488734778026,26.254082389090232,1.4416496718695362,0.7996487865915829,5.394329322608628,0.2307805017749272,1.2808559438756564,5.0,55.0,9.0,11.0,2.0,23.0,False,18.0,2.0,False,628366.0,Fiorentina,Delantero centro,CA River Plate,2001.0,24.0,100.0,18000000.0,8400000.0,18000000.0,16.705882371415992,0.0
962053,Filip Jørgensen,G,GK,Premier League,6,540.0,6.666666666666667,0.0,0.0,0.0,,0.00044438,28.33333333333333,0.0,0.8116033733294955,0.1666666666666666,0.0,0.0,3.0,83.0,17.0,27.666666666666668,0.0,0.0,False,47.0,6.0,False,585323.0,Chelsea FC,Portero,Chelsea FC,2002.0,23.0,100.0,18000000.0,14600000.0,18000000.0,16.705882371415992,3.333333333333333
962068,Sebastian Nanasi,F,FWD,Ligue 1,26,2010.0,7.126923076923077,0.2607886083204478,0.1852742642947998,1.3190406294933097,0.3942182121531472,0.2275086301759265,31.145246472619363,1.6256263812394478,0.836729301097075,2.5582686666652856,0.244356092162175,0.9573747174755288,1.0,39.0,7.0,39.0,0.0,0.0,False,39.0,4.0,False,579928.0,Racing Club de Estrasburgo,Extremo izquierdo,Racing Club de Estrasburgo,2002.0,23.0,100.0,18000000.0,15500000.0,18000000.0,16.705882371415992,0.0
962282,Matthias Braunöder,M,MID,Serie A,4,250.0,6.125,0.0,0.0,0.787431527693244,0.0697650639074863,0.0097500846698113,48.346774193548384,0.0,0.8772097356547645,4.899726110772976,0.4245283018867924,3.1877662811929395,1.0,11.0,0.0,11.0,0.0,0.0,False,11.0,2.0,False,488052.0,Como 1907,Mediocentro,Como 1907,2002.0,23.0,100.0,1400000.0,1200000.0,1400000.0,14.151983508870948,0.0
962364,Lorenzo Lucca,F,FWD,Serie A,31,2316.0,6.961290322580646,0.556062012440661,0.032258064516129,2.582082969255722,0.414632870865345,0.0274354045856713,13.982078446844303,0.5645574808518586,0.6685857943448076,5.062035967972237,0.2715743038323683,0.3773024994573179,5.0,128.0,13.0,25.6,2.0,39.0,False,55.0,5.0,False,572265.0,Udinese,Delantero centro,SSC Nápoles,2000.0,25.0,100.0,22000000.0,27000000.0,22000000.0,16.906553056777135,0.0
962378,Valery Fernández,D,DEF,La Liga,3,143.0,6.4,0.0,0.0,0.0,,0.0122863724281816,19.042850264805008,0.0,0.8677248677248676,2.4577114427860693,0.0,1.5621890547263682,7.0,408.0,62.0,58.285714285714285,0.0,0.0,False,185.0,,True,331496.0,RCD Mallorca,Extremo derecho,Sin equipo,1999.0,26.0,100.0,2000000.0,970000.0,2000000.0,14.508658238524095,0.0
962408,Bafodé Diakité,D,DEF,Ligue 1,30,2677.0,7.043333333333334,0.1333333333333333,0.0333333333333333,0.5333333333333333,0.212190909090909,0.0261612346666666,72.5228855721393,0.1333333333333333,0.9276670901540668,3.956218905472637,0.8781094527363184,1.0333333333333334,8.0,270.0,39.0,33.75,2.0,91.0,False,69.0,5.0,False,463605.0,LOSC Lille,Defensa central,AFC Bournemouth,2001.0,24.0,100.0,28000000.0,28000000.0,28000000.0,17.147715103853763,0.0
962883,Ansu Fati,M,MID,La Liga,3,183.0,6.933333333333334,0.0,0.0,4.7249575551782685,0.3876487549518959,0.1564125808715336,45.62082625919638,1.846349745331069,0.8509555137844611,5.273344651952462,0.4838709677419355,2.0,18.0,746.0,142.0,41.44444444444444,4.0,157.0,False,306.0,5.0,False,466810.0,FC Barcelona,Extremo izquierdo,AS Mónaco,2002.0,23.0,100.0,5000000.0,10400000.0,5000000.0,15.424948670398354,0.0
958982,Roberto Piccoli,F,FWD,Serie A,35,2980.0,6.682857142857143,0.2736429501586296,0.0285714285714285,2.8370184912417704,0.4217039679109771,0.0149110378652604,14.33058102028126,0.3932558034300195,0.7004499747390062,5.523865870882343,0.0888888888888888,0.3957813709790495,11.0,261.0,28.0,23.727272727272727,0.0,0.0,False,71.0,5.0,False,432092.0,Cagliari,Delantero centro,Fiorentina,2001.0,24.0,100.0,12000000.0,17000000.0,12000000.0,16.300417291085605,0.0
959628,Mats Wieffer,M,MID,Premier League,5,334.0,6.92,0.3214285714285714,0.6,0.5307308970099667,0.1632333887043189,0.0216666071479279,62.76869207903479,0.9157894736842106,0.8836876832844573,7.395383808358105,1.5679489421227486,3.7716121699597833,10.0,323.0,49.0,32.3,5.0,170.0,False,62.0,4.0,False,415381.0,Brighton & Hove Albion,Lateral derecho,Brighton & Hove Albion,1999.0,26.0,100.0,25000000.0,24000000.0,25000000.0,17.034386422832473,0.0
959872,Aitor Paredes,D,DEF,La Liga,21,1786.0,6.866666666666666,0.1428571428571428,0.0,0.3333333333333333,0.3924333333333333,0.0075916165539037,47.23854918880153,0.0529100529100529,0.8295914866199399,2.5048732943469787,1.0386582895595151,0.7418546365914788,4.0,64.0,4.0,16.0,3.0,32.0,False,32.0,4.0,False,591916.0,Athletic Club,Defensa central,Athletic Club,2000.0,25.0,100.0,22000000.0,17100000.0,22000000.0,16.906553056777135,0.0
960006,Lucien Agoumé,M,MID,La Liga,25,2052.0,7.004,0.0404494382022471,0.14,0.4080863008340541,0.1005489385852726,0.0592803099761224,50.4340365726944,1.0606390735138338,0.8241765935540727,5.982066032693099,1.785639034764414,2.901802246291743,4.0,107.0,13.0,26.75,1.0,36.0,False,50.0,3.0,False,569384.0,Sevilla FC,Pivote,Sevilla FC,2002.0,23.0,100.0,8000000.0,12400000.0,8000000.0,15.894952224644102,0.0
960080,Boulaye Dia,M,MID,Serie A,30,2045.0,6.89,0.270378822026895,0.1666666666666666,1.522771195788923,0.3541435947958589,0.0625020732163153,25.014566585350625,1.2028705030877738,0.8305066973222331,3.471819404262935,0.2158113391984359,0.8698836620758912,11.0,501.0,45.0,45.54545454545455,6.0,91.0,False,299.0,3.0,False,626913.0,SS Lazio,Delantero centro,SS Lazio,1996.0,29.0,100.0,15000000.0,6800000.0,15000000.0,16.52356082573315,0.0
960401,Marvin Park,D,DEF,La Liga,16,912.0,6.56875,0.0,0.0,0.4712357954545454,0.119655303030303,0.1138276042245517,34.3624971556715,0.3219097925101214,0.7806343914197794,4.385587352281432,1.1542123417123418,1.5132049116424116,0.0,0.0,0.0,0.0,0.0,0.0,False,0.0,3.0,False,603940.0,UD Las Palmas,Lateral derecho,UD Las Palmas,2000.0,25.0,100.0,1200000.0,1100000.0,1200000.0,13.997832948091215,0.0
960441,Charles De Ketelaere,F,FWD,Serie A,30,1966.0,7.166666666666667,0.2665570175438596,0.2230650154798761,1.992277397328969,0.3955536434822595,0.1917607245578613,39.40422328436353,1.5942535774361022,0.780183661383613,5.799619859756727,0.2461309523809523,0.634488637477435,11.0,146.0,32.0,13.272727272727272,5.0,61.0,False,33.0,3.0,False,435772.0,Atalanta de Bérgamo,Mediocentro ofensivo,Atalanta de Bérgamo,2001.0,24.0,100.0,35000000.0,32000000.0,35000000.0,17.370858648025116,0.0
962012,Jan Paul van Hecke,D,DEF,Premier League,25,2232.0,7.127999999999999,0.04,0.0,0.57,0.1190204545454545,0.0472520732,70.24,0.49,0.8850222051710739,4.76,0.84,1.5,5.0,79.0,12.0,15.8,3.0,70.0,False,31.0,,False,576314.0,Brighton & Hove Albion,Defensa central,Tottenham Hotspur,2000.0,25.0,100.0,32000000.0,38000000.0,32000000.0,17.281246492014,0.0
957889,Enzo Millot,M,MID,Bundesliga,22,1668.0,6.977272727272728,0.3364684746263693,0.2911855502260516,2.0737534566665228,0.5235738320867267,0.1722868321521964,51.47369962779888,1.2223263275824927,0.8578211414097054,4.850968097210983,0.5871673765932536,1.4891654484196089,8.0,157.0,23.0,19.625,4.0,35.0,False,81.0,3.0,False,569366.0,VfB Stuttgart,Mediocentro ofensivo,Al-Ahli SFC,2002.0,23.0,100.0,35000000.0,25000000.0,35000000.0,17.370858648025116,0.0
957937,Casper Tengstedt,F,FWD,Serie A,23,1511.0,6.791304347826086,0.3089756459271756,0.0559006211180124,2.314402158642669,0.4047373799762727,0.0759071509579012,16.50254256044017,0.6720933672538522,0.6757460551605998,2.476572020603204,0.2098471835616674,0.3091019314217647,6.0,136.0,20.0,22.666666666666668,5.0,117.0,False,41.0,4.0,False,464598.0,Hellas Verona,Delantero centro,Feyenoord,2000.0,25.0,100.0,6000000.0,3900000.0,6000000.0,15.607270193858982,0.0
958018,Roberto López,M,MID,La Liga,4,305.0,6.825,0.0,0.5,1.28125,0.1105218749999999,0.1205955874999999,37.84375,2.28125,0.8129807692307692,3.90625,0.25,1.8125,1.0,9.0,1.0,9.0,1.0,9.0,False,9.0,2.0,False,569866.0,CD Leganés,Mediocentro ofensivo,CD Leganés,2000.0,25.0,100.0,1000000.0,970000.0,1000000.0,13.815511557963774,0.0
958167,Drissa Camara,M,MID,Serie A,5,225.0,6.959999999999999,0.0,0.0,3.420689655172413,0.1571379310344827,0.0690005265948275,38.81336206896552,0.3103448275862069,0.7134292178409826,9.934913793103448,0.8,2.1310344827586207,5.0,188.0,22.0,37.6,1.0,4.0,False,121.0,3.0,False,614742.0,Parma,Mediocentro,Gaziantep FK,2002.0,23.0,100.0,1500000.0,3100000.0,1500000.0,14.220976332738882,0.0
958380,Antony,M,MID,La Liga,18,1409.0,7.361111111111111,0.3002136752136752,0.1117353308364544,2.960688998891246,0.2619140635176309,0.1805534870713836,46.21929035384092,2.346744454047825,0.8256855023058001,5.272568162174903,0.5798641121674829,1.6394989218022926,7.0,203.0,26.0,29.0,0.0,0.0,False,115.0,5.0,False,602105.0,Real Betis Balompié,Extremo derecho,Real Betis Balompié,2000.0,25.0,100.0,35000000.0,27000000.0,35000000.0,17.370858648025116,0.0
958517,Lautaro Valenti,D,DEF,Serie A,19,1541.0,6.794736842105263,0.0526315789473684,0.0,0.3844393592677346,0.045931884057971,0.009061989092486,48.43531274955207,0.2265446224256293,0.8509054878894461,2.9727581416885323,0.7002288329519452,1.007177033492823,12.0,590.0,70.0,49.16666666666666,4.0,65.0,False,273.0,2.0,False,625202.0,Parma,Defensa central,Parma,1999.0,26.0,100.0,1500000.0,1600000.0,1500000.0,14.220976332738882,0.0
958916,Nathan Collins,D,DEF,Premier League,28,2520.0,7.189285714285715,0.0714285714285714,0.0357142857142857,0.5357142857142857,0.2110454545454545,0.0431135103571428,54.535714285714285,0.25,0.8646797448651645,5.25,0.8571428571428571,1.1071428571428572,5.0,138.0,15.0,27.6,2.0,69.0,False,41.0,4.0,False,469050.0,Brentford FC,Defensa central,Brentford FC,2001.0,24.0,100.0,28000000.0,29000000.0,28000000.0,17.147715103853763,0.0
958959,Jurriën Timber,D,DEF,Premier League,23,2004.0,6.995652173913044,0.0434782608695652,0.0434782608695652,0.4908840394143517,0.0813431853748755,0.0482111829774781,41.70225261504601,0.6792291611118761,0.8294861631063392,4.635697033037423,0.8360547482987014,2.182209662108991,18.0,534.0,93.0,29.666666666666668,6.0,301.0,False,253.0,3.0,False,420243.0,Arsenal FC,Lateral derecho,Arsenal FC,2001.0,24.0,100.0,55000000.0,73000000.0,55000000.0,17.822843761378564,0.0
966837,Martín Zubimendi,M,MID,La Liga,34,2913.0,7.032352941176471,0.088235294117647,0.0294117647058823,0.7784045124899275,0.1777509893455099,0.0369977478887993,52.07107171635778,0.5823529411764706,0.8317330172679241,5.160757453666398,1.3715551974214344,2.2666398066075746,6.0,92.0,11.0,15.333333333333334,2.0,41.0,False,34.0,5.0,False,423440.0,Real Sociedad,Pivote,Arsenal FC,1999.0,26.0,100.0,60000000.0,82000000.0,60000000.0,17.909855136853043,0.0
966849,Saud Abdulhamid,M,MID,Serie A,3,193.0,6.8,0.0,0.4477611940298507,0.4838709677419355,0.0402096774193548,0.1062081556406475,41.04959075589793,0.9165111940298508,0.8859621115368242,4.1289269378911895,0.9165111940298508,1.3642723880597014,1.0,41.0,6.0,41.0,1.0,41.0,False,41.0,4.0,False,631927.0,AS Roma,Lateral derecho,RC Lens,1999.0,26.0,100.0,3000000.0,4600000.0,3000000.0,14.914123179965662,0.0
966862,Ander Barrenetxea,M,MID,La Liga,15,883.0,6.613333333333333,0.0,0.1969330104923325,1.4955083814814965,0.1531993793789819,0.2014637339830889,28.14530447734761,0.9864184130694942,0.7510571845662493,4.63646158792932,0.8324274292016227,1.8311355895224977,16.0,557.0,92.0,34.8125,5.0,92.0,False,169.0,5.0,False,616369.0,Real Sociedad,Extremo izquierdo,Real Sociedad,2001.0,24.0,100.0,15000000.0,17200000.0,15000000.0,16.52356082573315,0.0
966889,David Nemeth,D,DEF,Bundesliga,23,2051.0,6.804347826086956,0.0,0.0434782608695652,0.2194135490394337,0.0451437209302325,0.014708849584812,45.29981976283872,0.1319340329835082,0.8429113743514821,4.164278440215481,0.7851194601288328,1.8375940067593588,8.0,569.0,69.0,71.125,0.0,0.0,False,236.0,,False,451906.0,FC St. Pauli,Defensa central,FC St. Pauli,2001.0,24.0,100.0,4000000.0,4300000.0,4000000.0,15.201805169084134,0.0
966940,José Gragera,M,MID,La Liga,8,529.0,6.6875,0.0,0.0,0.125,0.0273,0.0060767267141358,29.91529535976072,0.125,0.8660071975896444,6.161161033996124,0.8942307692307692,3.4651402814053416,1.0,200.0,26.0,200.0,1.0,200.0,False,200.0,2.0,False,557147.0,RCD Espanyol,Mediocentro,Burgos CF,2000.0,25.0,100.0,2000000.0,1600000.0,2000000.0,14.508658238524095,0.0
967722,Caleb Okoli,D,DEF,Premier League,13,987.0,6.661538461538461,0.0,0.0,0.2316335350043215,0.0466063670411985,0.0068951434460531,51.30419382143641,0.0,0.8424808893731365,4.258782362281535,1.4358308451375177,1.7726879861711322,3.0,48.0,4.0,16.0,0.0,0.0,False,24.0,4.0,False,461833.0,Leicester City,Defensa central,Leicester City,2001.0,24.0,100.0,10000000.0,11600000.0,10000000.0,16.118095750958314,0.0
970361,Jeremie Frimpong,M,MID,Bundesliga,28,2196.0,6.921428571428572,0.1921250088067448,0.2414727126805778,1.3872931185623385,0.2221488315367012,0.1893205079971474,28.564820256599084,1.3616955193839413,0.8332503389442262,4.1150960095846525,0.347395243248117,1.3981324032002198,8.0,192.0,37.0,24.0,1.0,8.0,False,54.0,5.0,False,484547.0,Bayer 04 Leverkusen,Lateral derecho,Liverpool FC,2000.0,25.0,100.0,50000000.0,36000000.0,50000000.0,17.72753358339242,0.0
970435,Will Smallbone,M,MID,Premier League,7,470.0,6.757142857142857,0.1810865191146881,0.0,0.7525150905432596,0.2047183098591549,0.1608725176648124,40.57008014473395,1.877479160678356,0.8093570801179497,4.238337588556549,0.2295918367346938,2.6325812014946828,9.0,673.0,87.0,74.77777777777777,3.0,141.0,False,261.0,,True,444211.0,Southampton FC,Mediocentro,Sin equipo,2000.0,25.0,100.0,6000000.0,3800000.0,6000000.0,15.607270193858982,0.0
965893,Strahinja Pavlović,D,DEF,Serie A,20,1752.0,7.159999999999999,0.1,0.05,0.8843283582089552,0.1523111940298507,0.0158195781239954,66.7328932261768,0.3,0.8885976713814017,5.814810562571756,0.7384615384615385,2.5091848450057403,6.0,44.0,4.0,7.333333333333333,2.0,23.0,False,20.0,3.0,False,574671.0,AC Milan,Defensa central,AC Milan,2001.0,24.0,100.0,18000000.0,34000000.0,18000000.0,16.705882371415992,0.0
966441,Aihen Muñoz,D,DEF,La Liga,15,1028.0,6.66,0.0,0.0,0.5214518561767139,0.0334323923514815,0.0206050166173494,36.05238890221101,0.2102564102564102,0.7250385979532855,5.7314518301116975,1.18738592211078,2.048450347881088,3.0,298.0,34.0,99.33333333333331,1.0,209.0,False,209.0,2.0,False,517842.0,Real Sociedad,Lateral izquierdo,Real Sociedad,1997.0,28.0,100.0,4000000.0,3600000.0,4000000.0,15.201805169084134,0.0
966547,Noni Madueke,M,MID,Premier League,18,1401.0,7.194444444444445,0.407370251471375,0.125,3.9690762668744894,0.4702961306370729,0.1562029456386724,25.69108464221828,1.5334618720147724,0.8277815723464976,4.296957758258501,0.4530820533307179,0.9072309905745082,13.0,421.0,85.0,32.38461538461539,4.0,75.0,False,82.0,5.0,False,503987.0,Chelsea FC,Extremo derecho,Arsenal FC,2002.0,23.0,100.0,40000000.0,54000000.0,40000000.0,17.50439003707821,0.0
966621,Esteban Lepaul,F,FWD,Ligue 1,17,1417.0,6.988235294117647,0.5030959752321982,0.0,2.382347813655864,0.3492921796221241,0.092623191607218,17.663400745734336,0.3205392818395914,0.6657755817403422,3.774540185917895,0.1218487394957983,0.674483306836248,1.0,18.0,3.0,18.0,1.0,18.0,False,18.0,5.0,False,461607.0,Angers SCO,Delantero centro,Stade Rennais FC,2000.0,25.0,100.0,7000000.0,13700000.0,7000000.0,15.76142084987672,0.0
966637,Fran Pérez,M,MID,La Liga,7,273.0,6.671428571428572,0.0,0.0,0.2295918367346938,0.0448392857142857,0.2811109756607591,28.26754668142917,1.0816326530612244,0.7082189721941274,6.956142647674905,0.4147465437788019,3.292207792207792,1.0,23.0,4.0,23.0,1.0,23.0,False,23.0,4.0,False,622988.0,Valencia CF,Extremo derecho,Rayo Vallecano,2002.0,23.0,100.0,3000000.0,2800000.0,3000000.0,14.914123179965662,0.0
966679,Juanmi Latasa,F,FWD,La Liga,17,1189.0,6.888235294117647,0.2998949579831932,0.0,2.257764473758172,0.3237264700793325,0.0275297689799436,15.911316212720184,0.9269624868975076,0.6046435590553237,8.042989512018229,0.0,0.2352941176470588,0.0,0.0,0.0,0.0,0.0,0.0,False,0.0,4.0,False,623521.0,Real Valladolid CF,Delantero centro,Real Valladolid CF,2001.0,24.0,100.0,2000000.0,1500000.0,2000000.0,14.508658238524095,0.0
966801,Oihan Sancet,M,MID,La Liga,23,1481.0,7.191304347826088,1.0030056242606618,0.0434782608695652,3.0264725344048946,0.6032094096310324,0.084268130044243,30.052702516918693,1.173744651253882,0.8349354142975861,4.489573587282959,0.2471881370778329,0.7968377517756455,13.0,438.0,65.0,33.69230769230769,6.0,124.0,False,182.0,7.0,False,571020.0,Athletic Club,Mediocentro ofensivo,Athletic Club,2000.0,25.0,100.0,60000000.0,34000000.0,60000000.0,17.909855136853043,0.0
966836,Álex Sola,M,MID,La Liga,13,875.0,6.5,0.0,0.0935550935550935,1.4191910401888064,0.1456751814946528,0.0745426191202411,19.316001630838045,0.7079967777611473,0.673801666698785,7.063339806855328,0.6102133160956691,1.7584637093382691,6.0,483.0,45.0,80.5,1.0,81.0,True,185.0,5.0,False,434990.0,Getafe CF,Extremo derecho,UD Almería,1999.0,26.0,100.0,2500000.0,1600000.0,2500000.0,14.731801689838347,0.0
965009,Gaetano Oristanio,F,FWD,Serie A,32,2171.0,6.715625,0.1058950822860915,0.0703125,1.5832385093895691,0.2272529186003367,0.0772513101741219,14.933503974332467,1.1918427627461357,0.7791776662664821,6.368822755840533,0.2377864161987246,0.6670938726553441,10.0,272.0,30.0,27.2,5.0,84.0,False,65.0,2.0,False,613393.0,Venezia FC,Mediocentro ofensivo,Torino FC,2002.0,23.0,100.0,6000000.0,5400000.0,6000000.0,15.607270193858982,0.0
965011,Matteo Ruggeri,M,MID,Serie A,24,1693.0,7.008333333333333,0.0,0.150297619047619,0.2043010752688172,0.1045817204301075,0.1123947738575718,55.75379652168121,1.5293188038045635,0.8675431043673449,4.1832367978913405,1.119388621570702,2.1771791161410654,9.0,331.0,54.0,36.77777777777778,4.0,44.0,False,126.0,5.0,False,616631.0,Atalanta de Bérgamo,Lateral izquierdo,Atlético de Madrid,2002.0,23.0,100.0,16000000.0,14600000.0,16000000.0,16.588099342704055,0.0
965031,Andrei Rațiu,D,DEF,La Liga,34,3034.0,6.973529411764706,0.0588235294117647,0.088235294117647,0.8955987582868568,0.1023535243987278,0.1140636259489108,40.17628643586236,1.0986530569293909,0.8281727434670796,5.558968220561928,0.7991621067031464,2.09327975376197,5.0,115.0,6.0,23.0,1.0,10.0,False,61.0,5.0,False,527966.0,Rayo Vallecano,Lateral derecho,Rayo Vallecano,1998.0,27.0,100.0,12000000.0,16700000.0,12000000.0,16.300417291085605,0.0
965264,Emil Holm,D,DEF,Serie A,14,1068.0,7.107142857142857,0.0845864661654135,0.0774526678141136,0.7718062922619501,0.0795780133309944,0.0803004651686308,44.1432282201006,0.8043119634831309,0.7907134197136311,7.920184198343465,0.8284820962864956,2.963944304135553,15.0,362.0,48.0,24.133333333333333,7.0,113.0,False,72.0,3.0,False,496745.0,Bolonia,Lateral derecho,Bolonia,2000.0,25.0,100.0,8000000.0,11700000.0,8000000.0,15.894952224644102,0.0
965330,Pierre Kalulu,D,DEF,Serie A,27,2303.0,6.985185185185185,0.037037037037037,0.0,0.2751322751322751,0.1157023809523809,0.0295860969748319,78.06349206349206,0.4339339339339339,0.9328279677745768,3.6325611325611327,0.7487487487487487,1.68003718003718,6.0,252.0,46.0,42.0,4.0,233.0,False,120.0,4.0,False,585949.0,Juventus de Turín,Defensa central,Juventus de Turín,2000.0,25.0,100.0,28000000.0,31000000.0,28000000.0,17.147715103853763,0.0
965357,Osame Sahraoui,M,MID,Ligue 1,15,945.0,7.04,0.2666666666666666,0.253071253071253,1.411607780640672,0.414212231777901,0.2518585902293304,40.02468119907973,1.7667705066922328,0.8275318228894033,3.7344024580080553,0.3738499354014207,0.7144059023272507,7.0,156.0,27.0,22.285714285714285,5.0,62.0,False,79.0,4.0,False,580657.0,LOSC Lille,Extremo izquierdo,LOSC Lille,2001.0,24.0,100.0,12000000.0,9700000.0,12000000.0,16.300417291085605,0.0
965778,Arthur Theate,D,DEF,Bundesliga,30,2619.0,7.0633333333333335,0.0,0.0,1.1594626663276548,0.1143953864128921,0.0526379412007624,57.18819196291578,0.4597117794486215,0.8306043105957831,4.0286315906374295,1.3130340948990835,1.1683203719777535,7.0,109.0,16.0,15.571428571428571,5.0,68.0,False,36.0,4.0,False,368891.0,Eintracht Fráncfort​​,Defensa central,Eintracht Fráncfort​​,2000.0,25.0,100.0,24000000.0,23000000.0,24000000.0,16.993564429978885,0.0
965832,Dani Cárdenas,G,GK,La Liga,6,540.0,6.783333333333334,0.0,0.0,0.0,,0.0015791633333333,26.166666666666668,0.0,0.4543652965392096,0.1666666666666666,0.0,0.0,2.0,66.0,9.0,33.0,0.0,0.0,False,56.0,2.0,False,397676.0,Rayo Vallecano,Portero,Rayo Vallecano,1997.0,28.0,100.0,1800000.0,1700000.0,1800000.0,14.403297778421797,2.3333333333333335
964119,Jordan Zemura,M,MID,Serie A,16,1271.0,6.71875,0.0632022471910112,0.125,0.735342961248797,0.1039477150041321,0.0897283738556912,31.113483774217144,0.5929153619451096,0.7785891096451442,4.183333245334328,1.07374441586571,2.2094445518608583,6.0,208.0,39.0,34.666666666666664,2.0,55.0,False,62.0,2.0,False,633530.0,Udinese,Lateral izquierdo,Udinese,1999.0,26.0,100.0,4500000.0,3600000.0,4500000.0,15.319588176962746,0.0
964152,Dominik Javorček,M,MID,Bundesliga,5,308.0,6.44,0.0,0.2278481012658228,0.0,,0.0847495989854901,24.190253324181526,0.5229300684789375,0.7252591036414566,3.458176768241097,1.2586173320350535,0.9229300684789375,5.0,837.0,122.0,167.4,0.0,0.0,False,391.0,2.0,False,610608.0,Holstein Kiel,Lateral izquierdo,Bohemians Praga 1905,2002.0,23.0,100.0,550000.0,430000.0,550000.0,13.21767537538882,0.0
964153,Adam Obert,D,DEF,Serie A,13,948.0,6.769230769230769,0.0769230769230769,0.0769230769230769,0.5419000610060452,0.0745307570295602,0.0170055001613451,33.7840827327693,0.5977952500607928,0.7355984933896321,5.170548596879039,1.8017777193732047,2.5535164449867844,4.0,47.0,14.0,11.75,3.0,31.0,False,16.0,5.0,False,568333.0,Cagliari,Lateral izquierdo,Cagliari,2002.0,23.0,100.0,3000000.0,5900000.0,3000000.0,14.914123179965662,0.0
964154,Tomáš Suslov,F,FWD,Serie A,28,2025.0,6.860714285714286,0.0,0.0714285714285714,1.2615144418090236,0.1185206069122634,0.0741962739375532,19.444613812440576,1.179141050126019,0.7697128332058047,6.845390795059445,0.7529935798789882,2.3377361336607265,6.0,296.0,50.0,49.333333333333336,2.0,37.0,False,186.0,3.0,False,540333.0,Hellas Verona,Mediocentro ofensivo,Hellas Verona,2002.0,23.0,100.0,6000000.0,4800000.0,6000000.0,15.607270193858982,0.0
964191,Tuta,D,DEF,Bundesliga,25,2124.0,7.032,0.08,0.04,0.4488888888888888,0.1344875,0.0288950339660071,58.864942730623255,0.16,0.8798412991578298,4.419698255676066,1.580761148341193,1.7831210986267163,8.0,350.0,45.0,43.75,3.0,82.0,True,227.0,,False,546213.0,Eintracht Fráncfort​​,Defensa central,Al-Duhail SC,1999.0,26.0,100.0,15000000.0,11300000.0,15000000.0,16.52356082573315,0.0
964985,Kirian Rodríguez,M,MID,La Liga,21,1768.0,7.0,0.0,0.1474082525930367,1.0667961147684797,0.1155833529259473,0.0697724846276324,59.952899740808085,0.802151180055105,0.867286967015212,3.77955490695848,0.5312318561765538,1.6278248299664246,2.0,407.0,48.0,203.5,1.0,222.0,True,222.0,3.0,False,566574.0,UD Las Palmas,Mediocentro ofensivo,UD Las Palmas,1996.0,29.0,100.0,1000000.0,1000000.0,1000000.0,13.815511557963774,0.0
964994,Joško Gvardiol,D,DEF,Premier League,27,2380.0,7.333333333333333,0.1851851851851851,0.0,1.261784511784512,0.2312103535353535,0.0957334841228375,67.85513177754557,0.9272030651340996,0.9069613392471406,4.531231858818066,1.14983164983165,1.5976721235341924,8.0,274.0,46.0,34.25,1.0,23.0,False,118.0,6.0,False,475959.0,Manchester City,Defensa central,Manchester City,2002.0,23.0,100.0,75000000.0,64000000.0,75000000.0,18.13299868483392,0.0
965008,Sebastiano Esposito,F,FWD,Serie A,28,2220.0,7.135714285714286,0.2707510057929775,0.0,2.349290138398912,0.233501515556997,0.0814112562811582,25.545516147230323,1.4101424389204082,0.6539248701632118,6.4663399560583725,0.4521376886810243,2.2664984701846262,11.0,207.0,39.0,18.818181818181817,6.0,99.0,False,46.0,5.0,False,538918.0,Inter de Milán,Mediapunta,Cagliari,2002.0,23.0,100.0,8500000.0,8199999.0,8500000.0,15.955576839107596,0.0
976381,Gustav Isaksen,M,MID,Serie A,35,2185.0,6.902857142857143,0.2031084837333124,0.1235294117647058,2.2279672278742315,0.3060282564190247,0.1058221879877517,27.22657219894718,1.457288924349747,0.8473260700850016,4.803579030724943,0.4840957454378746,0.6494209624210091,6.0,256.0,22.0,42.66666666666666,1.0,16.0,False,79.0,3.0,False,462823.0,SS Lazio,Extremo derecho,SS Lazio,2001.0,24.0,100.0,20000000.0,18500000.0,20000000.0,16.811242881518265,0.0
976396,Joris Chotard,M,MID,Ligue 1,23,1748.0,6.743478260869565,0.0434782608695652,0.0,0.8845232520442348,0.1276460299228526,0.0445373376128835,41.44384661513411,0.3131165509682134,0.8393555455623245,3.787686916502583,0.8911111377378245,2.076538398023575,5.0,98.0,10.0,19.6,4.0,90.0,False,31.0,4.0,False,624037.0,Montpellier HSC,Pivote,Stade Brestois 29,2001.0,24.0,100.0,6000000.0,5700000.0,6000000.0,15.607270193858982,0.0
976421,Castello Lukeba,D,DEF,Bundesliga,17,1417.0,7.076470588235294,0.0,0.0,0.0637845499645641,0.1050722891566265,0.0251674741186595,71.02135010630758,0.1838235294117647,0.8567134251207669,4.982028956160778,0.9590336134453784,1.5291206844183458,8.0,151.0,25.0,18.875,3.0,87.0,False,58.0,4.0,False,618472.0,RB Leipzig,Defensa central,RB Leipzig,2002.0,23.0,100.0,40000000.0,44000000.0,40000000.0,17.50439003707821,0.0
976575,Nicolas Seiwald,M,MID,Bundesliga,26,2001.0,6.9423076923076925,0.0,0.0,0.1538461538461538,0.0677,0.1225892604202948,55.25253746701837,0.9602044248734768,0.847540399737638,3.468609231924577,1.26014515075756,2.153341883299574,3.0,52.0,6.0,17.333333333333332,1.0,15.0,False,31.0,3.0,False,404950.0,RB Leipzig,Pivote,RB Leipzig,2001.0,24.0,100.0,18000000.0,17500000.0,18000000.0,16.705882371415992,0.0
977679,Luís Henrique,M,MID,Ligue 1,31,2517.0,7.190322580645161,0.2949359845504613,0.2828948077436598,1.0611143795755005,0.2440705871475791,0.160940140721036,43.21922304080224,1.767338131217325,0.8376605803275042,2.5368975122689834,0.2963776304287572,0.4983211498563928,3.0,39.0,6.0,13.0,0.0,0.0,False,16.0,5.0,False,691316.0,Inter de Milán,Interior derecho,Inter de Milán,2001.0,24.0,100.0,25000000.0,25000000.0,25000000.0,17.034386422832473,0.0
977919,Magnus Knudsen,M,MID,Bundesliga,24,1758.0,6.616666666666667,0.0,0.0,0.5049627242094559,0.112456945008568,0.0412217100382807,35.62877712301103,0.3005952380952381,0.8284830800815777,3.7194402283001513,0.5263167119552078,2.438797329834572,1.0,15.0,2.0,15.0,1.0,15.0,False,15.0,5.0,False,651735.0,Holstein Kiel,Mediocentro,Aarhus GF,2001.0,24.0,100.0,2500000.0,2700000.0,2500000.0,14.731801689838347,0.0
978062,Alexander Prass,M,MID,Bundesliga,19,1456.0,6.821052631578947,0.0,0.0,0.6773149992672364,0.1222382424755481,0.1430100564693347,42.92505284577237,0.9441908669395092,0.7439678922097652,6.141566419574914,0.5983790645444781,2.6156983447435405,7.0,126.0,17.0,18.0,4.0,62.0,False,44.0,3.0,False,434116.0,TSG 1899 Hoffenheim,Interior izquierdo,TSG 1899 Hoffenheim,2001.0,24.0,100.0,5000000.0,6800000.0,5000000.0,15.424948670398354,0.0
978150,Julián Araujo,D,DEF,Premier League,5,307.0,6.44,0.0,0.0,0.0,,0.0068910700874292,33.06053602615786,0.0,0.8553936365150758,2.805236825863722,1.094635798983625,1.9621682665160924,5.0,347.0,50.0,69.4,4.0,281.0,False,120.0,4.0,False,513970.0,AFC Bournemouth,Lateral derecho,AFC Bournemouth,2001.0,24.0,100.0,10000000.0,10300000.0,10000000.0,16.118095750958314,0.0
975079,João Pedro,F,FWD,Premier League,19,1552.0,7.2894736842105265,0.4029605263157895,0.2911184210526316,1.9887777899250945,0.3793093371119554,0.1345473802125733,28.107573369768943,1.2931986979644232,0.7435801955168685,5.766698596959862,0.2222400513478819,0.6262274837889462,6.0,168.0,27.0,28.0,2.0,63.0,False,57.0,8.0,False,626724.0,Brighton & Hove Albion,Delantero centro,Chelsea FC,2001.0,24.0,100.0,50000000.0,69000000.0,50000000.0,17.72753358339242,0.0
975800,Benedict Hollerbach,F,FWD,Bundesliga,31,2391.0,6.783870967741936,0.2458212279129165,0.0,2.535767033381288,0.238339730036212,0.0770128236368481,20.18711710067391,0.9371928435909718,0.7150393756071375,5.487350051222355,0.0699622957687473,1.6105142643929178,8.0,293.0,33.0,36.625,0.0,0.0,False,178.0,4.0,False,453870.0,1.FC Unión Berlín,Delantero centro,1.FSV Mainz 05,2001.0,24.0,100.0,12000000.0,9400000.0,12000000.0,16.300417291085605,0.0
975811,Mattia Felici,M,MID,Serie A,14,822.0,6.714285714285714,0.0,0.3793650793650794,0.7118043791956836,0.1219672007026789,0.116104933437926,25.01540604334925,1.0992900475018288,0.7085862408495734,6.236174354244942,0.6012544802867383,1.7629859070157576,5.0,459.0,53.0,91.8,1.0,41.0,True,170.0,2.0,False,600041.0,Cagliari,Extremo izquierdo,Cagliari,2001.0,24.0,100.0,2800000.0,2900000.0,2800000.0,14.845130332288226,0.0
975937,Jacob Ramsey,M,MID,Premier League,17,1164.0,6.894117647058824,0.072522159548751,0.1416392212448409,1.0196984293726143,0.1708916580801631,0.1294596279555257,31.90966721327649,0.7695709427154762,0.8467089023548277,5.065143349929419,0.4505742645028185,1.4937564310180385,8.0,399.0,54.0,49.875,6.0,309.0,False,120.0,5.0,False,503749.0,Aston Villa,Mediocentro,Newcastle United,2001.0,24.0,100.0,32000000.0,36000000.0,32000000.0,17.281246492014,0.0
976025,Armel Bella-Kotchap,D,DEF,Premier League,3,239.0,6.2,0.0,0.0,0.3333333333333333,0.3199,0.0016796335536294,53.11520404478151,0.0,0.8645323477508075,3.768147345612134,1.5384615384615383,1.3846153846153844,13.0,344.0,49.0,26.46153846153846,2.0,117.0,False,112.0,5.0,False,467563.0,Southampton FC,Defensa central,Venezia FC,2001.0,24.0,100.0,9000000.0,7200000.0,9000000.0,16.012735246411598,0.0
976037,Jakub Kiwior,D,DEF,Premier League,5,304.0,6.62,0.0,0.0,0.0,,0.0069532358604651,42.11627906976744,0.2,0.8220219507687538,2.8372093023255816,0.2,1.2,2.0,37.0,6.0,18.5,0.0,0.0,False,23.0,5.0,False,425918.0,Arsenal FC,Defensa central,FC Oporto,2000.0,25.0,100.0,28000000.0,28000000.0,28000000.0,17.147715103853763,0.0
976141,Jon Moncayola,M,MID,La Liga,26,1930.0,6.926923076923076,0.0,0.0,0.8604199426548653,0.1382716785504112,0.2046824140289751,36.814191634770566,1.4189632970852526,0.7830920859581432,4.0566130815778285,0.6324723779974076,2.843302140830374,4.0,108.0,8.0,27.0,1.0,21.0,False,61.0,6.0,False,552425.0,CA Osasuna,Mediocentro,CA Osasuna,1998.0,27.0,100.0,7000000.0,7300000.0,7000000.0,15.76142084987672,0.0
976263,Ian Maatsen,D,DEF,Premier League,8,450.0,6.7625,0.0,0.0,1.4831110764695878,0.0808391621790148,0.1024366458152173,49.87828070971033,2.0700675982087184,0.872539114032033,3.902847060824216,1.5107455643104133,1.4533898305084745,4.0,44.0,9.0,11.0,2.0,7.0,False,31.0,5.0,False,485585.0,Aston Villa,Lateral izquierdo,Aston Villa,2002.0,23.0,100.0,28000000.0,28000000.0,28000000.0,17.147715103853763,0.0
973290,Tajon Buchanan,M,MID,La Liga,4,263.0,7.1,0.0,0.6358208955223881,1.3821202376276511,0.0450220956893165,0.1678847069488904,30.723134328358206,1.6663786331500394,0.8607580741626795,7.621366849960722,0.0,1.0305577376276511,8.0,281.0,45.0,35.125,5.0,161.0,False,116.0,5.0,False,638793.0,Villarreal CF,Extremo derecho,Villarreal CF,1999.0,26.0,100.0,6000000.0,13000000.0,6000000.0,15.607270193858982,0.0
973437,Odilon Kossounou,D,DEF,Serie A,15,1091.0,6.733333333333333,0.0,0.0,0.4285714285714286,0.1006657142857142,0.0160906773410329,53.47452143966007,0.0,0.8887009358862681,4.062576699048008,0.9969330104923324,1.0921711057304275,6.0,258.0,39.0,43.0,2.0,115.0,False,89.0,4.0,False,644771.0,Atalanta de Bérgamo,Defensa central,Atalanta de Bérgamo,2001.0,24.0,100.0,25000000.0,23000000.0,25000000.0,17.034386422832473,0.0
973556,Julio Enciso,M,MID,Premier League,5,345.0,7.0,0.0,0.0,5.529981819807469,0.3043505367627336,0.0543149356853336,38.24226507316782,1.12,0.6337386751179854,7.438830506959138,0.2022471910112359,0.8844943820224721,5.0,395.0,65.0,79.0,2.0,203.0,False,184.0,4.0,False,660867.0,Ipswich Town,Mediocentro ofensivo,Racing Club de Estrasburgo,2004.0,21.0,100.0,22000000.0,21000000.0,22000000.0,16.906553056777135,0.0
973699,Iván Martín,M,MID,La Liga,26,1907.0,6.857692307692308,0.059681697612732,0.0384615384615384,0.5060629026146267,0.2932701046798029,0.080868063970338,60.2222500525473,0.8751843150250023,0.911706421279982,3.613810702230426,0.3961860877147689,1.566065680604619,3.0,225.0,17.0,75.0,1.0,28.0,False,105.0,3.0,False,341278.0,Girona FC,Mediocentro,Girona FC,1999.0,26.0,100.0,6000000.0,5500000.0,6000000.0,15.607270193858982,0.0
973887,Eduardo Camavinga,M,MID,La Liga,13,1005.0,7.338461538461539,0.0769230769230769,0.1868131868131868,0.7617382617382618,0.0830335497835497,0.0596335446102284,60.49141181399246,0.8406593406593407,0.8802760427230683,9.20118591086333,1.4430569430569429,3.725016918565305,14.0,329.0,68.0,23.5,6.0,215.0,True,75.0,4.0,False,640428.0,Real Madrid CF,Mediocentro,Real Madrid CF,2002.0,23.0,100.0,60000000.0,48000000.0,60000000.0,17.909855136853043,0.0
974087,Manu Koné,M,MID,Serie A,32,2553.0,6.93125,0.0797413793103448,0.03125,1.1775943001122864,0.1860016932544342,0.0547796020390471,44.63997484286696,0.7175115241858238,0.905333781970511,6.100200939344101,0.7895220588235294,1.4645229354076266,18.0,368.0,39.0,20.444444444444443,4.0,49.0,False,69.0,4.0,False,624690.0,AS Roma,Mediocentro,AS Roma,2001.0,24.0,100.0,40000000.0,47000000.0,40000000.0,17.50439003707821,0.0
974505,Enzo Fernández,M,MID,Premier League,22,1900.0,7.368181818181818,0.1818181818181818,0.1363636363636363,1.460106684825786,0.2351394433428802,0.2233396673026008,58.48646435586416,2.3643365449651896,0.847971488807583,5.23478750395263,0.4628427128427128,2.2297802520032644,7.0,85.0,14.0,12.142857142857142,5.0,65.0,False,37.0,7.0,False,648195.0,Chelsea FC,Mediocentro,Chelsea FC,2001.0,24.0,100.0,75000000.0,87000000.0,75000000.0,18.13299868483392,0.0
974581,Ivan Smolčić,D,DEF,Serie A,8,627.0,6.8375,0.0,0.0,0.9508928571428572,0.1139866071428571,0.019374642937788,49.62413594470046,0.25,0.8734661726726238,5.007056451612903,1.2008928571428572,2.779377880184332,0.0,0.0,0.0,0.0,0.0,0.0,False,0.0,6.0,False,571271.0,Como 1907,Lateral derecho,Como 1907,2000.0,25.0,100.0,1800000.0,2700000.0,1800000.0,14.403297778421797,0.0
970928,Daniel Maldini,F,FWD,Serie A,21,1454.0,6.876190476190477,0.4062761903504454,0.0,2.826586465566249,0.4551111465668752,0.0959507563211518,23.912895169735428,0.953412706524584,0.7183329163722509,6.80328776231222,0.3717786315135113,0.8675131614596222,16.0,334.0,51.0,20.875,5.0,133.0,False,81.0,4.0,False,539134.0,Atalanta de Bérgamo,Mediocentro ofensivo,Atalanta de Bérgamo,2001.0,24.0,100.0,10000000.0,10600000.0,10000000.0,16.118095750958314,0.0
970978,Andrea Carboni,D,DEF,Serie A,26,2196.0,6.803846153846154,0.0,0.0384615384615384,0.3250698523122541,0.0457891136291432,0.0089515138102556,45.55291818235136,0.1538461538461538,0.8557313660534391,4.892182753268608,1.1168113925058067,2.4220743583408506,11.0,217.0,26.0,19.727272727272727,4.0,110.0,False,46.0,4.0,False,481834.0,AC Monza,Defensa central,AC Monza,2001.0,24.0,100.0,2800000.0,2300000.0,2800000.0,14.845130332288226,0.0
970998,Patrizio Masini,M,MID,Serie A,16,1312.0,6.9375,0.0625,0.0,0.4592225609756097,0.0525778048780487,0.0298138022743182,38.03187772371948,0.3185975609756097,0.7983006025325505,7.847472525486698,1.1746060948612056,2.7724396737502244,4.0,353.0,23.0,88.25,2.0,41.0,False,176.0,3.0,False,459665.0,Génova,Mediocentro,Génova,2001.0,24.0,100.0,6000000.0,6300000.0,6000000.0,15.607270193858982,0.0
971005,Nicolò Cambiaghi,F,FWD,Serie A,9,467.0,7.066666666666666,0.3225806451612903,0.3737373737373737,1.8805129089759072,0.1083119947099074,0.2018711661137329,26.393485546711357,1.1482683982683983,0.8447603212825091,9.027286965617137,0.2941176470588235,2.067996993518815,6.0,275.0,43.0,45.833333333333336,1.0,159.0,False,159.0,4.0,False,459151.0,Bolonia,Extremo izquierdo,Bolonia,2000.0,25.0,100.0,8500000.0,16200000.0,8500000.0,15.955576839107596,0.0
971037,Amad Diallo,F,FWD,Premier League,19,1550.0,7.489473684210527,0.3169722057953874,0.3157894736842105,2.2832383632737367,0.2603254492753593,0.1972872853220827,39.91829507462595,2.099870166133372,0.8362669213530566,5.613329984211008,0.697461715521144,1.68496187120994,5.0,273.0,61.0,54.6,3.0,223.0,False,127.0,5.0,False,536835.0,Manchester United,Extremo derecho,Manchester United,2002.0,23.0,100.0,45000000.0,49000000.0,45000000.0,17.622173069956816,0.0
972421,Keane Lewis-Potter,D,DEF,Premier League,26,2252.0,6.9192307692307695,0.0384615384615384,0.0769230769230769,1.061250755898733,0.1358775738810279,0.1529015987880257,29.876217219738244,0.796447084118317,0.8125383325487635,4.279115730911685,0.4651162790697674,1.4005864759289417,3.0,116.0,15.0,38.66666666666666,0.0,0.0,False,59.0,6.0,False,644401.0,Brentford FC,Interior izquierdo,Brentford FC,2001.0,24.0,100.0,23000000.0,24000000.0,23000000.0,16.951004817371683,0.0
972523,Cheikh Niasse,M,MID,Serie A,9,730.0,6.711111111111111,0.0,0.0,0.4444444444444444,0.2439666666666666,0.0303619207107843,26.569771241830065,0.2361111111111111,0.7893079922027291,6.749673202614379,2.2687908496732025,2.195588235294118,6.0,74.0,12.0,12.333333333333334,1.0,21.0,False,25.0,4.0,False,644032.0,Hellas Verona,Pivote,Hellas Verona,2000.0,25.0,100.0,2500000.0,2300000.0,2500000.0,14.731801689838347,0.0
972886,Fabiano Parisi,M,MID,Serie A,13,907.0,6.830769230769231,0.0769230769230769,0.0,0.6559961777353082,0.0761672049689441,0.0859370896542818,30.118352815673347,0.440918882149538,0.7753061626052732,5.480365116230029,1.3856699700066153,2.24525276009788,6.0,249.0,15.0,41.5,1.0,4.0,False,155.0,4.0,False,547985.0,Fiorentina,Lateral izquierdo,Fiorentina,2000.0,25.0,100.0,6000000.0,4099999.0,6000000.0,15.607270193858982,0.0
980626,Noah Atubolu,G,GK,Bundesliga,25,2218.0,7.228,0.0,0.0,0.0,,0.0033152777241379,39.81931034482759,0.0,0.7179486190635801,0.4,0.0,0.0,6.0,83.0,10.0,13.833333333333334,3.0,63.0,False,31.0,2.0,False,526845.0,SC Friburgo,Portero,SC Friburgo,2002.0,23.0,100.0,18000000.0,19400000.0,18000000.0,16.705882371415992,3.327321911632101
980628,Maximilian Beier,F,FWD,Bundesliga,20,1331.0,7.025,0.4567423533083645,0.3081027813593663,2.2568687035156896,0.5843489084716602,0.141737283492371,22.90986560537541,1.513142133349818,0.7149958889848596,4.519966110488978,0.4024802942054483,1.1671198864002352,8.0,90.0,12.0,11.25,4.0,60.0,False,46.0,4.0,False,578392.0,Borussia Dortmund,Delantero centro,Borussia Dortmund,2002.0,23.0,100.0,25000000.0,32000000.0,25000000.0,17.034386422832473,0.0
980637,Taylor Harwood-Bellis,D,DEF,Premier League,24,2022.0,6.966666666666666,0.0416666666666666,0.0,0.7083333333333334,0.1302230769230769,0.0228494677067669,71.49185463659148,0.4836309523809524,0.8739522718008629,3.8422619047619047,1.2336309523809523,1.125,2.0,92.0,17.0,46.0,1.0,23.0,False,69.0,3.0,False,503977.0,Southampton FC,Defensa central,Southampton FC,2002.0,23.0,100.0,22000000.0,24000000.0,22000000.0,16.906553056777135,0.0
980732,Adrià Altimira,D,DEF,La Liga,20,1608.0,6.7700000000000005,0.0,0.0,0.3424324324324324,0.0736067567567567,0.0365229635141606,27.38113848231618,0.5724546464272492,0.7944431902712964,4.9675436028567646,0.9466412961149804,2.174447865313042,0.0,0.0,0.0,0.0,0.0,0.0,False,0.0,4.0,False,466807.0,CD Leganés,Lateral derecho,RC Deportivo A Coruña,2001.0,24.0,100.0,1500000.0,1300000.0,1500000.0,14.220976332738882,0.0
980916,Alexander Bernhardsson,F,FWD,Bundesliga,17,1228.0,7.047058823529412,0.5207881710113856,0.1362108106554786,1.88174488793726,0.3608611788958025,0.081549065104509,19.05751688361458,1.2730116893452443,0.6449070591578491,6.039357788919792,0.39770523594053,2.059548760746488,6.0,207.0,31.0,34.5,5.0,124.0,False,83.0,2.0,False,633454.0,Holstein Kiel,Extremo derecho,Holstein Kiel,1998.0,27.0,100.0,3000000.0,3200000.0,3000000.0,14.914123179965662,0.0
982615,El Bilal Touré,F,FWD,Bundesliga,3,204.0,7.466666666666666,0.4838709677419355,0.4838709677419355,3.387096774193548,0.1424032258064516,0.1719189656854839,20.201612903225808,0.967741935483871,0.7164690382081687,6.604838709677419,0.0,0.375,9.0,527.0,94.0,58.55555555555556,4.0,312.0,False,148.0,3.0,False,649016.0,VfB Stuttgart,Extremo izquierdo,Atalanta de Bérgamo,2001.0,24.0,100.0,15000000.0,13500000.0,15000000.0,16.52356082573315,0.0
982778,Devyne Rensch,M,MID,Serie A,5,361.0,7.08,0.0,0.0,0.4939849624060149,0.0924648496240601,0.0474758046917293,43.18308270676691,0.2,0.863774486383182,6.941541353383459,1.6451127819548872,3.5439849624060145,14.0,202.0,43.0,14.428571428571429,7.0,72.0,False,43.0,4.0,False,557407.0,AS Roma,Lateral derecho,AS Roma,2003.0,22.0,100.0,10000000.0,7900000.0,10000000.0,16.118095750958314,0.0
980383,Raúl Moro,M,MID,La Liga,31,2314.0,6.858064516129032,0.1616527727437477,0.2489102005231037,1.7572359095961276,0.2077678368009052,0.2369868636437828,23.81140284581452,1.8796076186697317,0.7090314088466625,4.097113283117371,0.5388662850379051,0.8344845460980108,3.0,94.0,15.0,31.33333333333333,3.0,94.0,False,35.0,6.0,False,624942.0,Real Valladolid CF,Extremo izquierdo,CA Osasuna,2002.0,23.0,100.0,7500000.0,6700000.0,7500000.0,15.830413711839864,0.0
980406,Étienne Youte Kinkoue,D,DEF,Ligue 1,26,2287.0,6.65,0.0,0.0,0.5673076923076923,0.1477125,0.0100898646287731,48.49610516066212,0.0769230769230769,0.8724949579068068,1.995192307692308,1.0828261927945473,0.6923076923076923,3.0,33.0,2.0,11.0,3.0,33.0,False,24.0,,True,639712.0,Le Havre AC,Defensa central,Sin equipo,2002.0,23.0,100.0,7000000.0,2900000.0,7000000.0,15.76142084987672,0.0
980410,Beñat Turrientes,M,MID,La Liga,13,796.0,6.738461538461538,0.0,0.0,0.6278904316512802,0.21299490926624,0.0418190509519217,39.20027079959578,0.3076923076923077,0.8984059188689707,5.57405420038014,0.6739326247522969,1.299560612964663,2.0,52.0,7.0,26.0,1.0,12.0,False,40.0,5.0,False,634431.0,Real Sociedad,Mediocentro,Real Sociedad,2002.0,23.0,100.0,10000000.0,8500000.0,10000000.0,16.118095750958314,0.0
980418,Sacha Boey,D,DEF,Bundesliga,9,538.0,6.777777777777778,0.0,0.1538461538461538,0.4571707275993712,0.0626625800022456,0.2171120210116336,63.62786400087797,0.2908324552160168,0.9343391850733256,5.770354636007005,0.2698412698412698,2.158618011975299,14.0,393.0,67.0,28.071428571428573,7.0,185.0,False,93.0,3.0,False,475413.0,Bayern Múnich,Lateral derecho,Bayern Múnich,2000.0,25.0,100.0,18000000.0,13900000.0,18000000.0,16.705882371415992,0.0
980616,Lasse Rosenboom,M,MID,Bundesliga,23,1707.0,6.708695652173914,0.1076265146115467,0.0869565217391304,0.5841148487891382,0.2071024083275988,0.056808994212075,20.234807409751024,0.701706108970831,0.5664979190573609,4.753224796598476,1.017688962614432,2.328512407436451,2.0,96.0,7.0,48.0,0.0,0.0,False,70.0,,False,512352.0,Holstein Kiel,Lateral derecho,Holstein Kiel,2002.0,23.0,100.0,1500000.0,1300000.0,1500000.0,14.220976332738882,0.0
980621,Paul Nebel,F,FWD,Bundesliga,26,2201.0,7.257692307692308,0.3936985934957537,0.1153846153846153,1.621002435371342,0.3068694571673682,0.211361078125877,38.15837659271963,1.2940098112511906,0.7702710652363289,4.540265871540726,0.5039629853093002,1.4778844941416338,0.0,0.0,0.0,0.0,0.0,0.0,False,0.0,2.0,False,503160.0,1.FSV Mainz 05,Mediocentro ofensivo,1.FSV Mainz 05,2002.0,23.0,100.0,24000000.0,14300000.0,24000000.0,16.993564429978885,0.0
980623,Nick Woltemade,F,FWD,Bundesliga,18,1426.0,7.088888888888889,0.6986542443064182,0.1130268199233716,2.820440452789577,0.7344665553998065,0.1993906255930951,26.518924187633488,2.0465177837047874,0.7176746076501472,6.870639134823834,0.0555555555555555,0.6663412053273093,7.0,208.0,32.0,29.714285714285715,2.0,9.0,False,86.0,6.0,False,455661.0,VfB Stuttgart,Delantero centro,Newcastle United,2002.0,23.0,100.0,30000000.0,70000000.0,30000000.0,17.216707972959764,0.0
980624,Lazar Samardžić,M,MID,Serie A,17,904.0,7.0588235294117645,0.2352941176470588,0.1176470588235294,3.063910205713018,0.2929069531570513,0.3407833982522549,47.92350463760022,3.01220931145157,0.8399923186592948,3.9070090054935225,0.0,1.2462508370484369,4.0,231.0,20.0,57.75,0.0,0.0,False,169.0,4.0,False,528833.0,Atalanta de Bérgamo,Mediocentro ofensivo,Atalanta de Bérgamo,2002.0,23.0,100.0,17000000.0,14600000.0,17000000.0,16.648723960844016,0.0
979146,Mika Mármol,D,DEF,La Liga,28,2384.0,6.807142857142857,0.0,0.0357142857142857,0.3571428571428571,0.045,0.0721936107985553,46.72271268057785,0.5714285714285714,0.7822365286978955,3.786516853932584,1.4650882825040128,2.250401284109149,2.0,48.0,0.0,24.0,0.0,0.0,False,33.0,5.0,False,617060.0,UD Las Palmas,Defensa central,Feyenoord,2001.0,24.0,100.0,10000000.0,9100000.0,10000000.0,16.118095750958314,0.0
979222,Francisco Conceição,M,MID,Serie A,15,1147.0,7.046666666666667,0.074074074074074,0.1333333333333333,2.7854284254112027,0.1494877087394378,0.226689074432435,30.72699691920205,1.7201381330629395,0.8588542077111503,6.693440020943385,0.5542041433703374,1.7950275014276678,13.0,224.0,39.0,17.23076923076923,5.0,89.0,False,39.0,5.0,False,487474.0,Juventus de Turín,Extremo derecho,Juventus de Turín,2002.0,23.0,100.0,28000000.0,28000000.0,28000000.0,17.147715103853763,0.0
979232,Anthony Elanga,M,MID,Premier League,23,1712.0,7.021739130434782,0.1140202702702702,0.3177583286278938,1.3732579373199152,0.1856852346875059,0.1798930721105593,21.665027167896472,1.8347571219199792,0.7860311847936726,3.722271403109696,0.1480978260869565,0.6871823828345568,1.0,26.0,5.0,26.0,0.0,0.0,False,26.0,5.0,False,583189.0,Nottingham Forest,Extremo derecho,Newcastle United,2002.0,23.0,100.0,42000000.0,38000000.0,42000000.0,17.553180200057167,0.0
979315,Elye Wahi,F,FWD,Ligue 1,11,629.0,6.609090909090909,0.4960496114517014,0.1168831168831168,2.6993147281103766,1.113087110196196,0.0360359583081668,15.944533225759034,0.9500387672029462,0.7779696313787223,2.5753564808116,0.1076555023923444,0.0,6.0,86.0,15.0,14.333333333333334,4.0,58.0,False,24.0,5.0,False,659542.0,Eintracht Fráncfort​​,Delantero centro,Eintracht Fráncfort​​,2003.0,22.0,100.0,22000000.0,12900000.0,22000000.0,16.906553056777135,0.0
979480,Willian Pacho,D,DEF,Ligue 1,23,1990.0,7.108695652173913,0.0,0.0434782608695652,0.1925465838509316,0.089975,0.0166860211063664,81.5894798136646,0.0869565217391304,0.9495169327592612,3.7763975155279503,1.6803183229813663,2.2981366459627326,4.0,140.0,15.0,35.0,1.0,3.0,False,124.0,4.0,False,661171.0,París Saint-Germain FC,Defensa central,París Saint-Germain FC,2001.0,24.0,100.0,65000000.0,66000000.0,65000000.0,17.989897843244528,0.0
979563,Jarrad Branthwaite,D,DEF,Premier League,18,1620.0,7.027777777777778,0.0,0.0,0.3888888888888889,0.1080571428571428,0.0119803077777777,40.16666666666666,0.0555555555555555,0.8213025914754645,3.9444444444444446,1.2222222222222223,1.6111111111111112,12.0,478.0,65.0,39.833333333333336,3.0,138.0,False,163.0,5.0,False,661053.0,Everton FC,Defensa central,Everton FC,2002.0,23.0,100.0,50000000.0,46000000.0,50000000.0,17.72753358339242,0.0
979820,Philipp Treu,M,MID,Bundesliga,32,2795.0,6.89375,0.0,0.0625,0.5704066265060241,0.0909177015755329,0.0816166615078619,35.85401776597917,0.6276355421686747,0.8274405847413989,4.117707269756994,0.6016566265060241,1.8904405758627727,7.0,292.0,27.0,41.71428571428572,3.0,124.0,False,97.0,,False,335993.0,FC St. Pauli,Lateral derecho,SC Friburgo,2000.0,25.0,100.0,5000000.0,8500000.0,5000000.0,15.424948670398354,0.0
978285,Wilfried Singo,D,DEF,Ligue 1,23,2070.0,7.113043478260869,0.0434782608695652,0.0869565217391304,0.6956521739130435,0.1438307692307692,0.0656531452173913,60.30434782608695,0.3043478260869565,0.864038736462905,5.391304347826087,1.8695652173913044,1.565217391304348,9.0,327.0,43.0,36.333333333333336,1.0,26.0,False,77.0,5.0,False,648779.0,AS Mónaco,Lateral derecho,Galatasaray,2000.0,25.0,100.0,25000000.0,23000000.0,25000000.0,17.034386422832473,0.0
978301,Jean Onana,M,MID,Serie A,3,196.0,6.4,0.0,0.0,0.0,,0.0197757421059691,40.52649228705567,0.8450704225352114,0.7547904604356218,5.814889336016097,1.0892018779342725,3.1247484909456738,9.0,139.0,22.0,15.444444444444445,3.0,61.0,False,25.0,2.0,False,656441.0,Génova,Pivote,Besiktas JK,2000.0,25.0,100.0,1800000.0,1400000.0,1800000.0,14.403297778421797,0.0
978327,Konan N'Dri,F,FWD,Serie A,7,283.0,6.685714285714285,0.0,0.0,2.9732142857142856,0.2400375,0.031222297657563,15.05533804430863,1.772631779984721,0.7613378684807256,5.502148586707411,0.3781512605042016,0.9495798319327732,1.0,130.0,13.0,130.0,1.0,130.0,False,130.0,2.0,False,649490.0,US Lecce,Extremo derecho,US Lecce,2000.0,25.0,100.0,1400000.0,1500000.0,1400000.0,14.151983508870948,0.0
978838,Michael Olise,M,MID,Bundesliga,28,2175.0,8.071428571428571,0.5054064518065279,0.589146249255247,3.293293868006712,0.3966264280383607,0.4690508855018777,54.43756722388032,3.4827503270174383,0.8565543650997453,6.789594384170585,0.3136209216912838,1.4216029322881687,4.0,213.0,23.0,53.25,1.0,61.0,False,136.0,4.0,False,566723.0,Bayern Múnich,Extremo derecho,Bayern Múnich,2001.0,24.0,100.0,100000000.0,125000000.0,100000000.0,18.420680753952364,0.0
979043,Gabriel Charpentier,F,FWD,Serie A,3,135.0,7.366666666666667,0.6666666666666666,1.3333333333333333,3.333333333333333,0.2634,0.1554228666666666,15.333333333333334,4.0,0.6095238095238095,7.333333333333333,0.0,2.0,11.0,1026.0,112.0,93.27272727272728,4.0,294.0,False,236.0,,True,660342.0,Parma,Delantero centro,Sin equipo,1999.0,26.0,100.0,1300000.0,840000.0,1300000.0,14.077875591662238,0.0
979128,Rayan Cherki,M,MID,Ligue 1,24,1899.0,7.7375,0.2694454287739192,0.5126291480912862,1.8790511890503625,0.2594699891229773,0.4935492500727477,51.77331393454542,3.206078491794472,0.8307754017384004,4.647100424334577,0.3340712233614047,0.6445639571656098,3.0,127.0,28.0,42.333333333333336,1.0,2.0,False,90.0,5.0,False,607223.0,Manchester City,Mediocentro ofensivo,Manchester City,2003.0,22.0,100.0,45000000.0,71000000.0,45000000.0,17.622173069956816,0.0
979144,Luca Netz,D,DEF,Bundesliga,9,714.0,6.788888888888888,0.0,0.2222222222222222,0.33458177278402,0.0723449438202247,0.0832501115127027,41.988413497905945,1.596212862001316,0.8129122342848328,4.076849750619607,1.0049937578027466,2.2146270364015423,9.0,328.0,32.0,36.44444444444444,4.0,92.0,False,98.0,5.0,False,524285.0,Borussia Mönchengladbach,Lateral izquierdo,Nottingham Forest,2003.0,22.0,100.0,6000000.0,5800000.0,6000000.0,15.607270193858982,0.0
1403218,Yoram Zague,D,DEF,Ligue 1,3,161.0,6.8,0.0,0.0,0.6666666666666666,0.1014,0.0590795969953051,77.44600938967136,0.6666666666666666,0.9557894736842106,3.2676056338028165,1.3333333333333333,1.9342723004694835,2.0,109.0,13.0,54.5,1.0,8.0,False,101.0,3.0,False,1047097.0,París Saint-Germain FC,Lateral derecho,París Saint-Germain FC,2006.0,19.0,100.0,2500000.0,2300000.0,2500000.0,14.731801689838347,0.0
1403575,Jeremy Agbonifo,F,FWD,Ligue 1,6,264.0,6.65,0.5,0.0,1.8888888888888888,0.5205000000000001,0.0350076922222222,19.27777777777777,0.0,0.7512210012210012,5.944444444444444,0.3333333333333333,1.9444444444444444,2.0,14.0,3.0,7.0,1.0,7.0,False,7.0,2.0,False,1057820.0,RC Lens,Extremo derecho,Jagiellonia Białystok,2005.0,20.0,100.0,5000000.0,4600000.0,5000000.0,15.424948670398354,0.0
1405998,Louis Leroux,M,MID,Ligue 1,10,769.0,7.090000000000001,0.401123595505618,0.1011235955056179,1.1308186195826644,0.3263168310020637,0.0692601722594081,29.6166104937334,1.1561658175727545,0.8009698357198356,5.263866367260143,1.4198757763975156,2.753352518340018,2.0,62.0,7.0,31.0,0.0,0.0,False,50.0,5.0,False,1119456.0,FC Nantes,Mediocentro ofensivo,FC Nantes,2006.0,19.0,100.0,4000000.0,9300000.0,4000000.0,15.201805169084134,0.0
1407484,Samuel Amo-Ameyaw,F,FWD,Ligue 1,3,232.0,7.2,0.4347826086956521,0.0,1.9862017454202376,0.134488186964384,0.1409628647299316,34.53337526535105,1.0940325497287524,0.9172619047619048,3.5051890871923894,0.8695652173913043,0.759493670886076,1.0,4.0,1.0,4.0,0.0,0.0,False,4.0,4.0,False,933900.0,Racing Club de Estrasburgo,Extremo derecho,Racing Club de Estrasburgo,2006.0,19.0,100.0,4000000.0,8500000.0,4000000.0,15.201805169084134,0.0
1407848,Christian Mawissa,D,DEF,Ligue 1,17,1411.0,6.705882352941177,0.0,0.0,0.1176470588235294,0.131,0.0082279705103684,54.9007489085448,0.0588235294117647,0.8546219357579401,5.397024819420284,1.5314775782529149,2.610154393995641,4.0,152.0,31.0,38.0,1.0,33.0,False,52.0,4.0,False,1005240.0,AS Mónaco,Defensa central,AS Mónaco,2005.0,20.0,100.0,15000000.0,13700000.0,15000000.0,16.52356082573315,0.0
1418624,Bence Dárdai,M,MID,Bundesliga,15,1139.0,6.78,0.075,0.0705882352941176,0.8283024734748381,0.1745672512833656,0.0600055374318149,29.704851883148716,0.5611133494493689,0.8228648589140035,3.248147004798832,0.7719087376644332,1.5849691527851433,3.0,380.0,51.0,126.66666666666669,1.0,114.0,False,145.0,4.0,False,789252.0,VfL Wolfsburgo,Mediocentro ofensivo,VfL Wolfsburgo,2006.0,19.0,100.0,12000000.0,6700000.0,12000000.0,16.300417291085605,0.0
1418649,Finn Jeltsch,D,DEF,Bundesliga,9,753.0,6.855555555555556,0.0,0.0,0.2222222222222222,0.02555,0.0383943105050505,72.6161616161616,0.2222222222222222,0.9049503555821348,4.2727272727272725,1.7171717171717171,1.8888888888888888,5.0,120.0,13.0,24.0,2.0,60.0,True,42.0,5.0,False,924117.0,VfB Stuttgart,Defensa central,VfB Stuttgart,2006.0,19.0,100.0,20000000.0,23000000.0,20000000.0,16.811242881518265,0.0
1418703,Max Moerstedt,F,FWD,Bundesliga,6,357.0,6.833333333333333,0.0,0.0,2.203181892088901,0.1793702104763412,0.1167388744406858,17.51776806972732,1.3721394577073307,0.6953703703703704,5.166637289617218,0.0,0.4066345639379347,5.0,41.0,4.0,8.2,2.0,20.0,False,15.0,5.0,False,923595.0,TSG 1899 Hoffenheim,Delantero centro,TSG 1899 Hoffenheim,2006.0,19.0,100.0,7000000.0,7600000.0,7000000.0,15.76142084987672,0.0
1401006,Yaya Fofana,M,MID,Ligue 1,8,556.0,7.0125,0.173076923076923,0.15625,1.8310890163596345,0.1019744283623824,0.1445787877050656,29.61187637845018,0.9046052631578948,0.7978353446603019,5.414516978842843,0.5012620719929762,2.367136952082765,3.0,500.0,81.0,166.66666666666666,1.0,402.0,True,402.0,4.0,False,1044893.0,Stade de Reims,Mediocentro,Stade de Reims,2004.0,21.0,100.0,4000000.0,160000.0,4000000.0,15.201805169084134,0.0
1401702,Ethan Nwaneri,F,FWD,Premier League,6,416.0,7.216666666666666,0.3333333333333333,0.1666666666666666,2.6285751285751284,0.1605057017057017,0.1564472639134939,30.81427831427831,0.9031339031339032,0.8827334751018961,5.803807303807304,0.1666666666666666,1.3614718614718615,1.0,18.0,4.0,18.0,1.0,18.0,False,18.0,5.0,False,890719.0,Arsenal FC,Mediocentro ofensivo,Arsenal FC,2007.0,18.0,100.0,55000000.0,39000000.0,55000000.0,17.822843761378564,0.0
1402698,Ethan Mbappé,M,MID,Ligue 1,3,157.0,6.833333333333333,0.0,0.0,2.8955223880597014,0.0831452736318408,0.404574152238806,37.20398009950249,2.0,0.7608695652173912,4.009950248756219,0.6666666666666666,1.781094527363184,9.0,381.0,49.0,42.333333333333336,7.0,304.0,True,130.0,2.0,False,903666.0,LOSC Lille,Extremo derecho,LOSC Lille,2006.0,19.0,100.0,5000000.0,8700000.0,5000000.0,15.424948670398354,0.0
1402751,Mahamadou Diawara,M,MID,Ligue 1,6,412.0,6.9,0.0,0.3333333333333333,0.624922263681592,0.0521699160447761,0.0256662146348146,28.48313531029065,1.1725413113006395,0.806839259985713,5.254858812142296,2.900063241125201,3.28743851232559,1.0,15.0,5.0,15.0,1.0,15.0,False,15.0,3.0,False,1053147.0,Le Havre AC,Mediocentro,Olympique de Lyon,2005.0,20.0,100.0,2000000.0,1500000.0,2000000.0,14.508658238524095,0.0
1402908,Hector Fort,D,DEF,La Liga,7,457.0,6.914285714285714,0.0,0.0,0.6175253318110461,0.0671650016650016,0.2635744226783439,61.23070232163422,1.1200228343085483,0.9064407158577517,3.3105770436762536,1.4115884115884114,1.904803712529788,3.0,143.0,20.0,47.66666666666666,2.0,29.0,False,114.0,4.0,False,937955.0,FC Barcelona,Lateral derecho,FC Barcelona,2006.0,19.0,100.0,10000000.0,11600000.0,10000000.0,16.118095750958314,0.0
1402912,Lamine Yamal,M,MID,La Liga,34,2771.0,7.785294117647059,0.3216745197535339,0.4550474434983864,4.624185172777223,0.3344087960244662,0.3721383940363466,44.771109647846046,2.0410155636700256,0.7826902425436506,8.30133565199282,0.5575161312597832,1.3758010582596096,10.0,192.0,27.0,19.2,5.0,64.0,False,51.0,6.0,False,937958.0,FC Barcelona,Extremo derecho,FC Barcelona,2007.0,18.0,100.0,200000000.0,215000000.0,200000000.0,19.11382792951231,0.0
1402913,Pau Cubarsí,D,DEF,La Liga,32,2585.0,6.9875,0.0,0.1187168514946962,0.2963462223312183,0.1546193525450553,0.0331027741381603,87.4810624662881,0.3079884296356564,0.931255201238631,3.8397899854108304,0.6608945837255069,1.2230665463809165,1.0,7.0,1.0,7.0,1.0,7.0,False,7.0,4.0,False,962110.0,FC Barcelona,Defensa central,FC Barcelona,2007.0,18.0,100.0,80000000.0,75000000.0,80000000.0,18.197537205138158,0.0
1403192,Mikey Moore,F,FWD,Premier League,3,143.0,6.333333333333333,0.0,0.0,0.8333333333333334,0.09525,0.0984787956989247,24.97311827956989,1.3333333333333333,0.8535353535353535,2.2849462365591395,0.4838709677419355,0.0,2.0,80.0,26.0,40.0,1.0,63.0,False,63.0,5.0,False,1011147.0,Tottenham Hotspur,Extremo izquierdo,Tottenham Hotspur,2007.0,18.0,100.0,18000000.0,16500000.0,18000000.0,16.705882371415992,0.0
1397348,Kevin Zeroli,M,MID,Serie A,5,333.0,6.58,0.0,0.0,1.4672268907563024,0.2298907563025209,0.0053888720616246,21.37310924369748,0.2571428571428571,0.7500260126347083,3.543977591036415,0.46890756302521,1.6980392156862745,5.0,149.0,30.0,29.8,2.0,51.0,False,47.0,3.0,False,883349.0,AC Monza,Mediocentro,Milan Futuro,2005.0,20.0,100.0,4000000.0,4000000.0,4000000.0,15.201805169084134,0.0
1397558,Kassoum Ouattara,M,MID,Ligue 1,5,327.0,6.36,0.0,0.0,0.0,,0.2165687639243385,31.6731960977754,0.8852459016393442,0.7880360764995654,3.798690450761023,0.8133089763266194,1.5930785025750187,4.0,177.0,20.0,44.25,1.0,29.0,False,97.0,5.0,False,947360.0,AS Mónaco,Lateral izquierdo,Besiktas JK,2004.0,21.0,100.0,7000000.0,11600000.0,7000000.0,15.76142084987672,0.0
1397736,Marco Palestra,M,MID,Serie A,3,153.0,6.9,0.0,0.0,0.0,,0.1597762958134605,29.84631690514044,0.4054054054054054,0.8518518518518517,9.465288818229997,0.8108108108108109,3.313725490196078,2.0,53.0,8.0,26.5,1.0,49.0,False,49.0,8.0,False,895937.0,Atalanta de Bérgamo,Lateral derecho,Chelsea FC,2005.0,20.0,100.0,3500000.0,31000000.0,3500000.0,15.068273812173889,0.0
1397882,Yanis Zouaoui,D,DEF,Ligue 1,10,815.0,7.159999999999999,0.0,0.12,0.5432432432432432,0.0392209459459459,0.2689638189363557,36.28585440278989,2.420973735832607,0.7619664601637337,4.458269398430689,0.835483870967742,1.4912761551874456,5.0,60.0,6.0,12.0,2.0,34.0,False,22.0,2.0,False,691841.0,Le Havre AC,Lateral izquierdo,Le Havre AC,1998.0,27.0,100.0,800000.0,1700000.0,800000.0,13.592368256649284,0.0
1398511,Adama Boiro,D,DEF,La Liga,15,1059.0,6.6066666666666665,0.0,0.0,0.6425837320574163,0.1209454545454545,0.0553169682146729,29.93350890037467,0.5031897926634769,0.8519768071867364,4.038232659542591,0.7613318007469033,1.6559566242605137,0.0,0.0,0.0,0.0,0.0,0.0,False,0.0,4.0,False,710671.0,Athletic Club,Lateral izquierdo,Athletic Club,2002.0,23.0,100.0,2500000.0,2800000.0,2500000.0,14.731801689838347,0.0
1398524,Pablo Durán,F,FWD,La Liga,16,1242.0,6.86875,0.2827860596293312,0.2898267640294297,1.698546926984986,0.280761968570502,0.0568503405573884,23.975205142148383,1.093989556560015,0.7634385091435941,2.595020697036669,0.4067447786222967,0.7455087222268678,2.0,41.0,7.0,20.5,0.0,0.0,False,25.0,3.0,False,905997.0,RC Celta de Vigo,Delantero centro,RC Celta de Vigo,2001.0,24.0,100.0,3500000.0,4099999.0,3500000.0,15.068273812173889,0.0
1400106,Yankuba Minteh,M,MID,Premier League,14,1014.0,7.142857142857143,0.3115216067728575,0.3074534161490683,1.7313676732912011,0.2791414709396033,0.2882668664045607,20.199339388156638,1.6771975299868136,0.6632101766756497,6.363693675503749,0.7642117737487387,2.513853278124284,3.0,72.0,14.0,24.0,2.0,63.0,False,35.0,4.0,False,1012534.0,Brighton & Hove Albion,Extremo derecho,Brighton & Hove Albion,2004.0,21.0,100.0,30000000.0,37000000.0,30000000.0,17.216707972959764,0.0
1401005,Remy Labeau Lascary,F,FWD,Ligue 1,9,542.0,6.866666666666666,0.1639344262295082,0.1234567901234568,2.0879257957929664,0.4457654450082134,0.0775012879683846,17.946735596676074,0.8414490993725967,0.740679012345679,4.859835235863674,0.1234567901234568,1.6099764189264305,3.0,207.0,23.0,69.0,1.0,183.0,False,183.0,2.0,False,917778.0,RC Lens,Delantero centro,RC Lens,2003.0,22.0,100.0,2000000.0,2900000.0,2000000.0,14.508658238524095,0.0
1392819,Gaby Jean,D,DEF,Serie A,16,1358.0,6.675,0.0,0.0,0.0625,0.0524999999999999,0.007814401966165,54.983670369617165,0.0625,0.8341049653050132,4.56716152320911,0.5632022471910112,0.9786434236615996,2.0,257.0,24.0,128.5,1.0,253.0,True,253.0,2.0,False,805886.0,US Lecce,Defensa central,US Lecce,2000.0,25.0,100.0,2000000.0,1400000.0,2000000.0,14.508658238524095,0.0
1393242,Tamás Nikitscher,M,MID,La Liga,9,778.0,6.655555555555555,0.0,0.0,0.2835249042145594,0.0420482758620689,0.0094905281226053,31.478927203065137,0.2222222222222222,0.9106384840686734,4.444444444444445,1.061302681992337,1.4444444444444444,1.0,261.0,32.0,261.0,1.0,261.0,False,261.0,4.0,False,633056.0,Real Valladolid CF,Pivote,Rio Ave FC,1999.0,26.0,100.0,1000000.0,480000.0,1000000.0,13.815511557963774,0.0
1394202,Antoine Hainaut,M,MID,Serie A,14,1007.0,6.892857142857143,0.1428571428571428,0.0,0.2857142857142857,0.1817666666666666,0.0748237588337704,26.862678181858325,0.8855684872307928,0.7672548950546688,6.969460506474107,0.7592581976610868,2.205773966682848,5.0,112.0,12.0,22.4,3.0,45.0,False,44.0,3.0,False,917375.0,Parma,Lateral derecho,Venezia FC,2002.0,23.0,100.0,1000000.0,3200000.0,1000000.0,13.815511557963774,0.0
1394353,Eliesse Ben Seghir,M,MID,Ligue 1,22,1576.0,7.222727272727273,0.3258559622195985,0.1680194805194805,3.0116920487413528,0.2766075079628977,0.2230158633708239,44.81256755765896,1.6435990383015302,0.8185214526031622,6.3183230182104975,0.570323057613246,1.490997791065174,7.0,293.0,47.0,41.85714285714285,3.0,192.0,False,84.0,5.0,False,810895.0,AS Mónaco,Extremo izquierdo,Bayer 04 Leverkusen,2005.0,20.0,100.0,28000000.0,25000000.0,28000000.0,17.147715103853763,0.0
1395746,Thierno Barry,F,FWD,La Liga,27,2035.0,7.037037037037037,0.4778515632348402,0.1549707602339181,3.2065517647022195,0.6965395085836281,0.0650410950969339,12.5010357051782,0.8770032921256049,0.5913937288679291,7.034770644446276,0.0,0.4471677559912854,0.0,0.0,0.0,0.0,0.0,0.0,False,0.0,4.0,False,937941.0,Villarreal CF,Delantero centro,Everton FC,2002.0,23.0,100.0,20000000.0,31000000.0,20000000.0,16.811242881518265,0.0
1396048,Carlos Romero,D,DEF,La Liga,29,2390.0,6.965517241379311,0.0689655172413793,0.039787798408488,0.941451369697009,0.1105595702349999,0.0927895006550076,25.89147584281235,1.1156316038504892,0.752967632196917,4.479924711686503,1.096183888929351,2.505275294679264,0.0,0.0,0.0,0.0,0.0,0.0,False,0.0,6.0,False,709372.0,RCD Espanyol,Lateral izquierdo,Villarreal CF,2001.0,24.0,100.0,5000000.0,24000000.0,5000000.0,15.424948670398354,0.0
1397168,Patrick Dorgu,M,MID,Serie A,24,2066.0,6.841666666666666,0.125,0.0416666666666666,1.7114596771381752,0.207470397971149,0.047454754199194,31.39960542984322,0.8764367816091955,0.7918621650235064,7.312795637065187,0.7931034482758621,2.429356542658903,2.0,97.0,13.0,48.5,1.0,5.0,False,92.0,5.0,False,926952.0,Manchester United,Lateral izquierdo,Manchester United,2004.0,21.0,100.0,25000000.0,33000000.0,25000000.0,17.034386422832473,0.0
1397347,Ali Dembélé,D,DEF,Serie A,5,285.0,6.34,0.0,0.0,1.0143284432417032,0.1010961211603285,0.0259230863201564,33.58516657818751,1.2311688311688311,0.8158730158730159,5.531297018036798,0.2117647058823529,1.9807486631016045,1.0,14.0,2.0,14.0,0.0,0.0,False,14.0,3.0,False,1004344.0,Torino FC,Lateral derecho,Torino FC,2004.0,21.0,100.0,900000.0,825000.0,900000.0,13.71015115341694,0.0
987650,Moisés Caicedo,M,MID,Premier League,27,2366.0,7.166666666666667,0.037037037037037,0.074074074074074,0.4887203133521741,0.0463000617856039,0.0730041269966355,60.60851242225864,0.8189300411522633,0.8956135174648493,5.793621630019855,1.3616397915348102,2.95373225796674,4.0,38.0,9.0,9.5,2.0,10.0,False,22.0,8.0,False,687626.0,Chelsea FC,Pivote,Chelsea FC,2001.0,24.0,100.0,90000000.0,115000000.0,90000000.0,18.31532023940565,0.0
988037,Juan Cabal,D,DEF,Serie A,6,451.0,6.866666666666667,0.0,0.0,0.8333333333333334,0.04955,0.0500713003096338,59.84408247120111,0.3614718614718615,0.8858117036139306,6.380585516178736,0.3614718614718615,1.9575170592119744,9.0,546.0,92.0,60.66666666666666,2.0,297.0,True,246.0,4.0,False,686965.0,Juventus de Turín,Lateral izquierdo,Juventus de Turín,2001.0,24.0,100.0,9000000.0,9300000.0,9000000.0,16.012735246411598,0.0
988252,Tim Siersleben,D,DEF,Bundesliga,14,1155.0,6.771428571428571,0.0,0.0,0.2857142857142857,0.1936,0.0486362812291965,50.82594829771057,0.5131578947368421,0.7936210723605681,3.9500506885190494,1.3990242460082791,1.553434147165667,3.0,67.0,8.0,22.33333333333333,0.0,0.0,False,42.0,3.0,False,337092.0,1.FC Heidenheim 1846,Defensa central,1.FC Heidenheim 1846,2000.0,25.0,100.0,2000000.0,2600000.0,2000000.0,14.508658238524095,0.0
988275,Tyrick Mitchell,M,MID,Premier League,28,2407.0,6.982142857142857,0.0,0.1453592673024266,0.4048275540417483,0.1575485684339483,0.1192260775801491,30.42266035652205,1.2372407312959448,0.72064654339046,4.538285827374799,0.4111155698234349,2.7416534181240064,5.0,229.0,19.0,45.8,0.0,0.0,False,120.0,2.0,False,730893.0,Crystal Palace,Lateral izquierdo,Crystal Palace,1999.0,26.0,100.0,25000000.0,23000000.0,25000000.0,17.034386422832473,0.0
988351,Samú Costa,M,MID,La Liga,30,2606.0,6.976666666666668,0.0,0.0666666666666666,1.0053989259685463,0.1023589774325533,0.0629833593187803,47.98094935631381,0.5011321075927817,0.8098371581164918,7.931010611017012,1.11334921537951,3.0320760765096564,3.0,58.0,7.0,19.33333333333333,2.0,41.0,False,26.0,3.0,False,657430.0,RCD Mallorca,Pivote,RCD Mallorca,2000.0,25.0,100.0,15000000.0,14600000.0,15000000.0,16.52356082573315,0.0
988632,Jim Allevinah,M,MID,Ligue 1,24,1657.0,6.620833333333334,0.0535714285714285,0.1640941122644816,1.7527997400914967,0.3030077409771251,0.095698764772589,23.0074266358713,0.8628868886421756,0.8046289718193743,3.550115597567265,0.5649826538104189,0.9788736746485948,13.0,314.0,37.0,24.153846153846157,6.0,125.0,False,62.0,2.0,False,646733.0,Angers SCO,Extremo derecho,Angers SCO,1995.0,30.0,100.0,1500000.0,1100000.0,1500000.0,14.220976332738882,0.0
988893,Armin Gigović,M,MID,Bundesliga,24,1734.0,6.754166666666666,0.1925415430528053,0.0451807228915662,1.1431289342317752,0.1340834545853676,0.0765089848044878,30.401996193874727,0.8275147702547474,0.8053146237458851,4.255198409688677,0.8382136982621815,1.2022183858367057,3.0,79.0,7.0,26.33333333333333,0.0,0.0,False,58.0,4.0,False,651269.0,Holstein Kiel,Mediocentro,BSC Young Boys,2002.0,23.0,100.0,3000000.0,2600000.0,3000000.0,14.914123179965662,0.0
988907,Lilian Brassier,D,DEF,Ligue 1,22,1924.0,6.990909090909091,0.0454545454545454,0.0454545454545454,0.8977156653356858,0.118758808307797,0.0238436343216696,67.53856954421829,0.3186925434116445,0.8600202945939608,3.9441049554332106,1.4180781068372292,1.0213838919611962,3.0,38.0,4.0,12.666666666666666,2.0,14.0,False,24.0,4.0,False,485960.0,Stade Rennais FC,Defensa central,Stade Rennais FC,1999.0,26.0,100.0,10000000.0,10800000.0,10000000.0,16.118095750958314,0.0
985933,Joseph Okumu,D,DEF,Ligue 1,21,1690.0,7.114285714285715,0.0476190476190476,0.0,0.5736434108527132,0.142153488372093,0.0229686212065948,57.811143257405526,0.2525879917184265,0.8011948302764825,4.916156621380247,1.5140138173885331,1.6527448188577758,13.0,646.0,74.0,49.69230769230769,6.0,170.0,False,351.0,3.0,False,453376.0,Stade de Reims,Defensa central,Stade de Reims,1997.0,28.0,100.0,7000000.0,4700000.0,7000000.0,15.76142084987672,0.0
985934,Youssouf Ndayishimiye,D,DEF,Ligue 1,21,1843.0,7.133333333333334,0.1428571428571428,0.0,0.5325814536340852,0.1025102339181286,0.0192599237844611,61.08270676691729,0.2468671679197994,0.8894906397710426,4.580200501253133,1.0,1.8872180451127816,13.0,610.0,87.0,46.92307692307692,5.0,412.0,True,307.0,2.0,False,674612.0,OGC Niza,Defensa central,OGC Niza,1998.0,27.0,100.0,12000000.0,8400000.0,12000000.0,16.300417291085605,0.0
986245,Sergi Cardona,D,DEF,La Liga,32,2763.0,7.08125,0.03125,0.2276785714285714,0.6391606088378342,0.1664000429081744,0.1478612910826339,34.65885879434177,1.3754461092173162,0.7860518031628037,4.612315197213484,1.2360632884115803,2.271275571066945,0.0,0.0,0.0,0.0,0.0,0.0,False,0.0,2.0,False,678406.0,Villarreal CF,Lateral izquierdo,Villarreal CF,1999.0,26.0,100.0,10000000.0,9500000.0,10000000.0,16.118095750958314,0.0
986352,Edoardo Bove,M,MID,Serie A,12,884.0,7.05,0.1136363636363636,0.2452153110047847,0.9942683413078148,0.2185827377392344,0.0942585027962082,34.31739064072322,1.1486001551791023,0.8053548094677128,6.540616927045012,0.5208915812364089,2.5583123520113085,2.0,408.0,58.0,204.0,2.0,408.0,True,397.0,6.0,False,562049.0,Fiorentina,Mediocentro,Watford FC,2002.0,23.0,100.0,5000000.0,5400000.0,5000000.0,15.424948670398354,0.0
986355,Filip Stanković,G,GK,Serie A,14,1260.0,7.292857142857143,0.0,0.0,0.0,,0.0007253978571428,30.428571428571427,0.0,0.7112840512735471,0.3571428571428571,0.0,0.0,4.0,140.0,17.0,35.0,1.0,81.0,False,81.0,4.0,False,552223.0,Venezia FC,Portero,Venezia FC,2002.0,23.0,100.0,6000000.0,4900000.0,6000000.0,15.607270193858982,3.943661971830986
986397,Benjamin Šeško,F,FWD,Bundesliga,29,2286.0,6.986206896551724,0.50703068620025,0.1947444436498928,2.584476255692622,0.3767670587553847,0.0594695669175653,22.72597995477819,0.6925186435872587,0.6802423090808309,5.056373311631193,0.1656717559081266,0.2591180115855053,5.0,173.0,18.0,34.6,0.0,0.0,False,79.0,5.0,False,627442.0,RB Leipzig,Delantero centro,Manchester United,2003.0,22.0,100.0,70000000.0,68000000.0,70000000.0,18.064005814299342,0.0
987489,Beto,F,FWD,Premier League,7,592.0,7.0,0.5779220779220778,0.0,2.4144075540664027,0.4526479958740619,0.0208941755308337,15.40766482983967,0.5714285714285714,0.6142056822729092,8.305035582754133,0.1428571428571428,1.222509899482181,5.0,93.0,15.0,18.6,1.0,6.0,False,46.0,2.0,False,595809.0,Everton FC,Delantero centro,Everton FC,1998.0,27.0,100.0,22000000.0,21000000.0,22000000.0,16.906553056777135,0.0
987504,Patrick Wimmer,M,MID,Bundesliga,23,1642.0,7.091304347826087,0.1941631923764145,0.2805137460921133,2.0785920702458074,0.2667006078349177,0.1846190368134178,29.521242131462667,1.450130063708062,0.672354230757287,7.769663312089827,1.8257938234920168,2.575846966217126,15.0,340.0,49.0,22.666666666666668,4.0,126.0,False,110.0,6.0,False,533295.0,VfL Wolfsburgo,Extremo derecho,TSG 1899 Hoffenheim,2001.0,24.0,100.0,15000000.0,13900000.0,15000000.0,16.52356082573315,0.0
984527,Abdoulaye Ndiaye,D,DEF,Ligue 1,20,1682.0,6.92,0.05,0.0,0.5789473684210527,0.0969773684210526,0.0090263465157894,49.02947368421052,0.05,0.8508292004148288,5.9868421052631575,0.5789473684210527,2.5,1.0,103.0,17.0,103.0,0.0,0.0,False,103.0,4.0,False,673514.0,Stade Brestois 29,Defensa central,Parma,2002.0,23.0,100.0,4000000.0,6300000.0,4000000.0,15.201805169084134,0.0
984624,Yéremy Pino,M,MID,La Liga,25,1672.0,6.98,0.1651948051948051,0.2844041714099853,1.1819429613034569,0.2311897178379433,0.1291115297267314,30.37794081635744,1.7610359857597666,0.780321623502679,5.9328162553009385,0.3431323545172007,3.0994026086310185,5.0,342.0,55.0,68.4,1.0,214.0,False,214.0,5.0,False,568157.0,Villarreal CF,Extremo derecho,Crystal Palace,2002.0,23.0,100.0,30000000.0,32000000.0,30000000.0,17.216707972959764,0.0
984998,Santiago Pierotti,M,MID,Serie A,25,1718.0,6.744,0.1957142857142857,0.0933906146728354,1.225984891342236,0.2055753516919208,0.0780703081036535,18.56935557364861,1.127049318486518,0.7079918784346029,5.760125387570094,0.6549810003733951,1.9622003440573224,2.0,14.0,2.0,7.0,2.0,14.0,False,8.0,2.0,False,674806.0,US Lecce,Extremo derecho,US Lecce,2001.0,24.0,100.0,4000000.0,3700000.0,4000000.0,15.201805169084134,0.0
985086,Morato,D,DEF,Premier League,6,413.0,6.8500000000000005,0.0,0.0,0.0,,0.0050720794117647,31.279411764705884,0.0,0.7643484407528857,4.215686274509804,1.053921568627451,3.3823529411764706,2.0,71.0,15.0,35.5,0.0,0.0,False,53.0,4.0,False,673492.0,Nottingham Forest,Defensa central,Nottingham Forest,2001.0,24.0,100.0,14000000.0,13600000.0,14000000.0,16.454567959008102,0.0
985262,Moussa Diarra,D,DEF,La Liga,21,1817.0,6.619047619047619,0.0,0.0,0.0476190476190476,0.0321,0.0181344490468546,34.31751127417259,0.1433921883360085,0.8353909577772947,4.757777268210655,0.9534510433386836,1.8304670182679812,2.0,37.0,3.0,18.5,0.0,0.0,False,28.0,3.0,False,694509.0,Deportivo Alavés,Defensa central,Deportivo Alavés,2000.0,25.0,100.0,1800000.0,1400000.0,1800000.0,14.403297778421797,0.0
985329,Aimar Oroz,M,MID,La Liga,34,2864.0,7.029411764705882,0.1844919786096256,0.1186612576064908,1.4538120151486649,0.1884678610152173,0.1049357272968939,32.71854671715112,1.2124755422268103,0.8338911991449277,5.055670582532434,0.6165716686815905,1.0766490198054737,4.0,92.0,9.0,23.0,2.0,48.0,False,29.0,4.0,False,634131.0,CA Osasuna,Mediocentro ofensivo,CA Osasuna,2001.0,24.0,100.0,15000000.0,8199999.0,15000000.0,16.52356082573315,0.0
985923,Hicham Boudaoui,M,MID,Ligue 1,26,2297.0,7.188461538461539,0.0782493368700265,0.1153846153846153,1.4990910535979676,0.148599305145681,0.1059087772948135,41.5204777892036,0.8622153708360606,0.8415132862593983,6.212801344141924,0.7853173318127344,2.777691467378239,17.0,340.0,49.0,20.0,4.0,70.0,False,60.0,2.0,False,560593.0,OGC Niza,Mediocentro,OGC Niza,1999.0,26.0,100.0,15000000.0,11300000.0,15000000.0,16.52356082573315,0.0
982780,Cole Palmer,M,MID,Premier League,27,2373.0,7.733333333333333,0.5448901859243781,0.2347849835087498,3.692821750943039,0.5670887925708279,0.2674459156584609,36.91910053444728,2.683738354466303,0.8202046240669885,4.186436199489924,0.2684458309998166,0.758341982889605,11.0,258.0,56.0,23.454545454545453,3.0,30.0,False,94.0,8.0,False,568177.0,Chelsea FC,Mediocentro ofensivo,Chelsea FC,2002.0,23.0,100.0,120000000.0,101000000.0,120000000.0,18.603002309079653,0.0
983066,Andrew Omobamidele,D,DEF,Ligue 1,5,450.0,7.06,0.0,0.0,0.0,,0.007366812,70.4,0.0,0.9455056236283548,3.8,1.2,1.0,6.0,232.0,33.0,38.66666666666666,2.0,116.0,False,69.0,4.0,False,621993.0,Racing Club de Estrasburgo,Defensa central,Racing Club de Estrasburgo,2002.0,23.0,100.0,8000000.0,7700000.0,8000000.0,15.894952224644102,0.0
983510,Botond Balogh,D,DEF,Serie A,24,1958.0,6.9,0.0,0.0416666666666666,0.125,0.1433,0.0110504337641528,42.55649064324686,0.1031420765027322,0.8787228900557987,3.2448283136467,1.224431818181818,1.5530955892860787,3.0,130.0,15.0,43.333333333333336,1.0,18.0,False,58.0,2.0,False,543727.0,Parma,Defensa central,Parma,2002.0,23.0,100.0,2400000.0,2300000.0,2400000.0,14.690979711984754,0.0
983540,Tiago Tomás,M,MID,Bundesliga,23,1696.0,6.839130434782609,0.2408449697744281,0.0,1.8755716026468,0.2858635773511138,0.074326174289909,21.367983463784874,1.0140249972052386,0.7058788665730249,5.117914819887789,0.3194444444444445,1.3433035504536013,12.0,181.0,34.0,15.083333333333334,2.0,35.0,False,39.0,4.0,False,616344.0,VfL Wolfsburgo,Extremo derecho,VfB Stuttgart,2002.0,23.0,100.0,12000000.0,14600000.0,12000000.0,16.300417291085605,0.0
983572,Destiny Udogie,D,DEF,Premier League,18,1450.0,7.0,0.0,0.0568181818181818,0.3901515151515151,0.09708125,0.0622030553449281,47.04055475900372,0.7819188735809728,0.8989129845238407,6.3808740684568015,0.9627200186143277,3.4554350381379315,19.0,464.0,60.0,24.42105263157895,5.0,183.0,False,108.0,5.0,False,556385.0,Tottenham Hotspur,Lateral izquierdo,Tottenham Hotspur,2002.0,23.0,100.0,40000000.0,33000000.0,40000000.0,17.50439003707821,0.0
983815,Yunus Musah,M,MID,Serie A,19,1348.0,6.7631578947368425,0.0,0.0526315789473684,0.8676467772586822,0.1960113370485515,0.067625224423058,37.157924202865374,1.0089436233144162,0.8856805982597644,4.221498102314894,0.3951771416311518,1.7284042578904752,6.0,102.0,17.0,17.0,4.0,49.0,False,32.0,3.0,False,503991.0,AC Milan,Mediocentro,AC Milan,2002.0,23.0,100.0,20000000.0,18600000.0,20000000.0,16.811242881518265,0.0
984014,Enzo Le Fée,M,MID,Serie A,4,280.0,6.85,0.0,0.0,0.25,0.0495,0.0452740765343694,62.49053450357941,0.3688524590163934,0.8407079462077279,4.163748944331752,1.6804798061516848,1.5345450168512276,5.0,130.0,20.0,26.0,3.0,96.0,False,48.0,4.0,False,633992.0,Sunderland AFC,Mediocentro,Sunderland AFC,2000.0,25.0,100.0,28000000.0,23000000.0,28000000.0,17.147715103853763,0.0
984184,Nicola Zalewski,M,MID,Serie A,12,783.0,6.933333333333334,0.1209677419354838,0.0,0.9003885023345051,0.0925473800947766,0.1603265798351673,38.06605090586422,1.5440493447907728,0.8470115178040616,4.515705384794178,0.5351545006717421,0.7887222454634603,7.0,78.0,16.0,11.142857142857142,3.0,32.0,False,23.0,4.0,False,550108.0,Inter de Milán,Interior izquierdo,Atalanta de Bérgamo,2002.0,23.0,100.0,12000000.0,13800000.0,12000000.0,16.300417291085605,0.0
993451,Cameron Archer,F,FWD,Premier League,16,1020.0,6.525,0.1720063025210084,0.0,1.9329049425121767,0.4913354646644832,0.0446447944537995,14.66977327943696,0.1601850058117009,0.8198482073482074,3.4589574137659307,0.1663405088062622,0.794716705982462,2.0,65.0,7.0,32.5,2.0,65.0,False,52.0,3.0,False,533662.0,Southampton FC,Delantero centro,Southampton FC,2001.0,24.0,100.0,12000000.0,10800000.0,12000000.0,16.300417291085605,0.0
994363,Bart Verbruggen,G,GK,Premier League,26,2340.0,6.926923076923076,0.0,0.0384615384615384,0.0,,0.0010363769230769,33.57692307692308,0.0384615384615384,0.7633625538100289,0.5,0.0,0.0,2.0,8.0,0.0,4.0,0.0,0.0,False,5.0,3.0,False,565093.0,Brighton & Hove Albion,Portero,Brighton & Hove Albion,2002.0,23.0,100.0,30000000.0,37000000.0,30000000.0,17.216707972959764,2.5
994546,Elliot Anderson,M,MID,Premier League,24,1830.0,7.095833333333334,0.0416666666666666,0.1775514981273408,1.3272672637426466,0.1069374889514047,0.1337618176897456,39.396838961671385,1.3335949156457918,0.804975184534887,7.740061498736445,0.9394612554363494,3.117544636060711,5.0,179.0,33.0,35.8,2.0,142.0,False,126.0,,False,567576.0,Nottingham Forest,Mediocentro,Manchester City,2002.0,23.0,100.0,32000000.0,54000000.0,32000000.0,17.281246492014,0.0
995316,Kilian Fischer,D,DEF,Bundesliga,28,2173.0,6.646428571428571,0.0357142857142857,0.0,0.2186552523631175,0.0673867166042447,0.040408429582744,38.66659451436395,0.516312195889345,0.8008813029254129,3.9365663645129954,0.6599828406123477,2.4975661067622963,12.0,778.0,53.0,64.83333333333333,2.0,126.0,True,250.0,2.0,False,435796.0,VfL Wolfsburgo,Lateral derecho,VfL Wolfsburgo,2000.0,25.0,100.0,6000000.0,5500000.0,6000000.0,15.607270193858982,0.0
996820,Kristjan Asllani,M,MID,Serie A,10,802.0,7.279999999999999,0.2,0.2,1.6518394324845935,0.2545463594280798,0.1362028412630496,81.0078903078903,1.3239257690870594,0.909741646775594,3.218795754279625,0.943843843843844,1.164864864864865,3.0,15.0,4.0,5.0,3.0,15.0,False,8.0,3.0,False,543771.0,Inter de Milán,Pivote,Inter de Milán,2002.0,23.0,100.0,13000000.0,13400000.0,13000000.0,16.380459992348886,0.0
996908,Pierre Ekwah,M,MID,Ligue 1,28,2467.0,6.957142857142857,0.0357142857142857,0.0,0.8728502637009861,0.0431838164479274,0.0553604908407683,55.80291738758833,0.5714285714285714,0.8760180248939793,5.216907089700028,1.6723541306205831,2.072293677430114,1.0,7.0,1.0,7.0,1.0,7.0,False,7.0,,False,538994.0,AS Saint-Étienne,Pivote,AS Saint-Étienne,2002.0,23.0,100.0,7000000.0,2900000.0,7000000.0,15.76142084987672,0.0
996911,Levi Colwill,D,DEF,Premier League,25,2249.0,6.92,0.04,0.04,0.36,0.086225,0.0414671842651685,77.43505617977529,0.48,0.9004578028017975,4.360898876404495,1.0413483146067417,1.28,8.0,453.0,41.0,56.625,4.0,92.0,False,261.0,4.0,False,614258.0,Chelsea FC,Defensa central,Chelsea FC,2003.0,22.0,100.0,55000000.0,55000000.0,55000000.0,17.822843761378564,0.0
996928,César Tárrega,D,DEF,La Liga,32,2880.0,6.93125,0.0625,0.0,0.65625,0.12839375,0.0072242925,50.625,0.09375,0.82526470016476,5.0,0.65625,1.53125,1.0,11.0,1.0,11.0,0.0,0.0,False,11.0,5.0,False,707274.0,Valencia CF,Defensa central,Valencia CF,2002.0,23.0,100.0,10000000.0,12400000.0,10000000.0,16.118095750958314,0.0
991478,Amine Adli,F,FWD,Bundesliga,12,635.0,6.933333333333334,0.1071428571428571,0.0,1.7786893985252037,0.2789033196676205,0.2017757188601511,34.19226236334287,1.3679292547142123,0.7867076061949367,7.333410718871524,0.0,2.1119115259740258,4.0,288.0,44.0,72.0,2.0,107.0,False,138.0,5.0,False,532776.0,Bayer 04 Leverkusen,Extremo izquierdo,AFC Bournemouth,2000.0,25.0,100.0,18000000.0,18100000.0,18000000.0,16.705882371415992,0.0
991479,Anthony Rouault,D,DEF,Bundesliga,24,2019.0,6.941666666666666,0.0416666666666666,0.0,0.5597031963470319,0.0992409464508094,0.0357821451063236,64.01425613252628,0.2583333333333333,0.9076794589238548,3.966539237549113,1.096344377190188,1.0283078475098226,6.0,183.0,24.0,30.5,4.0,93.0,False,79.0,4.0,False,690799.0,Stade Rennais FC,Defensa central,Stade Rennais FC,2001.0,24.0,100.0,10000000.0,9700000.0,10000000.0,16.118095750958314,0.0
991591,Karl Hein,G,GK,La Liga,31,2790.0,6.893548387096774,0.0,0.0,0.0,,0.0019003012903225,33.193548387096776,0.0,0.7053137183709701,0.2903225806451613,0.0,0.0,4.0,276.0,33.0,69.0,1.0,41.0,False,81.0,,False,493513.0,Real Valladolid CF,Portero,SV Werder Bremen,2002.0,23.0,100.0,3000000.0,2900000.0,3000000.0,14.914123179965662,3.096774193548387
991604,Fabio Carvalho,F,FWD,Premier League,3,245.0,7.066666666666666,0.0,0.3529411764705882,0.7639000805801773,0.0381386784850926,0.147666354508322,27.527911306232465,1.0425963488843817,0.7921522921522922,5.4775070160326775,0.6977687626774848,2.923337686515324,8.0,479.0,57.0,59.875,2.0,96.0,False,286.0,4.0,False,559263.0,Brentford FC,Mediocentro ofensivo,Brentford FC,2002.0,23.0,100.0,14000000.0,9700000.0,14000000.0,16.454567959008102,0.0
992026,Rassoul Ndiaye,M,MID,Ligue 1,12,788.0,6.858333333333333,0.1229508196721311,0.0,1.431310615714244,0.2962239516428777,0.0732603783444282,35.179877598614446,0.7073613562748319,0.7788200774463329,5.047901023764902,0.9048797819689676,2.8186777318909395,0.0,0.0,0.0,0.0,0.0,0.0,False,0.0,3.0,False,662242.0,Le Havre AC,Mediocentro,Le Havre AC,2001.0,24.0,100.0,2000000.0,7600000.0,2000000.0,14.508658238524095,0.0
992331,Iker Losada,M,MID,La Liga,11,579.0,6.672727272727273,0.1185770750988142,0.0,1.0771082503665506,0.4034294416173538,0.0973035439030233,32.06488222167644,1.1596432829522267,0.7513412223443571,1.9889052540531145,0.4429800834514985,1.229978821868382,0.0,0.0,0.0,0.0,0.0,0.0,False,0.0,4.0,False,632741.0,RC Celta de Vigo,Mediapunta,Real Betis Balompié,2001.0,24.0,100.0,1500000.0,1500000.0,1500000.0,14.220976332738882,0.0
992587,Pedri,M,MID,La Liga,34,2769.0,7.638235294117647,0.1294094450159037,0.1628429318785217,0.7576050210155297,0.1651425798075169,0.2644220737932604,84.37671996103076,2.37648594001303,0.8880276234841017,4.929928193595435,0.8765418187745561,1.863254384290852,14.0,561.0,102.0,40.07142857142857,5.0,176.0,False,103.0,5.0,False,683840.0,FC Barcelona,Mediocentro,FC Barcelona,2002.0,23.0,100.0,140000000.0,164000000.0,140000000.0,18.757152987716434,0.0
993439,Harry Clarke,D,DEF,Premier League,4,339.0,6.35,0.0,0.0,0.25,0.081,0.0175101190217391,43.75,0.25,0.8100351867335563,3.978260869565217,1.0760869565217392,1.4021739130434785,3.0,159.0,29.0,53.0,1.0,46.0,False,73.0,2.0,False,528892.0,Ipswich Town,Lateral derecho,Ipswich Town,2001.0,24.0,100.0,4500000.0,3900000.0,4500000.0,15.319588176962746,0.0
990169,Johnny Cardoso,M,MID,La Liga,25,2108.0,6.98,0.12,0.0654545454545454,0.6951486697965571,0.1770107554417413,0.0369347022542948,46.67646792956653,0.4545454545454545,0.8474471041527203,5.986734024973462,1.9828098974577848,2.4224990971469844,10.0,255.0,37.0,25.5,5.0,99.0,False,80.0,5.0,False,689505.0,Real Betis Balompié,Mediocentro,Atlético de Madrid,2001.0,24.0,100.0,25000000.0,21000000.0,25000000.0,17.034386422832473,0.0
990201,Jamie Leweling,M,MID,Bundesliga,21,1562.0,6.904761904761905,0.1060691510129712,0.0974529346622369,1.5350498843030642,0.1140735745477431,0.1801858910020753,26.8084508971567,1.1707827085550442,0.7573722154337779,4.918967757046703,0.6425370883835032,0.8725647626111104,8.0,178.0,25.0,22.25,3.0,63.0,False,50.0,4.0,False,518505.0,VfB Stuttgart,Extremo derecho,VfB Stuttgart,2001.0,24.0,100.0,20000000.0,37000000.0,20000000.0,16.811242881518265,0.0
990209,Yannik Engelhardt,M,MID,Serie A,13,1033.0,6.946153846153846,0.0769230769230769,0.0,0.5240384615384616,0.0563525,0.0618457893335976,50.28544409484799,0.776735459662289,0.8913037703457062,4.62204823351296,0.7593848788198104,2.267214120420124,1.0,191.0,26.0,191.0,0.0,0.0,False,191.0,,False,405670.0,Como 1907,Pivote,SC Friburgo,2001.0,24.0,100.0,6000000.0,5600000.0,6000000.0,15.607270193858982,0.0
990227,Aimen Moueffek,M,MID,Ligue 1,14,892.0,6.65,0.0,0.1036866359447004,0.7997518504500735,0.1061585702694094,0.0959707731028576,33.490170843839515,0.7644548793696208,0.8624231798115757,3.6199963002713846,0.4334393282889984,1.386262795852829,12.0,257.0,30.0,21.416666666666668,5.0,102.0,False,40.0,3.0,False,484992.0,AS Saint-Étienne,Mediocentro,AS Saint-Étienne,2001.0,24.0,100.0,2500000.0,2200000.0,2500000.0,14.731801689838347,0.0
990659,Jesús Owono,G,GK,La Liga,6,486.0,6.616666666666666,0.0,0.0,0.0,,0.0025224616666666,27.5,0.0,0.583348522822207,0.9166666666666666,0.0,0.1666666666666666,1.0,34.0,5.0,34.0,1.0,34.0,False,34.0,4.0,False,631693.0,Deportivo Alavés,Portero,Deportivo Alavés,2001.0,24.0,100.0,900000.0,935000.0,900000.0,13.71015115341694,1.2962962962962963
990743,Morgan Guilavogui,F,FWD,Bundesliga,21,1647.0,7.042857142857143,0.3010167929911108,0.0991745012611786,1.893513943053304,0.4187428871266794,0.1576727137195582,24.733252317961583,1.419074801617431,0.6811824673774487,7.459097772329438,0.648280405250895,1.56681796521686,3.0,72.0,9.0,24.0,2.0,66.0,False,59.0,4.0,False,691786.0,FC St. Pauli,Extremo derecho,Real Salt Lake City,1998.0,27.0,100.0,4000000.0,4099999.0,4000000.0,15.201805169084134,0.0
990821,Jacob Greaves,D,DEF,Premier League,18,1620.0,6.838888888888889,0.0555555555555555,0.0,0.4444444444444444,0.1775857142857143,0.0087651277777777,45.27777777777778,0.1111111111111111,0.8592507084801918,5.222222222222222,0.9444444444444444,1.5,1.0,65.0,8.0,65.0,1.0,65.0,False,65.0,4.0,False,693095.0,Ipswich Town,Defensa central,Ipswich Town,2000.0,25.0,100.0,18000000.0,13400000.0,18000000.0,16.705882371415992,0.0
991011,Jude Bellingham,M,MID,La Liga,28,2351.0,7.457142857142857,0.3467818783816522,0.3098360655737705,2.157716898610993,0.5058448402352803,0.1673280494389348,55.02390306503133,1.5512750834638642,0.8821955621732663,6.6646484948640445,0.8690716583828727,2.126994825783288,8.0,193.0,31.0,24.125,3.0,64.0,False,63.0,4.0,False,581678.0,Real Madrid CF,Mediocentro ofensivo,Real Madrid CF,2003.0,22.0,100.0,180000000.0,132000000.0,180000000.0,19.00846741441004,0.0
989056,Giovanni Reyna,M,MID,Bundesliga,4,252.0,6.975,1.0180142438206956,0.0,1.7438206954335986,0.1789819857561793,0.2119331383544311,35.80936434968693,0.7258064516129032,0.8118729096989967,4.695093920900373,0.0,1.2683397683397684,20.0,568.0,98.0,28.4,2.0,80.0,False,90.0,3.0,False,504215.0,Borussia Dortmund,Mediocentro ofensivo,Borussia Mönchengladbach,2002.0,23.0,100.0,7000000.0,4300000.0,7000000.0,15.76142084987672,0.0
989113,Rodrigo Riquelme,M,MID,La Liga,6,353.0,6.95,0.0,0.0,2.384017283812786,0.1784327457817267,0.1802380596575187,41.431657823711824,2.500487190763208,0.8873900201106083,5.096205539588164,0.6505376344086021,2.1871949384805367,1.0,15.0,4.0,15.0,0.0,0.0,False,15.0,5.0,False,461617.0,Atlético de Madrid,Extremo izquierdo,Real Betis Balompié,2000.0,25.0,100.0,12000000.0,8600000.0,12000000.0,16.300417291085605,0.0
989168,Erencan Yardımcı,F,FWD,Bundesliga,4,261.0,6.575,0.0,0.0,2.052955665024631,0.3690806239737274,0.0089180416194581,14.076354679802956,0.0,0.707051282051282,6.908251231527093,0.5,1.5264778325123154,10.0,107.0,19.0,10.7,6.0,44.0,False,29.0,2.0,False,618898.0,TSG 1899 Hoffenheim,Delantero centro,1.FC Kaiserslautern,2002.0,23.0,100.0,2500000.0,1800000.0,2500000.0,14.731801689838347,0.0
989186,Ignace Van der Brempt,D,DEF,Serie A,14,1148.0,6.957142857142857,0.0,0.0714285714285714,0.4425320328934787,0.0592999330655957,0.0345545265867861,38.91854454600327,0.7222222222222222,0.8178355457749255,5.6597267980864086,0.7936507936507936,2.8639656665879203,10.0,284.0,34.0,28.4,7.0,182.0,False,47.0,3.0,False,490423.0,Como 1907,Lateral derecho,Como 1907,2002.0,23.0,100.0,4000000.0,3200000.0,4000000.0,15.201805169084134,0.0
989371,Aster Vranckx,M,MID,Bundesliga,6,452.0,6.716666666666666,0.0,0.0,0.0,,0.0611090509818104,32.121813282274935,0.0,0.8285807009387293,4.021593447505585,1.3565400843881854,1.556217423678332,10.0,304.0,29.0,30.4,3.0,143.0,False,80.0,4.0,False,503881.0,VfL Wolfsburgo,Mediocentro,VfL Wolfsburgo,2002.0,23.0,100.0,7000000.0,7300000.0,7000000.0,15.76142084987672,0.0
989768,Nuno Mendes,D,DEF,Ligue 1,17,1409.0,7.452941176470588,0.0588235294117647,0.1764705882352941,1.1371645432366493,0.2179955760368663,0.2313642021016874,68.73552283816753,1.7492545405258877,0.8883225645600681,4.983982786663052,1.1206831119544591,1.6773956356736244,20.0,532.0,79.0,26.6,4.0,21.0,False,288.0,4.0,False,616341.0,París Saint-Germain FC,Lateral izquierdo,París Saint-Germain FC,2002.0,23.0,100.0,70000000.0,72000000.0,70000000.0,18.064005814299342,0.0
989894,Woyo Coulibaly,D,DEF,Serie A,15,1160.0,6.613333333333333,0.0,0.1333333333333333,0.5332249909714698,0.0753400866738894,0.0910837522300853,41.9078913195485,0.6665583243048032,0.8832488826701334,3.6315883297603406,0.9829787234042552,1.449645390070922,2.0,18.0,2.0,9.0,1.0,4.0,False,14.0,4.0,False,592975.0,Leicester City,Lateral derecho,Leicester City,1999.0,26.0,100.0,2000000.0,2200000.0,2000000.0,14.508658238524095,0.0
989899,Zinédine Ould Khaled,M,MID,Ligue 1,4,238.0,6.4,0.0,0.0,0.3629032258064516,0.0344032258064516,0.0064536948913043,31.99263674614306,0.0,0.9242581742581742,2.740883590462833,0.3629032258064516,1.5518934081346425,1.0,160.0,15.0,160.0,0.0,0.0,False,160.0,2.0,False,650104.0,Angers SCO,Pivote,Sabah FK,2000.0,25.0,100.0,400000.0,380000.0,400000.0,12.899222326086994,0.0
1001828,Koni De Winter,D,DEF,Serie A,23,2035.0,6.821739130434783,0.1304347826086956,0.0,0.5652173913043478,0.2316222222222222,0.0068234076679841,52.47826086956522,0.1304347826086956,0.8565612163921029,5.316205533596838,1.0434782608695652,1.3478260869565215,11.0,261.0,61.0,23.727272727272727,4.0,98.0,False,73.0,5.0,False,490384.0,Génova,Defensa central,AC Milan,2002.0,23.0,100.0,22000000.0,19400000.0,22000000.0,16.906553056777135,0.0
1001858,Soumaila Coulibaly,D,DEF,Ligue 1,5,348.0,6.7,0.0,0.0,0.8,0.0460999999999999,0.0098938394545454,65.67272727272727,0.0,0.8714218040978604,2.0,1.3454545454545457,0.8,13.0,612.0,71.0,47.07692307692308,4.0,209.0,False,243.0,4.0,False,659513.0,Borussia Dortmund,Defensa central,Racing Club de Estrasburgo,2003.0,22.0,100.0,8000000.0,7400000.0,8000000.0,15.894952224644102,0.0
1001967,Hugo Novoa,D,DEF,La Liga,3,212.0,6.5,0.0,0.0,0.9375,1.3685625,0.0786245083333333,19.5,0.3333333333333333,0.8287037037037037,5.208333333333333,0.0,2.6666666666666665,6.0,165.0,20.0,27.5,4.0,137.0,False,56.0,4.0,False,668276.0,Deportivo Alavés,Lateral derecho,Deportivo Alavés,2003.0,22.0,100.0,1500000.0,910000.0,1500000.0,14.220976332738882,0.0
1001997,Răzvan Sava,G,GK,Serie A,12,1080.0,7.016666666666667,0.0,0.0,0.0,,0.0014551408333333,30.5,0.0,0.6942229258321212,0.0833333333333333,0.0,0.0,1.0,41.0,9.0,41.0,1.0,41.0,False,41.0,5.0,False,568617.0,Udinese,Portero,CS Universitatea Craiova,2002.0,23.0,100.0,2500000.0,2700000.0,2500000.0,14.731801689838347,3.166666666666667
1002033,Guéla Doué,D,DEF,Ligue 1,29,2585.0,7.017241379310345,0.0344827586206896,0.0689655172413793,0.5994694960212201,0.0952230769230769,0.0302982762334217,58.10875331564987,0.3448275862068966,0.8598167202642614,5.541114058355437,1.137931034482759,2.1856763925729443,4.0,59.0,14.0,14.75,1.0,3.0,False,30.0,4.0,False,711980.0,Racing Club de Estrasburgo,Lateral derecho,Racing Club de Estrasburgo,2002.0,23.0,100.0,18000000.0,18800000.0,18000000.0,16.705882371415992,0.0
1002045,Danilo Veiga,D,DEF,Serie A,4,245.0,6.475,0.0,0.0,1.4740259740259742,0.1144883116883116,0.0160157873376623,29.987012987012985,1.431818181818182,0.6828216374269006,6.048701298701299,0.5422077922077922,1.5844155844155845,2.0,12.0,2.0,6.0,0.0,0.0,False,8.0,2.0,False,728485.0,US Lecce,Lateral derecho,US Lecce,2002.0,23.0,100.0,1000000.0,1900000.0,1000000.0,13.815511557963774,0.0
1002347,Alejandro Francés,D,DEF,La Liga,15,1157.0,6.8933333333333335,0.0,0.0,0.405419695968275,0.0420860145406477,0.0375508601097577,52.1323702914429,0.3657763860747836,0.8444911497259789,4.822493369196535,1.2635380662672142,2.8366025784540083,2.0,71.0,9.0,35.5,1.0,23.0,False,48.0,4.0,False,632896.0,Girona FC,Defensa central,Girona FC,2002.0,23.0,100.0,2000000.0,2800000.0,2000000.0,14.508658238524095,0.0
1002447,Hamzat Ojediran,M,MID,Ligue 1,5,255.0,6.840000000000001,0.0,0.0,1.053409090909091,0.0802103084415584,0.0577374248184083,56.75168000604047,0.2337662337662338,0.8062507507507508,8.579583207490185,3.041169586227726,4.575294472968891,1.0,21.0,2.0,21.0,1.0,21.0,False,21.0,4.0,False,718312.0,RC Lens,Pivote,Colorado Rapids,2003.0,22.0,100.0,1800000.0,920000.0,1800000.0,14.403297778421797,0.0
999028,Adrien Truffert,M,MID,Ligue 1,30,2634.0,7.036666666666666,0.0666666666666666,0.0666666666666666,0.7360941142191142,0.141243969988345,0.1321675141303719,39.8891840575199,1.3542824074074074,0.8415326019577246,4.464624367711718,0.9092948717948718,1.9947361025297767,4.0,131.0,16.0,32.75,1.0,16.0,False,88.0,5.0,False,654539.0,Stade Rennais FC,Lateral izquierdo,AFC Bournemouth,2001.0,24.0,100.0,15000000.0,23000000.0,15000000.0,16.52356082573315,0.0
999070,Matthis Abline,F,FWD,Ligue 1,31,2585.0,6.970967741935484,0.3213589644452539,0.064516129032258,2.5230594906431554,0.3033800499430456,0.1064379328261352,15.961196946708265,0.8345578801359882,0.6844569054527088,5.384961950773791,0.1479418496531006,0.401340594888982,0.0,0.0,0.0,0.0,0.0,0.0,False,0.0,3.0,False,659543.0,FC Nantes,Delantero centro,FC Nantes,2003.0,22.0,100.0,18000000.0,21000000.0,18000000.0,16.705882371415992,0.0
999231,Evan Ferguson,F,FWD,Premier League,3,175.0,6.833333333333333,0.0,0.0,2.1904761904761902,0.2085928571428571,0.2404695564285714,16.571428571428573,1.0952380952380951,0.7245370370370371,5.261904761904762,0.0,1.1666666666666667,7.0,392.0,52.0,56.0,3.0,204.0,False,147.0,4.0,False,648046.0,West Ham United,Delantero centro,Brighton & Hove Albion,2004.0,21.0,100.0,25000000.0,27000000.0,25000000.0,17.034386422832473,0.0
1000150,Zito Luvumbo,F,FWD,Serie A,22,1460.0,6.75,0.185064935064935,0.1053279118966526,1.452284512163345,0.1784634178741559,0.1320564552387529,13.160464050656984,1.055954193669132,0.7195730294660776,5.239301553699767,0.2450880437461546,0.5794489302656013,9.0,275.0,32.0,30.55555555555556,6.0,118.0,False,115.0,2.0,False,666547.0,Cagliari,Extremo derecho,RCD Mallorca,2002.0,23.0,100.0,5000000.0,3600000.0,5000000.0,15.424948670398354,0.0
1000366,Warren Bondo,M,MID,Serie A,22,1766.0,6.695454545454546,0.0,0.0,0.6732316209930226,0.0421866915259379,0.0333379842596072,34.347375082830055,0.3181818181818182,0.8795526224122511,5.262564137933775,0.2272727272727272,1.9215929700022516,5.0,91.0,15.0,18.2,2.0,43.0,False,26.0,4.0,False,659516.0,AC Milan,Mediocentro,AC Milan,2003.0,22.0,100.0,10000000.0,7200000.0,10000000.0,16.118095750958314,0.0
1000442,Yassine Kechta,M,MID,Ligue 1,25,2001.0,6.808,0.1006944444444444,0.0,1.21824654644714,0.1910615148855599,0.0573492809583408,29.4953256162928,0.6131584876706702,0.8152985951428009,4.872054377421853,1.1094586700952749,2.4227366470312472,3.0,112.0,11.0,37.333333333333336,1.0,9.0,False,90.0,5.0,False,667967.0,Le Havre AC,Mediocentro,CD Leganés,2002.0,23.0,100.0,5000000.0,4800000.0,5000000.0,15.424948670398354,0.0
1000483,Marc Casadó,M,MID,La Liga,21,1594.0,7.080952380952381,0.0476190476190476,0.1900837257980115,0.6236933797909407,0.115730352303523,0.1031209232967245,75.742089857747,0.4757980115122971,0.8979883267312694,5.193792149229773,1.3528695930348174,2.5701867628657475,2.0,70.0,13.0,35.0,1.0,56.0,False,56.0,3.0,False,636695.0,FC Barcelona,Pivote,FC Barcelona,2003.0,22.0,100.0,30000000.0,24000000.0,30000000.0,17.216707972959764,0.0
1001458,Issa Soumaré,M,MID,Ligue 1,21,1708.0,7.085714285714286,0.2475268588448037,0.2060204363435515,2.1218103906339736,0.1749259861853386,0.0914860328122637,22.936352483812925,1.263656785488579,0.6461750323428976,8.687209861223087,0.829872576740077,0.9684430734319044,2.0,47.0,5.0,23.5,2.0,47.0,False,38.0,5.0,False,568698.0,Le Havre AC,Extremo izquierdo,Stade Rennais FC,2000.0,25.0,100.0,2000000.0,5200000.0,2000000.0,14.508658238524095,0.0
997087,Liam Delap,F,FWD,Premier League,26,2096.0,6.865384615384615,0.3716383801584154,0.0883442400296332,2.2381596299954967,0.4146279620727042,0.0546638406535834,11.26091298581824,0.8117273703404744,0.6139427879812496,5.153860551343418,0.0998789346246973,0.3781286812589238,4.0,175.0,33.0,43.75,1.0,92.0,False,92.0,6.0,False,610849.0,Chelsea FC,Delantero centro,Chelsea FC,2003.0,22.0,100.0,40000000.0,30000000.0,40000000.0,17.50439003707821,0.0
997103,Radu Drăguşin,D,DEF,Premier League,14,1152.0,6.7,0.0,0.0,0.3571428571428571,0.031025,0.0108526166059113,58.885221674876846,0.2881773399014778,0.8353886226197041,3.778817733990148,1.0192118226600986,0.5857142857142856,4.0,357.0,69.0,89.25,1.0,320.0,True,320.0,2.0,False,568559.0,Tottenham Hotspur,Defensa central,Fiorentina,2002.0,23.0,100.0,25000000.0,18500000.0,25000000.0,17.034386422832473,0.0
997183,Xavi Simons,M,MID,Bundesliga,25,2157.0,7.58,0.4399195575666164,0.298989898989899,2.107449777604576,0.2484140652776875,0.247409114136627,46.19383222556598,2.125523898186437,0.8282158180791886,5.656245402344474,0.5203327391562685,1.174953993375046,2.0,372.0,19.0,186.0,1.0,70.0,False,302.0,5.0,False,566931.0,RB Leipzig,Mediocentro ofensivo,Tottenham Hotspur,2003.0,22.0,100.0,70000000.0,54000000.0,70000000.0,18.064005814299342,0.0
997830,Jakub Stolarczyk,G,GK,Premier League,6,540.0,6.916666666666667,0.0,0.0,0.0,,0.0018758216666666,33.5,0.0,0.6436336336336336,0.8333333333333334,0.0,0.3333333333333333,1.0,140.0,18.0,140.0,1.0,140.0,False,140.0,2.0,False,486144.0,Leicester City,Portero,Leicester City,2000.0,25.0,100.0,1000000.0,1700000.0,1000000.0,13.815511557963774,2.833333333333333
998247,Micky van de Ven,D,DEF,Premier League,9,790.0,6.9,0.0,0.2345679012345679,0.5957180809501484,0.0971579817158931,0.0829370471401781,72.93358337240194,0.2345679012345679,0.9019752075577824,3.8055946241600247,1.0,0.9043600562587906,13.0,403.0,71.0,31.0,6.0,210.0,False,77.0,4.0,False,557459.0,Tottenham Hotspur,Defensa central,Tottenham Hotspur,2001.0,24.0,100.0,50000000.0,63000000.0,50000000.0,17.72753358339242,0.0
998253,Jake O'Brien,D,DEF,Premier League,7,628.0,7.1000000000000005,0.1428571428571428,0.0,0.1428571428571428,0.2439,0.0194175385064935,35.383116883116884,0.4318181818181817,0.7605667246220242,5.003246753246754,0.4285714285714285,1.2857142857142858,0.0,0.0,0.0,0.0,0.0,0.0,False,0.0,3.0,False,711544.0,Everton FC,Lateral derecho,Everton FC,2001.0,24.0,100.0,18000000.0,16500000.0,18000000.0,16.705882371415992,0.0
998490,Evanilson,F,FWD,Premier League,16,1244.0,7.075,0.2772261034857312,0.0,2.666869675973775,0.4217032931747647,0.0903116265507873,12.624995113941948,0.990986992961503,0.6744982040018804,4.873849437363518,0.0,0.5834250084504903,10.0,213.0,33.0,21.3,3.0,93.0,False,48.0,4.0,False,711337.0,AFC Bournemouth,Delantero centro,AFC Bournemouth,1999.0,26.0,100.0,35000000.0,33000000.0,35000000.0,17.370858648025116,0.0
996929,Jesús Vázquez,D,DEF,La Liga,12,842.0,6.691666666666666,0.0,0.0,0.3342696629213483,0.0382480337078651,0.0423974338611897,31.204431383718145,0.108695652173913,0.7536378108152301,5.668057750617595,0.8693693693693693,2.047857563245936,2.0,63.0,8.0,31.5,2.0,63.0,False,32.0,3.0,False,623024.0,Valencia CF,Lateral izquierdo,Valencia CF,2003.0,22.0,100.0,3000000.0,3200000.0,3000000.0,14.914123179965662,0.0
996951,Sinaly Diomandé,D,DEF,Ligue 1,21,1831.0,6.919047619047619,0.1428571428571428,0.0952380952380952,0.43734335839599,0.2719247368421053,0.0129735149122807,44.333333333333336,0.1904761904761904,0.8395821173283571,4.243107769423559,1.3984962406015038,1.7969924812030076,6.0,236.0,41.0,39.333333333333336,1.0,16.0,False,85.0,2.0,False,702441.0,AJ Auxerre,Defensa central,AJ Auxerre,2001.0,24.0,100.0,5000000.0,5500000.0,5000000.0,15.424948670398354,0.0
996952,Bradley Barcola,F,FWD,Ligue 1,28,2035.0,7.367857142857143,0.6225997255156,0.4119544689654263,2.9694710001240536,0.6458369727038666,0.2548836986930464,35.80255056051293,2.0887889493822733,0.8396123048674073,3.92000685186857,0.764494822673624,1.15329471435189,5.0,78.0,12.0,15.6,2.0,40.0,False,27.0,3.0,False,708265.0,París Saint-Germain FC,Extremo izquierdo,París Saint-Germain FC,2002.0,23.0,100.0,70000000.0,68000000.0,70000000.0,18.064005814299342,0.0
996953,Lucas Chevalier,G,GK,Ligue 1,33,2970.0,7.06969696969697,0.0,0.0,0.0,,0.006438463030303,27.151515151515152,0.0909090909090909,0.7740905884550022,0.4848484848484848,0.0,0.0909090909090909,5.0,104.0,16.0,20.8,1.0,3.0,False,60.0,5.0,False,463600.0,LOSC Lille,Portero,París Saint-Germain FC,2001.0,24.0,100.0,30000000.0,31000000.0,30000000.0,17.216707972959764,2.757575757575758
996958,Malo Gusto,D,DEF,Premier League,18,1469.0,6.855555555555556,0.0,0.0555555555555555,1.1949388412803046,0.1747534901881243,0.0757379363842829,57.088416746953335,0.8185324160933917,0.8840549133340735,3.4610426561646075,1.1029021516826394,2.278115826896314,16.0,237.0,48.0,14.8125,9.0,107.0,False,68.0,5.0,False,620322.0,Chelsea FC,Lateral derecho,Chelsea FC,2003.0,22.0,100.0,35000000.0,36000000.0,35000000.0,17.370858648025116,0.0
997012,Ansgar Knauff,F,FWD,Bundesliga,20,1389.0,7.154999999999999,0.220561797752809,0.2801923076923077,2.1643865798649404,0.3818749268366509,0.2466308656264037,27.49847202245048,1.5630970843146814,0.6486051623323925,6.690276339256558,0.8195521165120251,2.210801263582138,9.0,183.0,21.0,20.33333333333333,2.0,23.0,False,64.0,3.0,False,429874.0,Eintracht Fráncfort​​,Extremo derecho,Eintracht Fráncfort​​,2002.0,23.0,100.0,15000000.0,15500000.0,15000000.0,16.52356082573315,0.0
997033,Peque Fernández,M,MID,La Liga,14,991.0,6.728571428571429,0.0793650793650793,0.0,1.4755111577638993,0.2981282505665376,0.0627991099643132,24.24395614173368,0.9134638144535716,0.8135056216802702,4.774286557205977,0.7568279261226544,1.4048434613972998,5.0,199.0,24.0,39.8,0.0,0.0,False,75.0,3.0,False,639733.0,Sevilla FC,Mediapunta,Sevilla FC,2002.0,23.0,100.0,3500000.0,3800000.0,3500000.0,15.068273812173889,0.0
997035,Alejandro Balde,D,DEF,La Liga,27,2129.0,6.944444444444445,0.0,0.1296296296296296,0.4449375785972171,0.0558571159638554,0.0922860256840364,50.18283043357657,0.9934056343858408,0.9075026276533054,4.376427697577439,0.2006476279650437,0.708986779601999,12.0,506.0,73.0,42.16666666666666,4.0,225.0,False,182.0,3.0,False,636688.0,FC Barcelona,Lateral izquierdo,FC Barcelona,2003.0,22.0,100.0,60000000.0,66000000.0,60000000.0,17.909855136853043,0.0
1009661,Oier Zarraga,M,MID,Serie A,13,767.0,6.715384615384616,0.0887573964497041,0.0,0.6019007551567064,0.0991301987015541,0.0380151698562353,24.711082406793032,0.623907649153091,0.8614041101914812,3.09073470760201,0.2426035502958579,1.8603488330765947,3.0,78.0,12.0,26.0,1.0,53.0,False,53.0,2.0,False,524010.0,Udinese,Mediocentro,Udinese,1999.0,26.0,100.0,2000000.0,1700000.0,2000000.0,14.508658238524095,0.0
1009920,Welington,M,MID,Premier League,3,171.0,6.866666666666667,0.0,0.0,0.6666666666666666,0.0188,0.0541028125925925,23.40740740740741,0.7407407407407408,0.8291666666666666,9.037037037037036,1.4074074074074074,4.888888888888888,7.0,309.0,49.0,44.142857142857146,2.0,72.0,False,109.0,4.0,False,729264.0,Southampton FC,Lateral izquierdo,Southampton FC,2001.0,24.0,100.0,3000000.0,2900000.0,3000000.0,14.914123179965662,0.0
1010165,Abel Bretones,D,DEF,La Liga,27,1953.0,6.8,0.037037037037037,0.0,0.5450268817204301,0.0701826164874552,0.0705757868780047,36.38503090715599,0.7161417661973836,0.7622428981848479,6.037978174465657,0.6098633239276401,2.827062943933593,0.0,0.0,0.0,0.0,0.0,0.0,False,0.0,4.0,False,658115.0,CA Osasuna,Lateral izquierdo,CA Osasuna,2000.0,25.0,100.0,4000000.0,3900000.0,4000000.0,15.201805169084134,0.0
1010220,Nicolò Savona,D,DEF,Serie A,22,1630.0,6.836363636363637,0.1042650531286895,0.057618437900128,0.3250442739079103,0.1361521103896104,0.0375802397058677,48.80470872629643,0.8777691344412585,0.8963634001168873,2.543373318293582,0.4800653092106357,1.4441326122074267,8.0,432.0,49.0,54.0,5.0,122.0,True,150.0,5.0,False,708072.0,Juventus de Turín,Lateral derecho,Nottingham Forest,2003.0,22.0,100.0,12000000.0,17500000.0,12000000.0,16.300417291085605,0.0
1010223,Fabio Miretti,M,MID,Serie A,23,1648.0,6.852173913043478,0.1462588313065513,0.0955680015539512,1.1661117820214837,0.2726730942838115,0.0838190239075563,25.807460125333943,1.168949528126228,0.7783343065162637,6.206407345831933,0.3559734079285659,1.5029399258030085,9.0,257.0,32.0,28.55555555555556,5.0,141.0,True,71.0,3.0,False,571607.0,Génova,Mediocentro,Juventus de Turín,2003.0,22.0,100.0,14000000.0,15500000.0,14000000.0,16.454567959008102,0.0
1010231,Jamal Musiala,M,MID,Bundesliga,21,1665.0,7.666666666666667,0.8013105048849906,0.1178766588602654,3.0747308556444,0.5270877517748802,0.3002938911742078,44.93366190382224,1.934684951783047,0.8374428697060138,7.9590307581154995,0.430855475799296,1.6402184276559368,22.0,461.0,76.0,20.954545454545453,9.0,169.0,False,174.0,5.0,False,580195.0,Bayern Múnich,Mediocentro ofensivo,Bayern Múnich,2003.0,22.0,100.0,140000000.0,126000000.0,140000000.0,18.757152987716434,0.0
1010335,Víctor Meseguer,M,MID,La Liga,5,271.0,6.62,0.0,0.0,0.9050847457627118,0.1046745762711864,0.0306992671631355,42.419279661016944,0.4,0.750937019969278,5.460169491525424,0.0,2.1726694915254234,0.0,0.0,0.0,0.0,0.0,0.0,False,0.0,4.0,False,658269.0,Real Valladolid CF,Mediocentro,Real Valladolid CF,1999.0,26.0,100.0,1500000.0,1400000.0,1500000.0,14.220976332738882,0.0
1010383,Jon Ander Olasagasti,M,MID,La Liga,10,627.0,6.8,0.2,0.0,1.4245980889364436,0.1503973804274665,0.0756287240805413,38.90369215209106,0.354553468864371,0.7893981165033797,4.246788905269819,2.0259944757572024,2.1992489812004115,0.0,0.0,0.0,0.0,0.0,0.0,False,0.0,3.0,False,625660.0,Real Sociedad,Mediocentro,Levante UD,2000.0,25.0,100.0,4000000.0,1900000.0,4000000.0,15.201805169084134,0.0
1006189,Issa Kaboré,M,MID,Bundesliga,4,227.0,6.975,0.0,0.3214285714285714,2.3945993031358883,0.2073769163763066,0.1624588813327526,35.23780487804878,2.3702090592334493,0.8232142857142857,8.398083623693381,0.8214285714285714,1.5130662020905925,3.0,41.0,6.0,13.666666666666666,1.0,5.0,False,31.0,2.0,False,649452.0,SV Werder Bremen,Lateral derecho,Manchester City,2001.0,24.0,100.0,4000000.0,4099999.0,4000000.0,15.201805169084134,0.0
1006387,Kevin Schade,M,MID,Premier League,17,1299.0,7.082352941176471,0.4258636788048552,0.0756302521008403,2.098376095333499,0.4176944703799876,0.0586694407050459,17.310103876710045,0.8365226792471375,0.628712068299575,7.156101303373642,0.2704014939309057,1.598192788904863,4.0,466.0,80.0,116.5,1.0,201.0,False,201.0,3.0,False,473050.0,Brentford FC,Extremo izquierdo,Brentford FC,2001.0,24.0,100.0,30000000.0,36000000.0,30000000.0,17.216707972959764,0.0
1006486,Yvann Maçon,D,DEF,Ligue 1,10,749.0,6.6,0.0,0.0,1.1336970041475785,0.0475467723358203,0.0326265325315355,42.4017048825506,0.7142118740941699,0.7731995971176013,5.014949679723008,0.2022471910112359,2.3976712406487524,6.0,401.0,54.0,66.83333333333333,2.0,119.0,False,183.0,,True,580747.0,AS Saint-Étienne,Lateral derecho,Sin equipo,1998.0,27.0,100.0,1800000.0,1000000.0,1800000.0,14.403297778421797,0.0
1006489,Loïc Badé,D,DEF,La Liga,30,2655.0,6.96,0.0333333333333333,0.0333333333333333,0.4333333333333333,0.078575,0.0073659546666666,59.86666666666667,0.1333333333333333,0.8632819494815718,4.566666666666666,0.9333333333333332,1.5666666666666669,10.0,272.0,46.0,27.2,4.0,74.0,False,84.0,5.0,False,730581.0,Sevilla FC,Defensa central,Bayer 04 Leverkusen,2000.0,25.0,100.0,25000000.0,24000000.0,25000000.0,17.034386422832473,0.0
1008402,Conor Bradley,D,DEF,Premier League,3,185.0,6.633333333333333,0.0,0.0,1.0,0.1732,0.0232665589743589,56.61538461538461,0.0,0.8291442892946653,2.7179487179487176,1.0,1.1282051282051282,9.0,496.0,83.0,55.11111111111112,6.0,253.0,False,201.0,4.0,False,624258.0,Liverpool FC,Lateral derecho,Liverpool FC,2003.0,22.0,100.0,30000000.0,33000000.0,30000000.0,17.216707972959764,0.0
1009268,Mattia Viti,D,DEF,Serie A,29,2548.0,6.879310344827586,0.0344827586206896,0.0,0.3793103448275862,0.07686,0.0075088402403805,40.65664187018894,0.1724137931034483,0.7933073717702493,5.658155592922865,1.642732431252728,2.2501087421409283,15.0,252.0,26.0,16.8,8.0,160.0,False,45.0,2.0,False,493702.0,Empoli FC,Defensa central,OGC Niza,2002.0,23.0,100.0,5500000.0,4200000.0,5500000.0,15.520258832020865,0.0
1009334,Lorenz Assignon,M,MID,Ligue 1,27,2248.0,6.896296296296296,0.1185185185185185,0.1507936507936507,0.7823642790646061,0.131004664048539,0.1366105471554107,38.381071272084014,1.1579770122068025,0.8002222824522086,5.3083100276911255,1.0243531531627297,1.8740999047365192,7.0,201.0,20.0,28.714285714285715,0.0,0.0,False,70.0,4.0,False,711969.0,Stade Rennais FC,Lateral derecho,VfB Stuttgart,2000.0,25.0,100.0,9000000.0,11600000.0,9000000.0,16.012735246411598,0.0
1009372,Georges Mikautadze,F,FWD,Ligue 1,14,1131.0,7.042857142857143,0.6427320672906548,0.1436597110754414,3.0855351947788807,0.6703582930512556,0.1440334164926617,24.164412649279715,0.9203969983277326,0.7868910715228142,3.3378673819508013,0.231722333384639,0.3982971638870228,5.0,42.0,8.0,8.4,1.0,4.0,False,14.0,6.0,False,729814.0,Olympique de Lyon,Delantero centro,Villarreal CF,2000.0,25.0,100.0,22000000.0,30000000.0,22000000.0,16.906553056777135,0.0
1003339,Jarell Quansah,D,DEF,Premier League,4,233.0,7.0,0.0,0.0,0.0,,0.0378313696226415,61.10377358490566,0.0,0.9395604395604396,4.599056603773585,1.75,2.6745283018867925,2.0,38.0,7.0,19.0,0.0,0.0,False,24.0,5.0,False,632349.0,Liverpool FC,Defensa central,Bayer 04 Leverkusen,2003.0,22.0,100.0,20000000.0,43000000.0,20000000.0,16.811242881518265,0.0
1003400,Mory Gbane,D,DEF,Ligue 1,13,1125.0,6.953846153846154,0.0,0.0769230769230769,0.3846153846153846,0.050075,0.0641285946153846,41.15384615384615,0.6153846153846154,0.8243479104053303,3.4615384615384617,1.4615384615384617,1.6153846153846154,4.0,71.0,9.0,17.75,1.0,22.0,False,33.0,4.0,False,717585.0,Stade de Reims,Pivote,Stade de Reims,2000.0,25.0,100.0,4000000.0,3600000.0,4000000.0,15.201805169084134,0.0
1004346,Kazeem Olaigbe,F,FWD,Ligue 1,3,202.0,7.233333333333333,0.0,0.46875,1.3852611940298507,0.0515600513059701,0.3532542560371558,36.44218388690352,3.569378021862518,0.9049625980660464,4.98410237544671,0.0,2.749533582089553,1.0,7.0,1.0,7.0,0.0,0.0,False,7.0,2.0,False,565406.0,Stade Rennais FC,Extremo izquierdo,FC Basilea,2003.0,22.0,100.0,5000000.0,4200000.0,5000000.0,15.424948670398354,0.0
1004505,Loum Tchaouna,F,FWD,Serie A,8,391.0,6.4625,0.0,0.0,2.5012008292041665,0.1182889314245265,0.0853798608790069,26.19569723935686,1.4447997775305894,0.7621965044759162,2.1266179593487715,0.8409090909090909,0.716326221053696,1.0,12.0,2.0,12.0,1.0,12.0,False,12.0,6.0,False,607226.0,SS Lazio,Extremo derecho,Coventry City,2003.0,22.0,100.0,10000000.0,16000000.0,10000000.0,16.118095750958314,0.0
1004790,Jacob Ondrejka,F,FWD,Serie A,6,332.0,7.716666666666666,1.505868544600939,0.0,2.922535211267605,0.561575176056338,0.2064752413861401,22.51090739841347,1.2112676056338028,0.8564676064676066,5.842915250121418,1.3838028169014085,2.978989598510604,3.0,278.0,46.0,92.66666666666669,1.0,109.0,False,119.0,4.0,False,663237.0,Parma,Extremo izquierdo,Parma,2002.0,23.0,100.0,8000000.0,8500000.0,8000000.0,15.894952224644102,0.0
1005343,Justin Njinmah,F,FWD,Bundesliga,10,645.0,6.840000000000001,0.308433734939759,0.0,2.2325113828266607,0.302055600217145,0.0661264821176116,18.634300758347766,0.7127877237851663,0.635021645021645,5.01579675655694,0.5195121951219512,0.7423802232340735,8.0,164.0,23.0,20.5,6.0,128.0,False,37.0,,False,596153.0,SV Werder Bremen,Extremo derecho,SV Werder Bremen,2000.0,25.0,100.0,7000000.0,7500000.0,7000000.0,15.76142084987672,0.0
1005834,Armindo Sieb,F,FWD,Bundesliga,9,519.0,6.788888888888889,0.4102564102564102,0.1612903225806451,3.0170342964976578,0.4485400760244464,0.056923608475896,19.22235903483772,0.8795306229104978,0.7212047212047212,5.5121901539707086,0.1538461538461538,1.550932850135354,4.0,149.0,39.0,37.25,1.0,5.0,False,80.0,2.0,False,569033.0,1.FSV Mainz 05,Mediapunta,Bayern Múnich,2003.0,22.0,100.0,3000000.0,3700000.0,3000000.0,14.914123179965662,0.0
1006073,Rodrigo Gomes,M,MID,Premier League,6,451.0,6.933333333333334,0.1807228915662651,0.0,0.5473895582329318,0.1253092369477912,0.0943381250146497,28.0720086010873,1.4525841519473106,0.701058201058201,3.010271471817902,0.6966517756418935,1.3488256886853718,2.0,96.0,16.0,48.0,1.0,23.0,False,73.0,4.0,False,667121.0,Wolverhampton Wanderers,Interior izquierdo,Wolverhampton Wanderers,2003.0,22.0,100.0,15000000.0,14600000.0,15000000.0,16.52356082573315,0.0
1002458,Jhoanner Chávez,M,MID,Ligue 1,7,574.0,6.971428571428571,0.1714285714285714,0.0,0.7714285714285715,0.1066,0.2050275523746577,34.216849756324315,1.4744073342387949,0.7399702647578997,3.674579468779733,0.95,1.0268152204702106,7.0,573.0,63.0,81.85714285714286,3.0,300.0,True,261.0,3.0,False,713787.0,RC Lens,Lateral izquierdo,RC Lens,2002.0,23.0,100.0,3500000.0,3100000.0,3500000.0,15.068273812173889,0.0
1002564,Mikayil Faye,D,DEF,Ligue 1,9,645.0,6.788888888888889,0.0,0.0,0.8133951715440649,0.0894050848721673,0.0421302930998016,68.96868491083782,0.0,0.8818684760814152,5.128168571704789,1.5155635388910038,2.1112697204246498,4.0,73.0,7.0,18.25,0.0,0.0,False,43.0,2.0,False,666974.0,Stade Rennais FC,Defensa central,1. FC Núremberg​,2004.0,21.0,100.0,6000000.0,4700000.0,6000000.0,15.607270193858982,0.0
1002711,Pape Matar Sarr,M,MID,Premier League,15,1034.0,6.906666666666666,0.0666666666666666,0.1333333333333333,1.4155624601884331,0.1583754039190427,0.0380340388087324,50.00407494401663,0.5979396947138883,0.8929084253829996,5.825612809411436,1.0736605414620268,2.397630833244442,4.0,49.0,7.0,12.25,2.0,22.0,False,19.0,5.0,False,568693.0,Tottenham Hotspur,Mediocentro,Tottenham Hotspur,2002.0,23.0,100.0,32000000.0,30000000.0,32000000.0,17.281246492014,0.0
1002764,Sergio Carreira,M,MID,La Liga,21,1640.0,6.852380952380953,0.0,0.1428571428571428,0.8077231864090949,0.0862748921112884,0.1097867427593145,38.32873458595029,0.7142857142857143,0.778445693357974,2.763800922667918,0.9007936507936508,1.514367816091954,0.0,0.0,0.0,0.0,0.0,0.0,False,0.0,4.0,False,545647.0,RC Celta de Vigo,Lateral derecho,RC Celta de Vigo,2000.0,25.0,100.0,4000000.0,5700000.0,4000000.0,15.201805169084134,0.0
1002813,Yan Couto,D,DEF,Bundesliga,12,775.0,6.758333333333333,0.0,0.0,0.6229508196721312,0.0967532786885246,0.2757423102027025,54.29286914492358,1.5082612116443743,0.8366023496038709,4.697808614875185,1.0393738140417457,2.3726549499473726,6.0,69.0,11.0,11.5,3.0,44.0,False,24.0,5.0,False,627228.0,Borussia Dortmund,Lateral derecho,Borussia Dortmund,2002.0,23.0,100.0,20000000.0,21000000.0,20000000.0,16.811242881518265,0.0
1002837,Piero Hincapié,D,DEF,Bundesliga,29,2534.0,7.23103448275862,0.1034482758620689,0.0689655172413793,0.8013166725256463,0.1974540969307092,0.110133835444948,65.72276221130493,0.5599373621808187,0.874866456203178,5.571133998342785,1.209804736186124,1.8242596490488996,6.0,118.0,17.0,19.666666666666668,0.0,0.0,False,32.0,6.0,False,659813.0,Bayer 04 Leverkusen,Defensa central,Arsenal FC,2002.0,23.0,100.0,50000000.0,46000000.0,50000000.0,17.72753358339242,0.0
1003007,Tanguy Nianzou,D,DEF,La Liga,6,519.0,6.9,0.0,0.0,0.3333333333333333,0.1879,0.0050273805831995,55.177635098983416,0.0,0.8974680629724378,5.676029962546816,1.382825040128411,1.263777421080792,16.0,755.0,115.0,47.1875,5.0,362.0,True,225.0,3.0,False,538996.0,Sevilla FC,Defensa central,LOSC Lille,2002.0,23.0,100.0,1500000.0,1400000.0,1500000.0,14.220976332738882,0.0
1019236,Jofre Carreras,M,MID,La Liga,27,1917.0,6.681481481481482,0.1294463568559954,0.1284797308893694,1.430574075926516,0.1531357270100009,0.0521776656053209,18.272392628303813,0.8655158837115705,0.6998034667436486,4.660398935104552,0.6811904671363692,0.8636466508368718,2.0,132.0,27.0,66.0,1.0,19.0,False,113.0,4.0,False,628498.0,RCD Espanyol,Extremo derecho,RCD Espanyol,2001.0,24.0,100.0,3000000.0,2800000.0,3000000.0,14.914123179965662,0.0
1019322,Florian Wirtz,F,FWD,Bundesliga,27,2211.0,7.770370370370371,0.3837578788352346,0.4786522633744856,2.8197741544206543,0.4172539317257925,0.3588291021452675,59.21065697358375,2.404355024107236,0.8206286146415765,6.2501777140648205,0.2648324615327886,1.2790214386832888,21.0,488.0,81.0,23.23809523809524,5.0,48.0,False,266.0,5.0,False,598577.0,Bayer 04 Leverkusen,Mediocentro ofensivo,Liverpool FC,2003.0,22.0,100.0,140000000.0,105000000.0,140000000.0,18.757152987716434,0.0
1019442,Kamaldeen Sulemana,F,FWD,Premier League,7,532.0,6.842857142857143,0.1512605042016806,0.0,1.8472116119174944,0.1672919786096257,0.0592971560752482,22.241787624140564,0.813598166539343,0.7706109366823652,5.507973644003056,0.1428571428571428,0.7226890756302521,9.0,311.0,60.0,34.55555555555556,4.0,190.0,False,80.0,4.0,False,746695.0,Southampton FC,Extremo izquierdo,Atalanta de Bérgamo,2002.0,23.0,100.0,13000000.0,17500000.0,13000000.0,16.380459992348886,0.0
1020744,Charlie Cresswell,D,DEF,Ligue 1,28,2479.0,7.1000000000000005,0.1071428571428571,0.0357142857142857,1.0412087912087913,0.1992211538461538,0.0389152494486874,51.44762595143168,0.1789727126805778,0.8241222306092121,5.092712561088784,1.01139029509816,1.2127891137496067,3.0,132.0,18.0,44.0,0.0,0.0,False,63.0,3.0,False,597659.0,Toulouse FC,Defensa central,Toulouse FC,2002.0,23.0,100.0,10000000.0,14300000.0,10000000.0,16.118095750958314,0.0
1021272,Daniel Svensson,M,MID,Bundesliga,8,710.0,7.325,0.125,0.375,0.765625,0.1276083333333333,0.154162421875,47.015625,1.140625,0.8265591975052337,3.4375,0.5,1.796875,1.0,22.0,5.0,22.0,1.0,22.0,False,22.0,4.0,False,579287.0,Borussia Dortmund,Lateral izquierdo,Borussia Dortmund,2002.0,23.0,100.0,12000000.0,20000000.0,12000000.0,16.300417291085605,0.0
1022084,Tanner Tessmann,M,MID,Ligue 1,14,1114.0,6.935714285714285,0.0714285714285714,0.0,1.3297498969304355,0.0989262502087863,0.0392508545543374,52.61280436898965,0.3788819875776398,0.8989707582832179,3.6187919684421455,1.1186683628675351,1.7231461479248849,2.0,93.0,5.0,46.5,0.0,0.0,False,82.0,4.0,False,670096.0,Olympique de Lyon,Pivote,Olympique de Lyon,2001.0,24.0,100.0,6000000.0,11500000.0,6000000.0,15.607270193858982,0.0
1022204,Amin Sarr,F,FWD,Serie A,25,1802.0,6.787999999999999,0.1914234641762731,0.0439024390243902,1.0633540515647126,0.3179302339093561,0.0489067328208805,20.211694981274928,0.980242127532621,0.7080468505350858,5.579825363239856,0.1692288861689106,1.0696670492212084,5.0,98.0,11.0,19.6,1.0,49.0,False,49.0,4.0,False,748382.0,Hellas Verona,Delantero centro,Hellas Verona,2001.0,24.0,100.0,5000000.0,3300000.0,5000000.0,15.424948670398354,0.0
1023567,Ilya Zabarnyi,D,DEF,Premier League,25,2191.0,6.908,0.0,0.0,0.28,0.1151,0.0167522082193548,49.29419354838709,0.4,0.8086819894618626,4.388387096774193,1.0,1.6,4.0,72.0,9.0,18.0,0.0,0.0,False,50.0,5.0,False,659089.0,AFC Bournemouth,Defensa central,París Saint-Germain FC,2002.0,23.0,100.0,42000000.0,46000000.0,42000000.0,17.553180200057167,0.0
1015240,José Ángel Carmona,D,DEF,La Liga,35,2954.0,6.882857142857144,0.0,0.0,0.5579552876064504,0.0342418278971513,0.0272741712438586,43.67434438373719,0.6005968348392335,0.8129007161359267,5.468578957147464,2.018500958347178,2.510628916869181,2.0,71.0,12.0,35.5,1.0,9.0,False,62.0,3.0,False,711625.0,Sevilla FC,Lateral derecho,Sevilla FC,2002.0,23.0,100.0,12000000.0,11100000.0,12000000.0,16.300417291085605,0.0
1015256,Rodrigo Muniz,F,FWD,Premier League,6,451.0,7.183333333333334,0.2083333333333333,0.0,3.31879770392939,0.3756788345059731,0.0070929395862125,10.233317366586048,0.7596153846153846,0.6620370370370371,10.085110615531196,0.80924317617866,0.825268817204301,7.0,258.0,39.0,36.85714285714285,3.0,88.0,False,84.0,5.0,False,735571.0,Fulham FC,Delantero centro,Fulham FC,2001.0,24.0,100.0,20000000.0,27000000.0,20000000.0,16.811242881518265,0.0
1015267,João Gomes,M,MID,Premier League,26,2169.0,6.81923076923077,0.1158167675021607,0.0388936905790838,0.972410515004757,0.1541078367485987,0.0606517995904696,45.71415947743807,0.7662132540646514,0.8486335025293352,5.452626967956174,0.8178074342034676,3.24119297060406,0.0,0.0,0.0,0.0,0.0,0.0,False,0.0,6.0,False,735570.0,Wolverhampton Wanderers,Mediocentro,Aston Villa,2001.0,24.0,100.0,40000000.0,32000000.0,40000000.0,17.50439003707821,0.0
1015287,Natan,D,DEF,La Liga,24,2070.0,6.891666666666667,0.0416666666666666,0.0416666666666666,0.375,0.0459999999999999,0.0343096979166666,50.708333333333336,0.1666666666666666,0.8811977417448005,4.958333333333333,1.1666666666666667,1.5,3.0,107.0,16.0,35.666666666666664,2.0,53.0,False,54.0,5.0,False,735568.0,Real Betis Balompié,Defensa central,Real Betis Balompié,2001.0,24.0,100.0,9000000.0,21000000.0,9000000.0,16.012735246411598,0.0
1016788,Cesare Casadei,M,MID,Serie A,12,889.0,6.966666666666666,0.0949367088607595,0.108695652173913,1.1529535864978904,0.278831329113924,0.0379123282375705,36.46237026765166,0.7684420091033686,0.8168592296254569,7.996416512171372,0.4420289855072464,1.19490161059417,1.0,3.0,1.0,3.0,0.0,0.0,False,3.0,4.0,False,622380.0,Torino FC,Mediocentro,Torino FC,2003.0,22.0,100.0,15000000.0,14500000.0,15000000.0,16.52356082573315,0.0
1017649,Matteo Cancellieri,F,FWD,Serie A,23,1385.0,6.756521739130435,0.2210923535416939,0.0,1.4529704954250742,0.2916955832308047,0.0372938357592058,18.964147811548752,0.5846029271267872,0.6819349732393211,7.265078237625191,0.7138799070585601,1.330872106805107,8.0,173.0,21.0,21.625,3.0,80.0,False,46.0,2.0,False,550106.0,Parma,Extremo derecho,SS Lazio,2002.0,23.0,100.0,4500000.0,5700000.0,4500000.0,15.319588176962746,0.0
1018179,Daniel Mosquera,F,FWD,Serie A,18,1030.0,6.811111111111111,0.0,0.0769230769230769,3.657184174487076,0.3065480456937401,0.0545142372120575,20.210021634419142,0.8391307919096493,0.7421814348673617,8.235907917248758,0.1515151515151515,0.9258303324887148,4.0,78.0,12.0,19.5,1.0,7.0,False,46.0,3.0,False,651569.0,Hellas Verona,Delantero centro,Hellas Verona,1999.0,26.0,100.0,1500000.0,2300000.0,1500000.0,14.220976332738882,0.0
1018190,Isaac Romero,F,FWD,La Liga,27,2100.0,6.644444444444445,0.2227978236597599,0.0771976796073181,2.30004726955012,0.374402623062375,0.0855466119836609,17.306490766506688,0.7906726958570672,0.7367242680047978,4.287948262090548,0.2950469735745507,0.579194211374134,6.0,225.0,7.0,37.5,2.0,40.0,False,93.0,3.0,False,687609.0,Sevilla FC,Delantero centro,Sevilla FC,2000.0,25.0,100.0,6000000.0,5200000.0,6000000.0,15.607270193858982,0.0
1012444,Alberto Moleiro,M,MID,La Liga,34,2698.0,6.81764705882353,0.1999614904237251,0.0588235294117647,2.142499798467514,0.2307688205738621,0.116792359641101,32.63507388182671,1.388031375378484,0.8257260516978784,4.343300625757384,0.6167678496042154,0.96541042426084,1.0,39.0,7.0,39.0,1.0,39.0,False,39.0,5.0,False,733576.0,UD Las Palmas,Extremo izquierdo,Villarreal CF,2003.0,22.0,100.0,25000000.0,33000000.0,25000000.0,17.034386422832473,0.0
1013842,Emmanuel Agbadou,D,DEF,Ligue 1,20,1771.0,7.135,0.0,0.0,0.8737704918032787,0.04730956284153,0.0196263489836065,64.00983606557377,0.4,0.8578458583748001,4.671311475409836,1.3237704918032789,1.95,2.0,51.0,7.0,25.5,1.0,15.0,False,36.0,5.0,False,683895.0,Wolverhampton Wanderers,Defensa central,Besiktas JK,1997.0,28.0,100.0,20000000.0,18500000.0,20000000.0,16.811242881518265,0.0
1014222,Kiliann Sildillia,D,DEF,Bundesliga,9,713.0,7.2666666666666675,0.2222222222222222,0.0,0.8363882342672602,0.0837843741817229,0.0976996639923191,39.58300602251899,1.0614035087719298,0.7710711901316392,5.650170201623461,1.503054900933927,1.912673474731605,4.0,59.0,10.0,14.75,3.0,40.0,False,19.0,5.0,False,548348.0,SC Friburgo,Lateral derecho,PSV Eindhoven,2002.0,23.0,100.0,10000000.0,4800000.0,10000000.0,16.118095750958314,0.0
1014286,Malick Thiaw,D,DEF,Serie A,19,1672.0,6.973684210526316,0.0,0.0,0.3157894736842105,0.11252,0.0113821708410979,63.28317804079577,0.1578947368421052,0.9386767159994502,4.0385293376983125,0.6507177033492823,1.124401913875598,8.0,166.0,29.0,20.75,4.0,121.0,False,79.0,4.0,False,521964.0,AC Milan,Defensa central,Newcastle United,2001.0,24.0,100.0,18000000.0,41000000.0,18000000.0,16.705882371415992,0.0
1014412,Julen Agirrezabala,G,GK,La Liga,14,1207.0,6.942857142857143,0.0,0.0,0.0,,0.0008391210452961,26.088850174216027,0.0,0.6525402154067502,0.5,0.0,0.0,6.0,263.0,27.0,43.833333333333336,1.0,39.0,False,80.0,2.0,False,625014.0,Athletic Club,Portero,Athletic Club,2000.0,25.0,100.0,15000000.0,16300000.0,15000000.0,16.52356082573315,1.864125932062966
1014651,Balthazar Pierret,M,MID,Serie A,25,1617.0,6.692,0.0,0.0,0.2233846153846153,0.0243513846153846,0.0249441326299337,41.77364681764547,0.4147058823529411,0.834766641838541,5.562025043924333,0.9765484233735644,2.6397302722775766,8.0,230.0,30.0,28.75,4.0,106.0,False,71.0,,False,642002.0,US Lecce,Pivote,Red Star FC,2000.0,25.0,100.0,1700000.0,1400000.0,1700000.0,14.346139397261563,0.0
1014835,Yerson Mosquera,D,DEF,Premier League,5,442.0,6.98,0.0,0.0,0.4,0.17475,0.006527549707317,48.37560975609756,0.4195121951219512,0.8604612287873158,5.8585365853658535,2.0585365853658537,2.2195121951219514,4.0,514.0,70.0,128.5,2.0,343.0,True,330.0,5.0,False,716276.0,Wolverhampton Wanderers,Defensa central,Wolverhampton Wanderers,2001.0,24.0,100.0,8000000.0,13000000.0,8000000.0,15.894952224644102,0.0
1015186,John Tolkin,M,MID,Bundesliga,9,719.0,6.911111111111111,0.0,0.3611111111111111,0.3630672926447574,0.0223535211267605,0.1138477661331991,33.61575019938487,1.3090857224361718,0.7287105898217009,4.982268306745336,1.0386178861788615,2.19885100074129,3.0,89.0,11.0,29.666666666666668,1.0,25.0,False,52.0,3.0,False,683812.0,Holstein Kiel,Lateral izquierdo,Holstein Kiel,2002.0,23.0,100.0,2500000.0,2400000.0,2500000.0,14.731801689838347,0.0
1010655,Juanlu Sánchez,M,MID,La Liga,20,1565.0,6.93,0.2139729650308551,0.2720774399524817,0.6691336388195828,0.3387236532640655,0.111713894141267,29.837194164287546,1.3739548906339547,0.8545433869645688,3.985849002529556,0.7945692210752452,2.312772960156079,4.0,59.0,5.0,14.75,1.0,12.0,False,22.0,4.0,False,676042.0,Sevilla FC,Lateral derecho,Sevilla FC,2003.0,22.0,100.0,12000000.0,14600000.0,12000000.0,16.300417291085605,0.0
1011895,Jota Silva,F,FWD,Premier League,9,490.0,6.877777777777777,0.0,0.2222222222222222,2.117932720873897,0.2101623156255509,0.2490958038686308,16.36351951864286,1.2901522892035229,0.720970695970696,8.490365632680623,1.9820714811227147,2.098758346860814,1.0,28.0,3.0,28.0,0.0,0.0,False,28.0,2.0,False,663244.0,Nottingham Forest,Extremo izquierdo,Olympiacos El Pireo,1999.0,26.0,100.0,15000000.0,12800000.0,15000000.0,16.52356082573315,0.0
1012172,Tommaso Baldanzi,F,FWD,Serie A,9,480.0,6.633333333333334,0.0,0.0,1.5372513199203544,0.1374463591215763,0.0484369475564127,33.362744717189614,0.9536637931034484,0.8716581513327446,3.7524330915537383,0.1265822784810126,0.3225806451612903,14.0,260.0,40.0,18.571428571428573,5.0,64.0,False,67.0,2.0,False,641537.0,AS Roma,Mediocentro ofensivo,Génova,2003.0,22.0,100.0,12000000.0,8400000.0,12000000.0,16.300417291085605,0.0
1012176,Giorgio Scalvini,D,DEF,Serie A,4,264.0,6.675,0.0,0.0,1.2357308019958624,0.0396331994645247,0.0178123990464889,60.97705975416819,0.0,0.8507208383992505,7.087623220153341,1.6801752464403066,2.429292929292929,20.0,486.0,83.0,24.3,9.0,375.0,False,170.0,3.0,False,571604.0,Atalanta de Bérgamo,Defensa central,Atalanta de Bérgamo,2003.0,22.0,100.0,35000000.0,29000000.0,35000000.0,17.370858648025116,0.0
1012179,Jacopo Fazzini,F,FWD,Serie A,18,1359.0,6.9944444444444445,0.2276422764227642,0.0602409638554216,1.5379318028267486,0.3099437798213461,0.0451878807795482,25.14148469617473,0.7409123800100188,0.7774356359167572,7.022105625142439,0.3224711622964262,2.0907066707473256,11.0,215.0,38.0,19.545454545454547,9.0,168.0,False,51.0,2.0,False,691482.0,Empoli FC,Mediocentro,Cagliari,2003.0,22.0,100.0,10000000.0,8700000.0,10000000.0,16.118095750958314,0.0
1012383,Kacper Urbański,M,MID,Serie A,11,696.0,6.781818181818181,0.1048951048951048,0.0,0.9947549896477372,0.089174476085712,0.0726852329279607,39.87431797007896,1.2845333930625045,0.8727016820333194,4.24629864517505,0.6916719643992372,1.5142811733720825,2.0,50.0,4.0,25.0,1.0,28.0,False,28.0,3.0,False,699442.0,AC Monza,Mediocentro ofensivo,Górnik Zabrze,2004.0,21.0,100.0,6000000.0,3600000.0,6000000.0,15.607270193858982,0.0
1012409,Beñat Prados,M,MID,La Liga,24,1599.0,6.841666666666666,0.0528169014084507,0.0,0.7572826701891859,0.1036137983632363,0.0706316640619944,41.19334650578992,0.5487501681195323,0.8008772707032885,5.754837238535214,1.458607610350203,2.7824553450452,4.0,288.0,52.0,72.0,1.0,9.0,False,247.0,6.0,False,625047.0,Athletic Club,Mediocentro,Athletic Club,2001.0,24.0,100.0,18000000.0,18500000.0,18000000.0,16.705882371415992,0.0
1048569,Nnamdi Collins,D,DEF,Bundesliga,17,1315.0,6.847058823529412,0.0588235294117647,0.0588235294117647,0.3846153846153846,0.5032576923076924,0.0730340790501387,47.83297212966482,0.1176470588235294,0.8649649444218472,5.059697765821529,1.084033613445378,1.920344160546945,5.0,206.0,19.0,41.2,1.0,8.0,False,101.0,5.0,False,684315.0,Eintracht Fráncfort​​,Defensa central,Eintracht Fráncfort​​,2004.0,21.0,100.0,10000000.0,18500000.0,10000000.0,16.118095750958314,0.0
1048650,Rocco Reitz,M,MID,Bundesliga,20,1643.0,7.12,0.100561797752809,0.0523255813953488,1.2706235600276616,0.1401242064064613,0.0976026324518382,39.26444135259924,0.7393732419990645,0.776342950641045,5.90377040898141,2.705212370071256,2.476137174046504,7.0,224.0,41.0,32.0,4.0,58.0,False,98.0,6.0,False,467434.0,Borussia Mönchengladbach,Mediocentro,RB Leipzig,2002.0,23.0,100.0,15000000.0,22000000.0,15000000.0,16.52356082573315,0.0
1048820,Noah Weißhaupt,F,FWD,Bundesliga,17,1158.0,6.947058823529411,0.072522159548751,0.0,1.3418296270472911,0.2268823450909226,0.1180591970439236,24.410902582471834,0.9805070873599336,0.6853170582688386,6.3373155803406345,0.1189839572192513,0.385386672151378,5.0,141.0,19.0,28.2,2.0,58.0,False,52.0,5.0,False,392163.0,FC St. Pauli,Extremo izquierdo,SV Darmstadt 98,2001.0,24.0,100.0,5000000.0,2400000.0,5000000.0,15.424948670398354,0.0
1048888,Mathys Tel,F,FWD,Bundesliga,6,396.0,6.8,0.0,0.3333333333333333,2.556778832612621,0.1926963775535563,0.1730259519641802,27.39275835803993,0.5,0.8061918445539135,3.351699505061998,0.2542372881355932,0.2419354838709677,5.0,33.0,7.0,6.6,3.0,16.0,False,12.0,6.0,False,801734.0,Tottenham Hotspur,Delantero centro,Tottenham Hotspur,2005.0,20.0,100.0,35000000.0,26000000.0,35000000.0,17.370858648025116,0.0
1048889,Andy Diouf,M,MID,Ligue 1,28,2121.0,6.821428571428571,0.0378151260504201,0.0758928571428571,1.521104804014408,0.1716072286011507,0.1341902680880501,41.41903663227298,1.259057909722764,0.8165049123911071,4.62167509163526,0.7085023201167315,1.3548709979588824,1.0,7.0,2.0,7.0,0.0,0.0,False,7.0,5.0,False,711976.0,RC Lens,Mediocentro,Inter de Milán,2003.0,22.0,100.0,15000000.0,19400000.0,15000000.0,16.52356082573315,0.0
1048916,Lesley Ugochukwu,M,MID,Premier League,16,946.0,6.66875,0.0,0.125,0.4737483290593627,0.0995577853557398,0.0448318332178192,41.89938329278348,0.9999015666445624,0.8661450870144545,6.7297627373856255,0.3842736026768742,2.9807421208378995,3.0,203.0,42.0,67.66666666666667,2.0,154.0,False,134.0,2.0,False,711999.0,Southampton FC,Pivote,Galatasaray,2004.0,21.0,100.0,18000000.0,24000000.0,18000000.0,16.705882371415992,0.0
1049515,Alidu Seidu,D,DEF,Ligue 1,9,762.0,7.222222222222222,0.0,0.0,0.2222222222222222,0.04725,0.050011248274405,50.407127032853495,0.5935750073681108,0.8693271846501153,7.562821009547084,1.3619216033009136,2.4327945505783557,4.0,307.0,36.0,76.75,1.0,250.0,True,250.0,4.0,False,798404.0,Stade Rennais FC,Defensa central,Stade Rennais FC,2000.0,25.0,100.0,9000000.0,6300000.0,9000000.0,16.012735246411598,0.0
1049517,Ismael Doukouré,D,DEF,Ligue 1,29,2529.0,6.8310344827586205,0.0344827586206896,0.0360866078588612,0.1133004926108374,0.1958666666666666,0.0165018371507871,56.91056641421257,0.391526179685177,0.8806305813187645,3.3105268429426795,0.8656641107196598,1.4376774037440756,6.0,171.0,22.0,28.5,4.0,94.0,False,69.0,3.0,False,786436.0,Racing Club de Estrasburgo,Defensa central,Racing Club de Estrasburgo,2003.0,22.0,100.0,18000000.0,17500000.0,18000000.0,16.705882371415992,0.0
1046446,Benjamin Bouchouari,M,MID,Ligue 1,21,1714.0,6.876190476190477,0.0603621730382293,0.0,0.9555939967316004,0.0673822630951051,0.0727489482210329,52.12561109377622,0.723820264400584,0.8563740854529818,5.853404862009647,0.8800923960248284,1.6833479821327133,4.0,174.0,13.0,43.5,2.0,143.0,True,124.0,3.0,False,783094.0,AS Saint-Étienne,Mediocentro,Trabzonspor,2001.0,24.0,100.0,5000000.0,5300000.0,5000000.0,15.424948670398354,0.0
1046795,Savinho,M,MID,Premier League,19,1483.0,7.457894736842104,0.0526315789473684,0.4037606204025774,2.747354151187606,0.2856459124817698,0.310821257042957,38.33962676718187,2.162230353198695,0.8575986604631446,5.223158418658871,0.2171052631578947,1.0790756856526629,7.0,215.0,45.0,30.714285714285715,1.0,18.0,False,60.0,6.0,False,743591.0,Manchester City,Extremo izquierdo,Manchester City,2004.0,21.0,100.0,50000000.0,42000000.0,50000000.0,17.72753358339242,0.0
1047484,Sékou Mara,F,FWD,Ligue 1,9,588.0,6.777777777777778,0.2222222222222222,0.2222222222222222,2.6123730805541103,0.3427768423790532,0.0865704185364652,19.726889835999746,0.8888888888888888,0.7225773820072066,4.897630904612552,0.3538011695906433,0.8241208042938397,2.0,31.0,4.0,15.5,1.0,13.0,False,18.0,4.0,False,557612.0,Racing Club de Estrasburgo,Delantero centro,Racing Club de Estrasburgo,2002.0,23.0,100.0,5000000.0,3600000.0,5000000.0,15.424948670398354,0.0
1048009,El Chadaille Bitshiabu,D,DEF,Bundesliga,13,1042.0,7.06923076923077,0.0,0.0,0.3928994082840236,0.0904246153846153,0.0510692368943364,68.70701990317374,0.3517444094367171,0.844308394168428,4.500826096979943,0.9671290248213325,2.1869515100284334,4.0,155.0,34.0,38.75,3.0,128.0,False,86.0,4.0,False,787912.0,RB Leipzig,Defensa central,RB Leipzig,2005.0,20.0,100.0,18000000.0,14600000.0,18000000.0,16.705882371415992,0.0
1048265,Daniel Peretz,G,GK,Bundesliga,3,270.0,6.3,0.0,0.0,0.0,,0.00099516,32.666666666666664,0.0,0.7702991452991453,0.6666666666666666,0.0,0.0,4.0,192.0,31.0,48.0,3.0,177.0,False,63.0,5.0,False,468539.0,Bayern Múnich,Portero,Southampton FC,2000.0,25.0,100.0,3000000.0,1900000.0,3000000.0,14.914123179965662,0.6666666666666667
1048333,Emmanuel Emegha,F,FWD,Ligue 1,26,2216.0,6.915384615384616,0.5207830673026618,0.1162489196197061,2.2063643741843246,0.7287336891234777,0.0284536027982496,13.486802657393586,0.7761943113066708,0.7909450881825256,2.9410807684340123,0.0384615384615384,0.2325076608784474,9.0,324.0,45.0,36.0,2.0,46.0,False,113.0,8.0,False,559328.0,Racing Club de Estrasburgo,Delantero centro,Chelsea FC,2003.0,22.0,100.0,25000000.0,29000000.0,25000000.0,17.034386422832473,0.0
1048366,Warren Kamanzi,M,MID,Ligue 1,12,916.0,6.858333333333333,0.0872093023255814,0.0,0.6749736936102021,0.3510613049900084,0.0408392177706237,34.42463173437292,0.8784368970734056,0.8212066463542288,5.726752738259717,0.8164774300312091,2.534977067697246,0.0,0.0,0.0,0.0,0.0,0.0,False,0.0,4.5,False,794758.0,Toulouse FC,Lateral derecho,Malmoe FF,2000.0,25.0,100.0,2000000.0,1600000.0,2000000.0,14.508658238524095,0.0
1048422,Hugo Ekitiké,F,FWD,Bundesliga,31,2472.0,7.254838709677419,0.500889012627466,0.2590346778345002,3.9844875141058815,0.7543068807540867,0.1853360177472819,21.70393487719418,1.4886103725954851,0.7724730944768591,4.660694327998007,0.2666832261612979,0.5723033058276661,6.0,362.0,24.0,60.333333333333336,3.0,23.0,False,261.0,6.0,False,709726.0,Eintracht Fráncfort​​,Delantero centro,Liverpool FC,2002.0,23.0,100.0,75000000.0,86000000.0,75000000.0,18.13299868483392,0.0
1031548,Alieu Fadera,M,MID,Serie A,20,1544.0,6.995,0.0725806451612903,0.1613827349121467,1.4402663624054814,0.1339879527335558,0.0990860537731307,27.062222099386474,1.2017186091379355,0.7724716142003271,7.917673854114589,0.5182191404101516,3.2459535014743643,3.0,92.0,13.0,30.666666666666668,2.0,61.0,False,48.0,3.0,False,749552.0,Como 1907,Extremo izquierdo,Como 1907,2001.0,24.0,100.0,4500000.0,4600000.0,4500000.0,15.319588176962746,0.0
1031567,Pau Víctor,F,FWD,La Liga,3,152.0,6.833333333333333,0.5084745762711864,0.967741935483871,1.4762165117550576,0.1841592400218699,0.0243723300164024,27.32640787315473,0.967741935483871,0.8314176245210728,2.4931656642974303,0.5084745762711864,0.0,0.0,0.0,0.0,0.0,0.0,0.0,False,0.0,5.0,False,707572.0,FC Barcelona,Delantero centro,SC Braga,2001.0,24.0,100.0,4000000.0,11500000.0,4000000.0,15.201805169084134,0.0
1034303,Filippo Terracciano,D,DEF,Serie A,6,494.0,6.7,0.0,0.0,0.5,0.055,0.012948244906367,33.743445692883896,0.3352059925093633,0.9012236111115256,3.5056179775280896,1.0,1.0,2.0,20.0,2.0,10.0,0.0,0.0,False,12.0,3.0,False,631007.0,AC Milan,Defensa central,AC Milan,2003.0,22.0,100.0,3200000.0,4600000.0,3200000.0,14.978661680269909,0.0
1035986,Josué Casimir,M,MID,Ligue 1,22,1846.0,7.036363636363637,0.1828396322778345,0.1548295454545454,1.0984367383943694,0.1456465037792102,0.1044033717264762,21.386107502620263,1.2189377280464286,0.783543082158417,4.638615049149035,0.3462706874269938,1.4803710409354691,6.0,96.0,11.0,16.0,5.0,77.0,False,30.0,3.0,False,763182.0,Le Havre AC,Extremo derecho,AJ Auxerre,2001.0,24.0,100.0,4000000.0,3200000.0,4000000.0,15.201805169084134,0.0
1035988,Arouna Sangante,D,DEF,Ligue 1,14,1155.0,6.764285714285714,0.2360248447204969,0.0,0.4503105590062112,0.1974617391304348,0.0101275602950697,55.66359293940705,0.2142857142857142,0.8734706657896341,5.918521176161399,1.5561165177533465,1.9616022362023988,8.0,158.0,18.0,19.75,6.0,142.0,False,79.0,6.0,False,768380.0,Le Havre AC,Defensa central,Sevilla FC,2002.0,23.0,100.0,8000000.0,7700000.0,8000000.0,15.894952224644102,0.0
1035996,André,M,MID,Premier League,21,1660.0,6.919047619047619,0.0,0.0,0.3223928784459324,0.0471962209405024,0.0246305787771973,44.82685418436703,0.6279498021836272,0.9286603519202348,4.952033007263757,1.092429277248869,3.0381359422570924,2.0,77.0,21.0,38.5,1.0,69.0,False,69.0,5.0,False,800176.0,Wolverhampton Wanderers,Pivote,Wolverhampton Wanderers,2001.0,24.0,100.0,28000000.0,26000000.0,28000000.0,17.147715103853763,0.0
1036269,Yasin Ayari,M,MID,Premier League,19,1381.0,6.957894736842104,0.0,0.068649885583524,1.1417530413260342,0.1654719387246962,0.0898450582695621,40.06233777661957,1.4965179525405496,0.8542260389865795,5.167385105879695,0.91002677684688,2.708391400409661,5.0,59.0,12.0,11.8,3.0,26.0,False,25.0,2.0,False,667287.0,Brighton & Hove Albion,Mediocentro,Brighton & Hove Albion,2003.0,22.0,100.0,22000000.0,27000000.0,22000000.0,16.906553056777135,0.0
1028307,Kaishu Sano,M,MID,Bundesliga,33,2955.0,6.96060606060606,0.0,0.0,0.5771670190274841,0.0589474418604651,0.0591997263980696,41.09901784997457,0.5193709244342155,0.7881179694090064,6.171220595712795,1.97391637897967,1.7906976744186047,3.0,203.0,34.0,67.66666666666667,0.0,0.0,False,141.0,3.0,False,643574.0,1.FSV Mainz 05,Pivote,1.FSV Mainz 05,2000.0,25.0,100.0,20000000.0,26000000.0,20000000.0,16.811242881518265,0.0
1029018,Abdallah Sima,F,FWD,Ligue 1,15,929.0,6.786666666666666,0.4565090899218356,0.0,2.563297522675445,0.4715989749800573,0.0360973577011172,23.720080900652743,0.7226070226070226,0.7433849275748141,5.440614895194543,0.0983606557377049,1.1891948653908633,10.0,334.0,82.0,33.4,5.0,120.0,False,99.0,4.0,False,776798.0,Stade Brestois 29,Extremo izquierdo,RC Lens,2001.0,24.0,100.0,9000000.0,3900000.0,9000000.0,16.012735246411598,0.0
1030711,David Jurásek,D,DEF,Bundesliga,6,487.0,6.616666666666667,0.0,0.0,0.7419354838709676,0.0226569892473118,0.1502450598741873,43.30957017781645,1.075268817204301,0.7348243804869488,1.4304511278195486,0.4184060721062619,0.5119047619047619,7.0,214.0,24.0,30.571428571428573,3.0,107.0,False,75.0,4.0,False,500054.0,TSG 1899 Hoffenheim,Lateral izquierdo,SK Slavia Praga,2000.0,25.0,100.0,5000000.0,4300000.0,5000000.0,15.424948670398354,0.0
1030829,Gvidas Gineitis,M,MID,Serie A,18,1117.0,6.877777777777777,0.1515151515151515,0.0806451612903225,1.4176746572181236,0.1843613377388664,0.1389106186131998,29.972186965728515,1.4271633384536608,0.8043321273043893,3.760915509070238,1.381810568387933,1.093403771369873,6.0,151.0,20.0,25.166666666666668,4.0,128.0,False,54.0,4.0,False,798929.0,Torino FC,Mediocentro,Torino FC,2004.0,21.0,100.0,6000000.0,5000000.0,6000000.0,15.607270193858982,0.0
1031251,Antonín Kinský,G,GK,Premier League,4,360.0,6.95,0.0,0.0,0.0,,0.0016257125,32.25,0.25,0.7828045610303676,1.25,0.0,0.75,0.0,0.0,0.0,0.0,0.0,0.0,False,0.0,6.0,False,725912.0,Tottenham Hotspur,Portero,Tottenham Hotspur,2003.0,22.0,100.0,15000000.0,13600000.0,15000000.0,16.52356082573315,2.75
1031499,Viti Rozada,D,DEF,La Liga,24,1894.0,6.929166666666667,0.0,0.0944835680751173,0.1371541767391888,0.0258211120064464,0.0649641666842992,30.27327688852152,0.5894066222895181,0.8172148754467196,6.180226839567872,1.0753447002897136,3.352957206463156,1.0,56.0,6.0,56.0,1.0,56.0,False,56.0,2.0,False,438971.0,UD Las Palmas,Lateral derecho,UD Las Palmas,1997.0,28.0,100.0,2000000.0,1600000.0,2000000.0,14.508658238524095,0.0
1083891,Henri Koudossou,D,DEF,Bundesliga,11,602.0,6.7727272727272725,0.0,0.0,0.2071346375143843,0.1012784810126582,0.1184351921901303,36.22738470777848,1.3887635718346885,0.8082353432318932,3.701226414516485,1.5975029805395515,1.6052293705837526,4.0,219.0,26.0,54.75,3.0,59.0,False,160.0,,False,515624.0,FC Augsburgo,Lateral derecho,Arminia Bielefeld,1999.0,26.0,100.0,2000000.0,1200000.0,2000000.0,14.508658238524095,0.0
1084081,Arnau Martínez,D,DEF,La Liga,30,2619.0,6.95,0.0666666666666666,0.0670411985018726,0.6397048869635847,0.1042256757366544,0.0557433905767719,54.05876103305016,0.600374531835206,0.8668203973425933,4.687214635052446,1.0778112449799198,1.7491973975631632,0.0,0.0,0.0,0.0,0.0,0.0,False,0.0,2.0,False,826224.0,Girona FC,Lateral derecho,Girona FC,2003.0,22.0,100.0,10000000.0,10800000.0,10000000.0,16.118095750958314,0.0
1084311,Justin Devenny,F,FWD,Premier League,3,193.0,6.966666666666666,0.4054054054054054,0.0,1.882882882882883,0.1721495495495495,0.05924492,25.927927927927925,0.8108108108108109,0.8442067736185384,2.2882882882882885,0.0,1.6216216216216215,1.0,12.0,2.0,12.0,0.0,0.0,False,12.0,2.0,False,747009.0,Crystal Palace,Mediocentro ofensivo,Crystal Palace,2003.0,22.0,100.0,6000000.0,11500000.0,6000000.0,15.607270193858982,0.0
1084381,Pablo Ibáñez,M,MID,La Liga,16,1036.0,6.73125,0.0,0.0625,1.0386911830214585,0.0911805590743984,0.0256539502998341,35.49092000730181,0.2111697965571205,0.7739634845615413,4.955836892477813,1.161919227369162,1.0538414205344586,0.0,0.0,0.0,0.0,0.0,0.0,False,0.0,5.0,False,785353.0,CA Osasuna,Mediocentro,Deportivo Alavés,1998.0,27.0,100.0,2000000.0,4099999.0,2000000.0,14.508658238524095,0.0
1084399,Carlos Vicente,M,MID,La Liga,36,3074.0,6.947222222222222,0.1415989159891598,0.1388888888888889,1.0131319458532395,0.1775517869510593,0.1661075971258194,23.961652217208083,1.8210224205324292,0.7426599539727047,5.049468446871141,0.398695602642971,1.316046264248646,2.0,13.0,2.0,6.5,2.0,13.0,False,9.0,4.0,False,540536.0,Deportivo Alavés,Extremo derecho,Birmingham City,1999.0,26.0,100.0,10000000.0,7400000.0,10000000.0,16.118095750958314,0.0
1084730,Bryan Zaragoza,F,FWD,La Liga,25,1831.0,6.976,0.0467532467532467,0.2862127121010757,2.1752142360282405,0.1769958650693318,0.2334243833384617,21.768895175670973,1.743598438186747,0.7075902623293657,5.721492935971441,0.1993150684931507,0.6684197292871698,3.0,169.0,17.0,56.333333333333336,2.0,86.0,False,83.0,4.0,False,713644.0,CA Osasuna,Extremo izquierdo,Bayern Múnich,2001.0,24.0,100.0,12000000.0,9300000.0,12000000.0,16.300417291085605,0.0
1085180,Brennan Johnson,F,FWD,Premier League,21,1534.0,7.228571428571429,0.4613654672395274,0.2147911051212938,2.786691093441425,0.5029324947478991,0.0979673617634491,24.253713029402427,0.8313292183422908,0.7645480389841292,3.784444880427154,0.2662124060150376,1.9059119360447565,3.0,57.0,11.0,19.0,3.0,57.0,False,29.0,5.0,False,470607.0,Tottenham Hotspur,Extremo derecho,Crystal Palace,2001.0,24.0,100.0,40000000.0,38000000.0,40000000.0,17.50439003707821,0.0
1085381,Nicolas Jackson,F,FWD,Premier League,23,1749.0,7.065217391304348,0.4631762827768454,0.2758447719199736,3.2163968386793336,0.5640805761942332,0.0905864395889335,16.025961777147714,1.413297512942736,0.7491789008093356,3.467974240343028,0.1051080850024426,0.8362687128963258,6.0,252.0,29.0,42.0,2.0,114.0,False,70.0,8.0,False,776890.0,Chelsea FC,Delantero centro,Chelsea FC,2001.0,24.0,100.0,50000000.0,44000000.0,50000000.0,17.72753358339242,0.0
1069486,Carlos Forbs,F,FWD,Premier League,3,150.0,6.466666666666666,0.0,0.0,0.7894736842105262,0.2498684210526315,0.0431118777230509,24.243596960315227,0.8823529411764706,0.7333959899749374,5.241345341964537,0.0,1.7647058823529411,4.0,26.0,5.0,6.5,2.0,16.0,False,8.0,4.0,False,742451.0,Wolverhampton Wanderers,Extremo derecho,Club Brujas KV,2004.0,21.0,100.0,8000000.0,18700000.0,8000000.0,15.894952224644102,0.0
1069488,Roméo Lavia,M,MID,Premier League,8,516.0,6.9,0.0,0.15625,0.1308139534883721,0.1913023255813953,0.0486390711099996,46.40593388407895,1.066037602621074,0.9238931547055782,6.473837550118095,2.129205891738801,3.181290794201707,13.0,687.0,108.0,52.84615384615385,9.0,512.0,True,186.0,5.0,False,628451.0,Chelsea FC,Pivote,Chelsea FC,2004.0,21.0,100.0,40000000.0,23000000.0,40000000.0,17.50439003707821,0.0
1069703,Carlos Domínguez,D,DEF,La Liga,14,1144.0,6.957142857142857,0.0,0.0,0.1428571428571428,0.09685,0.0154290834915457,72.35969910797498,0.2285714285714286,0.894915829160613,4.788377046997737,1.0142857142857142,1.7645320197044334,2.0,45.0,6.0,22.5,1.0,13.0,False,32.0,3.0,False,636093.0,RC Celta de Vigo,Defensa central,RC Celta de Vigo,2001.0,24.0,100.0,3000000.0,2900000.0,3000000.0,14.914123179965662,0.0
1082406,Matías Soulé,F,FWD,Serie A,22,1744.0,7.3,0.2525590125857505,0.239211049296004,1.9617780974442212,0.1886682787749045,0.1736857120045667,41.18347530097033,2.556799047817396,0.8682475461411067,5.155081553776022,0.4467577207977102,1.2666516760002968,4.0,101.0,17.0,25.25,1.0,5.0,False,50.0,4.0,False,668951.0,AS Roma,Extremo derecho,AS Roma,2003.0,22.0,100.0,30000000.0,36000000.0,30000000.0,17.216707972959764,0.0
1082981,Pablo Torre,M,MID,La Liga,4,226.0,7.175,0.3813559322033898,0.3813559322033898,0.3813559322033898,0.1141016949152542,0.2959469322033898,53.95762711864407,2.1198547215496366,0.8451901813356921,5.073849878934625,0.3571428571428571,1.8583535108958835,6.0,68.0,10.0,11.333333333333334,3.0,21.0,False,31.0,4.0,False,720038.0,FC Barcelona,Mediocentro ofensivo,RCD Mallorca,2003.0,22.0,100.0,6000000.0,4900000.0,6000000.0,15.607270193858982,0.0
1083007,Mika Biereth,F,FWD,Ligue 1,14,1133.0,7.457142857142857,0.919012860610863,0.1757998099461514,2.9575645770481307,0.8929029228948644,0.2222350662463512,15.80499287335813,1.44750933176385,0.6361653500806531,3.7279993254038506,0.2219149471078536,0.422123728261263,4.0,176.0,23.0,44.0,1.0,71.0,False,71.0,5.0,False,565821.0,AS Mónaco,Delantero centro,AS Mónaco,2003.0,22.0,100.0,30000000.0,23000000.0,30000000.0,17.216707972959764,0.0
1083382,Lukas Ullrich,D,DEF,Bundesliga,23,1803.0,6.57391304347826,0.0434782608695652,0.107080385142695,0.2727161700048852,0.1487961797752809,0.09429147353646,31.379782002595924,0.3876255605339867,0.7613502164889536,3.138454967835063,1.0228897419201195,1.2669875654964042,4.0,101.0,20.0,25.25,2.0,85.0,False,70.0,4.0,False,787151.0,Borussia Mönchengladbach,Lateral izquierdo,Borussia Mönchengladbach,2004.0,21.0,100.0,8000000.0,7200000.0,8000000.0,15.894952224644102,0.0
1083410,Umut Tohumcu,M,MID,Bundesliga,5,284.0,6.7,0.0,0.2,0.6,0.09825,0.0150863694276315,29.96381578947368,0.2,0.8840447330447331,4.825,0.5,2.4625,6.0,193.0,25.0,32.166666666666664,5.0,190.0,False,80.0,3.0,False,569031.0,TSG 1899 Hoffenheim,Mediocentro,TSG 1899 Hoffenheim,2004.0,21.0,100.0,6000000.0,3600000.0,6000000.0,15.607270193858982,0.0
1065134,Kasey McAteer,M,MID,Premier League,4,297.0,6.625,0.0,0.304054054054054,1.1750095165588124,0.2053822484456287,0.0250911203580682,19.865395950243744,0.6669572798605057,0.7698916408668731,5.7218463352039,0.25,1.7702702702702704,5.0,245.0,22.0,49.0,4.0,164.0,False,81.0,4.0,False,621193.0,Leicester City,Interior derecho,Ipswich Town,2001.0,24.0,100.0,2000000.0,10300000.0,2000000.0,14.508658238524095,0.0
1065261,Jonathan Rowe,F,FWD,Ligue 1,9,491.0,7.155555555555556,0.2222222222222222,0.4524392733210859,3.200320800214943,0.2860693889680795,0.1890853869601135,27.363478896091948,1.647375918280448,0.8487011898776604,7.806337866781212,0.3835125448028674,1.5299447963344055,3.0,86.0,15.0,28.666666666666668,1.0,59.0,False,59.0,4.0,False,672381.0,Olympique de Marsella,Extremo izquierdo,Bolonia,2003.0,22.0,100.0,12000000.0,21000000.0,12000000.0,16.300417291085605,0.0
1066603,Luiz Júnior,G,GK,La Liga,14,1260.0,7.235714285714286,0.0,0.0,0.0,,0.00091926,24.071428571428573,0.0,0.6754482551282821,0.7857142857142857,0.0,0.0,0.0,0.0,0.0,0.0,0.0,0.0,False,0.0,5.0,False,712107.0,Villarreal CF,Portero,Villarreal CF,2001.0,24.0,100.0,10000000.0,12400000.0,10000000.0,16.118095750958314,3.3829287392325766
1067120,Eren Dinkçi,M,MID,Bundesliga,16,1060.0,6.81875,0.0,0.174512987012987,0.9674704528969142,0.1635970203757246,0.0876117298999787,29.110022405186648,1.901976076595556,0.7581373214615402,3.716586851353905,0.4357671822559463,1.3671266697219255,16.0,247.0,33.0,15.4375,4.0,58.0,False,36.0,,False,645774.0,SC Friburgo,Extremo derecho,SC Friburgo,2001.0,24.0,100.0,8000000.0,5400000.0,8000000.0,15.894952224644102,0.0
1067204,Giovanni Fabbian,M,MID,Serie A,14,745.0,6.721428571428571,0.4754473031213268,0.0,1.521222354714998,0.4319276123283681,0.0405949471169374,18.01958671337901,0.5722311396468699,0.694377021356835,5.002774811597339,0.2857142857142857,1.1703296703296702,2.0,24.0,2.0,12.0,1.0,18.0,False,18.0,5.0,False,633668.0,Bolonia,Mediocentro ofensivo,Fiorentina,2003.0,22.0,100.0,12000000.0,9300000.0,12000000.0,16.300417291085605,0.0
1068286,Rui Modesto,M,MID,Serie A,7,434.0,6.871428571428572,0.0,0.1648351648351648,0.3406593406593406,0.0817961538461538,0.0576302199267399,28.893772893772898,1.637362637362637,0.7685204991087344,3.93040293040293,0.6923076923076923,1.8571428571428568,3.0,31.0,5.0,10.333333333333334,1.0,7.0,False,20.0,4.0,False,671799.0,Udinese,Extremo derecho,Udinese,1999.0,26.0,100.0,2000000.0,1700000.0,2000000.0,14.508658238524095,0.0
1068885,Alessandro Marcandalli,D,DEF,Serie A,6,354.0,6.65,0.0,0.0,0.5045223289994347,0.2011924816280384,0.0066656545089081,35.473316588289755,0.0,0.7082769865950644,5.302871155702994,0.2727272727272727,1.5721044540579034,2.0,40.0,4.0,20.0,1.0,29.0,False,29.0,4.0,False,818448.0,Venezia FC,Defensa central,Génova,2002.0,23.0,100.0,2000000.0,7400000.0,2000000.0,14.508658238524095,0.0
1069244,Tijjani Noslin,F,FWD,Serie A,10,649.0,6.83,0.1153846153846153,0.0,1.5997252747252748,0.0976902129120879,0.1323614601738261,21.703346653346653,0.9476523476523476,0.8112562127089189,4.312187812187812,0.1428571428571428,0.4168831168831168,6.0,76.0,8.0,12.666666666666666,4.0,60.0,False,34.0,4.0,False,457736.0,SS Lazio,Extremo derecho,SS Lazio,1999.0,26.0,100.0,7500000.0,5900000.0,7500000.0,15.830413711839864,0.0
1049538,Ousmane Camara,D,DEF,Ligue 1,3,253.0,6.866666666666667,0.0,0.0,0.3333333333333333,0.0803,0.0027313951141552,35.19634703196347,0.3333333333333333,0.9137727235672944,2.8219178082191783,0.0,1.4885844748858448,0.0,0.0,0.0,0.0,0.0,0.0,False,0.0,4.0,False,804711.0,Angers SCO,Defensa central,Angers SCO,2003.0,22.0,100.0,400000.0,4099999.0,400000.0,12.899222326086994,0.0
1050692,Diego Coppola,D,DEF,Serie A,33,2925.0,6.903030303030303,0.0606060606060606,0.0,0.303030303030303,0.1071,0.00545686,34.81818181818182,0.0909090909090909,0.808701008720568,6.151515151515151,2.212121212121212,2.121212121212121,4.0,153.0,16.0,38.25,1.0,8.0,False,84.0,6.0,False,660860.0,Hellas Verona,Defensa central,Paris FC,2003.0,22.0,100.0,10000000.0,11000000.0,10000000.0,16.118095750958314,0.0
1063235,Mohamed-Ali Cho,F,FWD,Ligue 1,20,1453.0,6.92,0.1276723276723276,0.2231384959046909,1.8222217641103091,0.2990422146953367,0.194185709870326,23.062887630418032,1.394396487515662,0.7798345161358864,4.850610067553745,0.1727412143736125,0.6301170881367035,16.0,328.0,53.0,20.5,6.0,62.0,False,62.0,3.0,False,670847.0,OGC Niza,Extremo derecho,OGC Niza,2004.0,21.0,100.0,15000000.0,14500000.0,15000000.0,16.52356082573315,0.0
1063237,Saïdou Sow,D,DEF,Ligue 1,20,1729.0,6.7,0.05,0.05,0.45,0.1778499999999999,0.0068053381537162,51.41199324324324,0.2170608108108108,0.858077883717441,3.501182432432432,1.3,1.260810810810811,4.0,311.0,47.0,77.75,1.0,264.0,True,264.0,3.0,False,807128.0,FC Nantes,Defensa central,Racing Club de Estrasburgo,2002.0,23.0,100.0,6000000.0,2900000.0,6000000.0,15.607270193858982,0.0
1063373,Thomas Kristensen,D,DEF,Serie A,21,1728.0,6.742857142857143,0.0476190476190476,0.0,0.238095238095238,0.238175,0.0264951658895615,46.43958923282232,0.1904761904761904,0.7892272298695124,5.152979852227973,1.1040100250626566,1.6666666666666667,7.0,251.0,34.0,35.857142857142854,5.0,128.0,False,63.0,3.0,False,698259.0,Udinese,Defensa central,Udinese,2002.0,23.0,100.0,6000000.0,11600000.0,6000000.0,15.607270193858982,0.0
1064026,Omar El Hilali,D,DEF,La Liga,34,2979.0,6.95,0.0,0.0588235294117647,0.0588235294117647,0.0135,0.0392748072465597,34.09518944876965,0.2363083164300203,0.7772266951066911,5.720496113242914,1.3504041982101909,3.2858444162151024,2.0,57.0,10.0,28.5,2.0,57.0,False,32.0,2.0,False,822331.0,RCD Espanyol,Lateral derecho,RCD Espanyol,2003.0,22.0,100.0,15000000.0,15900000.0,15000000.0,16.52356082573315,0.0
1064082,Merlin Röhl,M,MID,Bundesliga,12,828.0,6.483333333333333,0.0,0.0961538461538461,1.370668275670221,0.1374719863826969,0.0823669042524502,20.344500413199423,0.58582782250598,0.7807476530588658,5.649983916025576,0.3983762009809863,1.661240982134083,10.0,287.0,40.0,28.7,5.0,201.0,False,85.0,4.0,False,608832.0,SC Friburgo,Mediocentro ofensivo,Everton FC,2002.0,23.0,100.0,12000000.0,14700000.0,12000000.0,16.300417291085605,0.0
1064305,Nicolai Remberg,M,MID,Bundesliga,27,2283.0,6.777777777777778,0.0,0.0,1.0300925925925926,0.118781640625,0.0424077552948542,36.51533090467517,0.3509411050394657,0.7675050534371523,6.774552216150577,1.0916818457802064,1.5486111111111112,0.0,0.0,0.0,0.0,0.0,0.0,False,0.0,3.0,False,592534.0,Holstein Kiel,Pivote,Hamburgo SV,2000.0,25.0,100.0,3000000.0,6500000.0,3000000.0,14.914123179965662,0.0
1094827,Gerard Martín,D,DEF,La Liga,14,918.0,6.892857142857143,0.0714285714285714,0.2346938775510204,0.6144053315105946,0.1075855741626794,0.1340749592315726,55.93501235606499,1.1499504959326388,0.8401009215426173,3.2972983313678803,1.2213010204081631,1.2873376623376624,1.0,40.0,0.0,40.0,1.0,40.0,True,40.0,3.0,False,705395.0,FC Barcelona,Defensa central,FC Barcelona,2002.0,23.0,100.0,12000000.0,18200000.0,12000000.0,16.300417291085605,0.0
1096210,Jackson Tchatchoua,M,MID,Serie A,36,3169.0,6.672222222222222,0.0555555555555555,0.0833333333333333,0.5012919896640827,0.1152465116279069,0.0849745566864004,23.31882278503416,0.9791666666666666,0.7820010451751189,3.3067125942444515,0.3888888888888889,1.4777397260273972,1.0,80.0,8.0,80.0,1.0,80.0,False,80.0,5.0,False,848509.0,Hellas Verona,Lateral derecho,Wolverhampton Wanderers,2001.0,24.0,100.0,8000000.0,13200000.0,8000000.0,15.894952224644102,0.0
1097425,Miloš Kerkez,D,DEF,Premier League,26,2271.0,7.038461538461538,0.0769230769230769,0.1538461538461538,0.5567210567210567,0.0385861952861952,0.0698828762148962,35.56837606837607,0.9156954156954158,0.8130672905814044,3.7531912531912535,1.1874236874236874,1.3003108003108004,1.0,34.0,5.0,34.0,1.0,34.0,False,34.0,5.0,False,730861.0,AFC Bournemouth,Lateral izquierdo,Liverpool FC,2003.0,22.0,100.0,45000000.0,41000000.0,45000000.0,17.622173069956816,0.0
1097453,Luca Kerber,M,MID,Bundesliga,11,642.0,6.6909090909090905,0.2923832923832923,0.0,1.024469738755453,0.2179486072807501,0.0639848661871647,28.64607581665151,0.9090909090909092,0.6921484412273885,5.773098686647824,0.5188109041569015,3.597746660646448,6.0,129.0,11.0,21.5,0.0,0.0,False,51.0,2.0,False,809498.0,1.FC Heidenheim 1846,Mediocentro,1.FC Heidenheim 1846,2002.0,23.0,100.0,1500000.0,1900000.0,1500000.0,14.220976332738882,0.0
1097719,Kike Salas,D,DEF,La Liga,25,2175.0,7.0120000000000005,0.12,0.08,0.8935064935064935,0.1738883116883116,0.0343991205624282,53.24748553771809,0.2437209302325581,0.792676012151754,5.635613688636944,1.2178890876565296,1.904600051111679,7.0,83.0,11.0,11.857142857142858,3.0,48.0,False,32.0,4.0,False,766583.0,Sevilla FC,Defensa central,Sevilla FC,2002.0,23.0,100.0,8000000.0,8800000.0,8000000.0,15.894952224644102,0.0
1099296,Mateo Pellegrino,F,FWD,Serie A,10,701.0,6.890000000000001,0.6342857142857142,0.2,2.963031648641405,0.6202861209427063,0.064421906413167,20.023583839093163,0.62,0.524537962037962,8.876771368148699,0.1,0.3275039745627981,2.0,34.0,3.0,17.0,2.0,34.0,False,23.0,5.0,False,856530.0,Parma,Delantero centro,Parma,2001.0,24.0,100.0,6000000.0,14600000.0,6000000.0,15.607270193858982,0.0
1099344,Antoniu Roca,M,MID,La Liga,11,672.0,6.6909090909090905,0.0,0.0,0.5784639624050564,0.2023470233921057,0.0725420934381206,14.867409848877072,0.5152228556856888,0.6913419913419913,6.151363074411543,0.2664247517188693,2.10773903515839,0.0,0.0,0.0,0.0,0.0,0.0,False,0.0,2.0,False,834744.0,RCD Espanyol,Extremo derecho,RCD Mallorca,2002.0,23.0,100.0,1800000.0,1600000.0,1800000.0,14.403297778421797,0.0
1089453,Saúl Coco,D,DEF,Serie A,32,2847.0,6.9625,0.0625,0.0,0.6354614177131527,0.0696222172543835,0.0064529052575853,47.92727094348975,0.03125,0.8701838611261843,4.211786909286186,1.1878511235955056,1.4428107443820224,3.0,21.0,1.0,7.0,3.0,21.0,False,10.0,4.0,False,588426.0,Torino FC,Defensa central,Torino FC,1999.0,26.0,100.0,10000000.0,9300000.0,10000000.0,16.118095750958314,0.0
1090010,Marin Ljubičić,F,FWD,Bundesliga,4,173.0,6.975,0.7258064516129032,0.7258064516129032,0.7258064516129032,1.1996129032258065,0.2071137205707195,18.06606699751861,1.4516129032258065,0.5684974747474747,3.658498759305211,0.0,1.0,4.0,68.0,10.0,17.0,1.0,11.0,False,35.0,,False,838236.0,1.FC Unión Berlín,Delantero centro,1.FC Unión Berlín,2002.0,23.0,100.0,4000000.0,2300000.0,4000000.0,15.201805169084134,0.0
1090681,Ramón Martínez,D,DEF,La Liga,3,226.0,6.866666666666667,0.0,0.0,0.6666666666666666,0.2366,0.007618414057971,37.20289855072464,0.0,0.9415695415695416,3.985507246376812,0.6666666666666666,1.6666666666666667,1.0,48.0,5.0,48.0,0.0,0.0,False,48.0,4.0,False,882710.0,Sevilla FC,Defensa central,Real Valladolid CF,2002.0,23.0,100.0,1000000.0,1000000.0,1000000.0,13.815511557963774,0.0
1090694,Vanderson,D,DEF,Ligue 1,25,1917.0,7.156000000000001,0.0409090909090909,0.08,0.8704442870704358,0.1709053552622474,0.1580970437423844,48.79304538274365,0.8306081311137491,0.7979525045012995,6.018587092837736,1.6136726045929692,3.0016396575645183,8.0,245.0,37.0,30.625,2.0,63.0,False,60.0,3.0,False,789082.0,AS Mónaco,Lateral derecho,AS Mónaco,2001.0,24.0,100.0,20000000.0,19000000.0,20000000.0,16.811242881518265,0.0
1090963,Omari Hutchinson,M,MID,Premier League,25,2117.0,6.624,0.1204494382022472,0.0804494382022472,1.406354528406929,0.1188829204511496,0.0674392606122199,26.67654299682262,0.9400017101910284,0.8249940666378801,4.550222674786425,0.4210139512031135,1.1528281871507604,4.0,47.0,7.0,11.75,4.0,47.0,False,22.0,5.0,False,741238.0,Ipswich Town,Extremo derecho,Nottingham Forest,2003.0,22.0,100.0,22000000.0,28000000.0,22000000.0,16.906553056777135,0.0
1091116,Arda Güler,M,MID,La Liga,16,1107.0,7.5875,0.2030887161437452,0.2851761476284886,2.97101558822265,0.2655002229351514,0.3215208382195282,57.00024269102159,2.6505887346630552,0.9049648147238452,5.7393554866175736,0.5138501504620329,1.8603787233120987,10.0,310.0,45.0,31.0,3.0,148.0,False,60.0,4.0,False,861410.0,Real Madrid CF,Mediocentro ofensivo,Real Madrid CF,2005.0,20.0,100.0,45000000.0,87000000.0,45000000.0,17.622173069956816,0.0
1092409,Victor Kristiansen,D,DEF,Premier League,23,2030.0,6.765217391304348,0.0,0.0434782608695652,0.0869565217391304,0.0475,0.072251126566922,39.54773898728486,0.7868416993710475,0.8133651105517584,4.8010125336830765,1.4622069080927087,3.1546624030839734,9.0,377.0,50.0,41.888888888888886,4.0,45.0,False,129.0,2.0,False,564529.0,Leicester City,Lateral izquierdo,Panathinaikos,2002.0,23.0,100.0,15000000.0,13000000.0,15000000.0,16.52356082573315,0.0
1092769,Yáser Asprilla,M,MID,La Liga,18,1252.0,6.955555555555556,0.1843849034860271,0.0555555555555555,2.3900295903416717,0.1649226044426553,0.2038235595186479,35.09035780602573,1.6056840543493374,0.7950069431659488,4.382522252403824,0.4633847223079053,1.2151814977145072,2.0,80.0,16.0,40.0,1.0,39.0,False,41.0,5.0,False,857818.0,Girona FC,Extremo derecho,Girona FC,2003.0,22.0,100.0,15000000.0,15000000.0,15000000.0,16.52356082573315,0.0
1087316,Enzo Barrenechea,M,MID,La Liga,25,1988.0,7.04,0.0428571428571428,0.0404494382022471,0.6989311393310073,0.1070002114355964,0.0464668206289752,54.034459252408745,0.5548140788491086,0.8508589979732899,6.168459120260568,1.1779817274139304,2.2902457477117726,8.0,346.0,45.0,43.25,1.0,12.0,False,269.0,5.0,False,671915.0,Valencia CF,Pivote,SL Benfica,2001.0,24.0,100.0,10000000.0,13800000.0,10000000.0,16.118095750958314,0.0
1087359,Renato Veiga,D,DEF,Serie A,15,1221.0,7.166666666666667,0.0,0.0666666666666666,1.2322186593373032,0.1451411693665931,0.0369484309986257,48.58347839364789,0.1333333333333333,0.8638854535047891,4.121514735074057,1.4350282485875707,1.3683615819209038,3.0,77.0,10.0,25.666666666666668,3.0,77.0,False,43.0,7.0,False,805714.0,Chelsea FC,Defensa central,Villarreal CF,2003.0,22.0,100.0,25000000.0,24000000.0,25000000.0,17.034386422832473,0.0
1087364,Tiago Santos,D,DEF,Ligue 1,5,370.0,7.06,0.0,0.0,1.4548063127690098,0.1410940219990435,0.1805305653658536,40.963558106169295,0.4647058823529411,0.8337009650683498,9.132568149210904,0.4195121951219512,3.003730272596844,1.0,320.0,41.0,320.0,1.0,320.0,True,320.0,4.0,False,816580.0,LOSC Lille,Lateral derecho,LOSC Lille,2002.0,23.0,100.0,15000000.0,12700000.0,15000000.0,16.52356082573315,0.0
1087514,Brooke Norton-Cuffy,D,DEF,Serie A,9,611.0,6.522222222222222,0.0,0.0,0.7881136950904393,0.0947953488372093,0.0147608649455747,26.7416340966087,0.3385012919896641,0.8010884112638499,3.817320826823271,0.5909920291942764,1.1935684151519008,7.0,244.0,40.0,34.857142857142854,3.0,109.0,False,62.0,4.0,False,728733.0,Génova,Lateral derecho,Génova,2004.0,21.0,100.0,3500000.0,16500000.0,3500000.0,15.068273812173889,0.0
1088565,Ramón Terrats,M,MID,La Liga,16,1274.0,7.05,0.252840909090909,0.0685975609756097,1.4601267561677036,0.1930440127692295,0.1135952425410499,24.21056637428964,1.277825083268456,0.7005595498731307,6.013964905028897,0.7096686188854762,1.425194883775759,4.0,232.0,32.0,58.0,1.0,97.0,False,97.0,4.0,False,783396.0,Getafe CF,Mediocentro,Getafe CF,2000.0,25.0,100.0,4000000.0,3200000.0,4000000.0,15.201805169084134,0.0
1088870,Daniel Fila,F,FWD,Serie A,7,446.0,6.728571428571429,0.5462184873949579,0.0,1.2349939975990396,0.6039991334033613,0.0582649311808934,15.01439786440892,0.5459183673469388,0.774078052273541,3.1527847981297783,0.0,0.3647959183673469,2.0,151.0,20.0,75.5,1.0,72.0,False,79.0,2.0,False,666268.0,Venezia FC,Delantero centro,US Avellino 1912,2002.0,23.0,100.0,3000000.0,2200000.0,3000000.0,14.914123179965662,0.0
1089108,Ilias Akhomach,M,MID,La Liga,8,535.0,7.1125,0.25,0.0,2.609009995832078,0.105033370889595,0.2279500323795457,23.34301573949464,0.9551740180551156,0.7894412878787879,8.159834576692266,0.440838485144992,1.3736712773527842,4.0,308.0,38.0,77.0,1.0,273.0,True,273.0,3.0,False,709969.0,Villarreal CF,Extremo derecho,Villarreal CF,2004.0,21.0,100.0,15000000.0,11100000.0,15000000.0,16.52356082573315,0.0
1089388,Lamare Bogarde,D,DEF,Premier League,7,471.0,6.585714285714286,0.0,0.0,0.2425876010781671,0.0696226415094339,0.0243666688045915,48.11179333034239,0.38544474393531,0.89080755702845,5.316893901992357,0.1428571428571428,2.0851997844323487,0.0,0.0,0.0,0.0,0.0,0.0,False,0.0,3.0,False,645686.0,Aston Villa,Pivote,Aston Villa,2004.0,21.0,100.0,6000000.0,14600000.0,6000000.0,15.607270193858982,0.0
1085400,Nico Williams,M,MID,La Liga,25,1913.0,6.96,0.1965865782932891,0.1822562449637389,2.399469036620314,0.2315571486323978,0.1753372709299227,25.86782281698089,1.7802130339461462,0.7894181382011104,6.567934649413029,0.3747645066953978,1.288629226034803,24.0,296.0,53.0,12.333333333333334,14.0,122.0,False,51.0,10.0,False,709187.0,Athletic Club,Extremo izquierdo,Athletic Club,2002.0,23.0,100.0,70000000.0,54000000.0,70000000.0,18.064005814299342,0.0
1085950,Tim Iroegbunam,M,MID,Premier League,4,351.0,6.575,0.0,0.0,1.0,0.1081,0.0209912772222222,22.416666666666664,0.5,0.7649267399267399,7.416666666666666,2.0277777777777777,3.833333333333333,2.0,125.0,19.0,62.5,1.0,106.0,False,106.0,2.0,False,696589.0,Everton FC,Mediocentro,Everton FC,2003.0,22.0,100.0,9000000.0,15500000.0,9000000.0,16.012735246411598,0.0
1086199,Franco Carboni,M,MID,Serie A,3,170.0,6.533333333333334,0.0,0.0,0.4615384615384615,0.0215999999999999,0.0058405273076923,23.025641025641026,0.5,0.7301587301587302,3.051282051282051,0.0,1.8846153846153848,1.0,6.0,1.0,6.0,1.0,6.0,False,6.0,5.0,False,731491.0,Venezia FC,Lateral izquierdo,Parma,2003.0,22.0,100.0,1000000.0,945000.0,1000000.0,13.815511557963774,0.0
1086223,Ange-Yoan Bonny,F,FWD,Serie A,35,2501.0,6.888571428571429,0.1425617615467239,0.1453317868572106,2.4003708775098618,0.3758612166692803,0.0750653723981312,20.06237203789338,1.108928388111147,0.7525838250279869,4.875988189607444,0.1200102223358037,1.1919985838779286,5.0,33.0,5.0,6.6,1.0,4.0,False,14.0,5.0,False,827734.0,Parma,Delantero centro,Inter de Milán,2003.0,22.0,100.0,20000000.0,34000000.0,20000000.0,16.811242881518265,0.0
1086286,Máximo Perrone,M,MID,Serie A,23,1806.0,6.960869565217391,0.0,0.1304347826086956,0.5529582881802142,0.1168651400086845,0.0821447283162653,67.08890098919959,1.809723018320616,0.907417519341288,3.0613961283452182,0.8160864643518686,1.7656192911947386,3.0,135.0,28.0,45.0,1.0,76.0,False,76.0,4.0,False,668547.0,Como 1907,Pivote,Como 1907,2003.0,22.0,100.0,12000000.0,24000000.0,12000000.0,16.300417291085605,0.0
1086417,Rasmus Højlund,F,FWD,Premier League,17,1263.0,6.617647058823529,0.1303656597774244,0.0,1.1398268981109752,0.3161159167328803,0.0584203182749804,14.243283925218847,0.8725941600033676,0.7957760376878024,3.0779489837629845,0.0588235294117647,0.2058823529411764,9.0,146.0,23.0,16.22222222222222,5.0,118.0,False,51.0,5.0,False,610442.0,Manchester United,Delantero centro,SSC Nápoles,2003.0,22.0,100.0,35000000.0,55000000.0,35000000.0,17.370858648025116,0.0
1086547,Leopold Querfeld,D,DEF,Bundesliga,20,1610.0,6.965000000000001,0.1,0.1,0.8088235294117647,0.1158182352941176,0.0665705655417956,41.351470588235294,0.4838235294117646,0.793658853470062,5.173529411764706,0.8558823529411764,1.1779411764705885,3.0,97.0,14.0,32.333333333333336,1.0,15.0,False,76.0,,False,597432.0,1.FC Unión Berlín,Defensa central,1.FC Unión Berlín,2003.0,22.0,100.0,13000000.0,17000000.0,13000000.0,16.380459992348886,0.0
1087043,Julián Malatini,D,DEF,Bundesliga,5,395.0,6.94,0.2,0.2093023255813953,0.4,0.1342,0.08671496420598,54.82857142857144,0.2093023255813953,0.8622649970381264,5.098671096345515,1.6285714285714286,1.832890365448505,6.0,147.0,17.0,24.5,2.0,25.0,False,76.0,,False,830108.0,SV Werder Bremen,Defensa central,SV Werder Bremen,2001.0,24.0,100.0,2500000.0,2100000.0,2500000.0,14.731801689838347,0.0
1119364,Samuele Vignato,F,FWD,Serie A,4,275.0,6.475,0.0,0.0,0.0,,0.0565764258058017,24.766618700240883,0.3082191780821918,0.7977843915343915,2.807349715405853,0.0,0.8748674443266172,4.0,178.0,24.0,44.5,4.0,178.0,False,84.0,4.0,False,650966.0,AC Monza,Mediocentro ofensivo,HNK Rijeka,2004.0,21.0,100.0,2200000.0,2300000.0,2200000.0,14.603968372873895,0.0
1119586,Iker Muñoz,M,MID,La Liga,7,370.0,6.785714285714286,0.0,0.4285714285714285,1.0,0.0752,0.116806761632653,41.08163265306122,1.4285714285714286,0.7938677863489894,4.36734693877551,0.7142857142857143,0.4285714285714285,1.0,62.0,8.0,62.0,1.0,62.0,False,62.0,5.0,False,710677.0,CA Osasuna,Pivote,CA Osasuna,2002.0,23.0,100.0,3000000.0,1800000.0,3000000.0,14.914123179965662,0.0
1120615,Antoine Mendy,D,DEF,Ligue 1,10,686.0,6.83,0.0,0.0,0.802247191011236,0.1239608988764044,0.0182429560270462,45.35428787138606,0.1,0.8141600591696543,6.647786117155927,0.901123595505618,3.266278811564596,5.0,186.0,23.0,37.2,3.0,153.0,False,102.0,3.0,False,891998.0,OGC Niza,Defensa central,OGC Niza,2004.0,21.0,100.0,2500000.0,3900000.0,2500000.0,14.731801689838347,0.0
1120669,Hugo Sotelo,M,MID,La Liga,15,1150.0,6.819999999999999,0.0,0.0,0.3464285714285714,0.0621245535714285,0.1181072609118788,63.777108848945815,1.127315932723847,0.8954755282601254,3.087148903927962,0.28,1.9077294665584328,1.0,21.0,1.0,21.0,0.0,0.0,False,21.0,2.0,False,892221.0,RC Celta de Vigo,Mediocentro,Levante UD,2003.0,22.0,100.0,4000000.0,7200000.0,4000000.0,15.201805169084134,0.0
1121333,Amir Richardson,M,MID,Serie A,14,824.0,6.807142857142857,0.0714285714285714,0.090543259557344,1.0998979048509627,0.1339738652865123,0.0492895286139101,55.80802778026784,0.5860610089106064,0.8663314585876634,6.110158872445339,0.5911340608586585,1.5969545792908304,2.0,28.0,5.0,14.0,1.0,21.0,False,21.0,2.0,False,893675.0,Fiorentina,Mediocentro,Le Havre AC,2002.0,23.0,100.0,8500000.0,4400000.0,8500000.0,15.955576839107596,0.0
1121475,Diego García,F,FWD,La Liga,14,1038.0,6.714285714285714,0.1763537667152125,0.0,1.7331373326764643,0.254271062815889,0.0158292671550685,13.328187509664886,0.4874097110754414,0.642522953237239,5.458380776543254,0.1805352934575244,0.1020408163265306,0.0,0.0,0.0,0.0,0.0,0.0,False,0.0,4.0,False,852727.0,CD Leganés,Delantero centro,Malmoe FF,2000.0,25.0,100.0,1500000.0,1600000.0,1500000.0,14.220976332738882,0.0
1121902,Phil Harres,F,FWD,Bundesliga,18,1340.0,6.933333333333334,0.5173333096093852,0.0657894736842105,1.9656344007603053,0.4422590586333941,0.0645134922442041,14.749471049155224,0.5102339181286549,0.5532047528424341,5.209162618426584,0.242325231319213,0.617678290350194,2.0,9.0,3.0,4.5,1.0,3.0,False,6.0,,False,606119.0,Holstein Kiel,Delantero centro,Holstein Kiel,2002.0,23.0,100.0,4000000.0,1900000.0,4000000.0,15.201805169084134,0.0
1121923,Antonio Nusa,M,MID,Bundesliga,17,1328.0,6.870588235294117,0.2100840336134453,0.0588235294117647,1.497270923083039,0.123595812632593,0.1184722552513705,28.836090700679332,1.086362276880275,0.7791217143780385,5.958353246736706,0.505931270637153,1.6660217599221605,8.0,209.0,36.0,26.125,5.0,134.0,False,71.0,4.0,False,894914.0,RB Leipzig,Extremo izquierdo,RB Leipzig,2005.0,20.0,100.0,28000000.0,31000000.0,28000000.0,17.147715103853763,0.0
1110842,Simon Adingra,M,MID,Premier League,8,480.0,6.65,0.4439655172413793,0.0,2.129593397425711,0.2818757383487321,0.1027913609047827,23.80123423920351,0.5414746543778801,0.7839915588367601,3.902516074026085,1.2016329575596818,2.110150052255864,4.0,55.0,10.0,13.75,2.0,44.0,False,25.0,5.0,False,658536.0,Brighton & Hove Albion,Extremo izquierdo,Sunderland AFC,2002.0,23.0,100.0,28000000.0,23000000.0,28000000.0,17.147715103853763,0.0
1111640,Matteo Prati,M,MID,Serie A,7,458.0,6.528571428571429,0.0,0.0,0.3576872822299651,0.0511291920731707,0.067629549849251,37.16833303157647,0.8343515037593985,0.7530247694183346,3.082547956031045,0.8963815789473684,1.65556667609495,1.0,24.0,5.0,24.0,1.0,24.0,False,24.0,3.0,False,876298.0,Cagliari,Pivote,Cagliari,2003.0,22.0,100.0,6000000.0,5400000.0,6000000.0,15.607270193858982,0.0
1114422,Cher Ndour,M,MID,Serie A,5,363.0,6.74,0.0,0.0,0.9736757624398074,0.0545515783841626,0.0235611583772588,45.94733081344173,0.2,0.8333251267208018,5.596603324185781,0.4,1.2663594470046082,2.0,16.0,3.0,8.0,1.0,3.0,False,13.0,4.0,False,651005.0,Fiorentina,Mediocentro,Fiorentina,2004.0,21.0,100.0,5000000.0,4700000.0,5000000.0,15.424948670398354,0.0
1116388,Jon Aramburu,D,DEF,La Liga,28,2327.0,6.885714285714286,0.0357142857142857,0.0357142857142857,0.4169097811359447,0.0525982760234203,0.0458741612878089,43.249521888694645,0.4173599612079735,0.7796604685647814,6.827692705174322,1.163185212247967,3.5927910352351624,0.0,0.0,0.0,0.0,0.0,0.0,False,0.0,5.0,False,661145.0,Real Sociedad,Lateral derecho,Real Sociedad,2002.0,23.0,100.0,15000000.0,13900000.0,15000000.0,16.52356082573315,0.0
1116570,Nicolás Valentini,D,DEF,Serie A,13,1111.0,7.061538461538461,0.0,0.0,0.6469780219780219,0.05815625,0.0329702196108058,35.69887057387057,0.4835164835164835,0.6571625255092979,7.391483516483517,1.214896214896215,2.724511599511599,5.0,96.0,13.0,19.2,1.0,3.0,False,44.0,4.0,False,860992.0,Hellas Verona,Defensa central,Fiorentina,2001.0,24.0,100.0,6000000.0,5200000.0,6000000.0,15.607270193858982,0.0
1116577,Santiago Castro,F,FWD,Serie A,27,2085.0,6.955555555555556,0.290199545777639,0.1277233115468409,2.5928095577244203,0.3612491632070577,0.0588813395215426,16.60791784056586,0.9757532813028932,0.7807526973305604,4.784053291958889,0.0781893004115226,0.6756069627779412,3.0,18.0,3.0,6.0,2.0,14.0,False,10.0,5.0,False,849520.0,Bolonia,Delantero centro,Bolonia,2004.0,21.0,100.0,35000000.0,32000000.0,35000000.0,17.370858648025116,0.0
1116987,Alejo Véliz,F,FWD,La Liga,17,998.0,6.670588235294118,0.0588235294117647,0.0,1.5700683793307997,0.3146664071631767,0.0079157317438501,13.343390957355243,0.3277310924369748,0.6872975064151534,6.365444992938414,0.2759978991596639,0.0756302521008403,2.0,41.0,5.0,20.5,1.0,37.0,False,37.0,6.5,False,888493.0,RCD Espanyol,Delantero centro,Esporte Clube Bahia,2003.0,22.0,100.0,2500000.0,3600000.0,2500000.0,14.731801689838347,0.0
1117025,Facundo Buonanotte,M,MID,Premier League,15,1086.0,7.013333333333334,0.2335873983739837,0.1550952775476387,2.196520725806953,0.3740149952602992,0.1427090393869868,30.44756241231681,1.616213373005866,0.7812647680064561,6.930303009954377,0.7140238489762102,2.980357873827105,2.0,15.0,2.0,7.5,1.0,4.0,False,11.0,3.0,False,983989.0,Leicester City,Mediocentro ofensivo,Brighton & Hove Albion,2004.0,21.0,100.0,20000000.0,14600000.0,20000000.0,16.811242881518265,0.0
1105869,Marko Ivezić,D,DEF,Bundesliga,18,1518.0,6.555555555555555,0.0,0.0,0.3333333333333333,0.0506333333333333,0.0055903919302707,51.79140887773583,0.16729088639201,0.8474946948605706,3.8156906482590927,1.5059244355019004,1.5244337435348672,0.0,0.0,0.0,0.0,0.0,0.0,False,0.0,2.0,False,706024.0,Holstein Kiel,Defensa central,Holstein Kiel,2001.0,24.0,100.0,2000000.0,1600000.0,2000000.0,14.508658238524095,0.0
1106451,Dango Ouattara,F,FWD,Premier League,17,1320.0,7.117647058823529,0.3254026455271403,0.1183079973562458,2.53435822434164,0.5026555905171297,0.0808632971166241,20.863147410549765,1.1360770950211485,0.6594245231504294,5.301231982900988,0.2941176470588235,1.7117357088496692,6.0,212.0,30.0,35.333333333333336,5.0,204.0,True,106.0,5.0,False,823231.0,AFC Bournemouth,Extremo derecho,Brentford FC,2002.0,23.0,100.0,28000000.0,36000000.0,28000000.0,17.147715103853763,0.0
1106573,Jhon Solís,M,MID,La Liga,7,369.0,6.6000000000000005,0.0,0.0,0.3896103896103896,0.1789090909090909,0.0252958477784465,51.52858839812699,0.1428571428571428,0.8706916099773243,4.971480540692464,0.3056057866184448,1.623787604800263,1.0,32.0,7.0,32.0,1.0,32.0,False,32.0,5.0,False,742521.0,Girona FC,Mediocentro,Birmingham City,2004.0,21.0,100.0,2500000.0,2700000.0,2500000.0,14.731801689838347,0.0
1107591,Mohamed Amoura,F,FWD,Bundesliga,29,2382.0,7.193103448275862,0.37614875504983,0.3815907911913214,2.655055418042362,0.3446259180417468,0.1376498266661773,25.87171116667444,1.3683559567665964,0.731953083613635,3.702252128304877,0.3444709448766244,0.9948522167357138,10.0,211.0,25.0,21.1,3.0,85.0,True,42.0,4.0,False,746910.0,VfL Wolfsburgo,Delantero centro,VfL Wolfsburgo,2000.0,25.0,100.0,32000000.0,35000000.0,32000000.0,17.281246492014,0.0
1108441,Lucas Beraldo,D,DEF,Ligue 1,21,1794.0,7.085714285714286,0.0476190476190476,0.0,0.5515436944008373,0.0969482295482295,0.0439757661303613,92.5975124989755,0.4518182620592259,0.9427221817689624,3.908123861221968,1.0675559380378656,1.6932234432234432,2.0,28.0,6.0,14.0,0.0,0.0,False,21.0,3.0,False,872171.0,París Saint-Germain FC,Defensa central,París Saint-Germain FC,2003.0,22.0,100.0,25000000.0,18500000.0,25000000.0,17.034386422832473,0.0
1109771,Adam Wharton,M,MID,Premier League,11,835.0,7.109090909090909,0.0,0.0,0.9903094448548994,0.0479126606501606,0.1403406509613385,49.29309485735818,1.976056075585856,0.774626645422885,4.553234362011792,1.1131595677050223,2.1510609190859977,4.0,116.0,24.0,29.0,2.0,100.0,False,93.0,4.0,False,744149.0,Crystal Palace,Pivote,Crystal Palace,2004.0,21.0,100.0,45000000.0,63000000.0,45000000.0,17.622173069956816,0.0
1110006,Dário Essugo,M,MID,La Liga,27,1952.0,6.888888888888889,0.037037037037037,0.0,1.115393451761954,0.0484446924851149,0.0292780531135091,43.785049901521816,0.5800430359370987,0.8384557212266065,5.759486046955265,1.9124807408412503,2.581001654149798,4.0,218.0,52.0,54.5,1.0,11.0,False,123.0,8.0,False,670717.0,Chelsea FC,Pivote,Chelsea FC,2005.0,20.0,100.0,20000000.0,15800000.0,20000000.0,16.811242881518265,0.0
1110136,Mandela Keita,M,MID,Serie A,25,1765.0,6.792000000000001,0.0,0.12,0.2628571428571428,0.0552999999999999,0.0363231137476045,36.92085466486351,0.6072049689440994,0.8979451750268227,5.495803701799686,1.141098901098901,2.428532641855641,4.0,168.0,31.0,42.0,2.0,81.0,False,82.0,4.0,False,707844.0,Parma,Pivote,Parma,2002.0,23.0,100.0,12000000.0,16300000.0,12000000.0,16.300417291085605,0.0
1099352,Giuliano Simeone,M,MID,La Liga,27,1812.0,6.95925925925926,0.0847275847275847,0.3503832950647215,1.0200703233116164,0.1307698535037919,0.2150086637058827,33.56469680150804,1.052611807881365,0.7813407217137778,4.9339747169642765,0.6194851953614327,1.1802728257924515,2.0,153.0,21.0,76.5,1.0,147.0,False,147.0,5.0,False,742201.0,Atlético de Madrid,Extremo derecho,Atlético de Madrid,2002.0,23.0,100.0,35000000.0,44000000.0,35000000.0,17.370858648025116,0.0
1100831,John Patrick,M,MID,Ligue 1,6,360.0,6.633333333333333,0.0,0.0,0.9545454545454546,0.0414,0.056442553030303,39.84632034632035,0.2272727272727273,0.7597880116959065,9.316017316017316,0.8939393939393939,4.287878787878788,0.0,0.0,0.0,0.0,0.0,0.0,False,0.0,4.0,False,841121.0,Stade de Reims,Mediocentro,Stade de Reims,2003.0,22.0,100.0,1200000.0,825000.0,1200000.0,13.997832948091215,0.0
1100836,Samuel Mbangula,M,MID,Serie A,8,546.0,7.175,0.2514044943820225,0.2904411764705882,0.6503173792499635,0.092130706746437,0.1212368856062452,31.713862811640404,1.94025171631748,0.9044675885708494,5.224432347408223,0.1785714285714285,2.399810539846891,6.0,155.0,23.0,25.83333333333333,2.0,118.0,False,100.0,5.0,False,654991.0,Juventus de Turín,Extremo izquierdo,SV Werder Bremen,2004.0,21.0,100.0,14000000.0,9100000.0,14000000.0,16.454567959008102,0.0
1101992,Alessandro Bianco,M,MID,Serie A,32,2569.0,6.8,0.0,0.0,0.8716447219710669,0.0774735969387755,0.0489918238495207,51.47725867007833,0.6566541839412517,0.8676524798755313,4.972552174492091,0.7724387953818334,1.7726873343847855,2.0,14.0,1.0,7.0,0.0,0.0,False,11.0,4.0,False,602124.0,AC Monza,Mediocentro,Modena FC,2002.0,23.0,100.0,5000000.0,4099999.0,5000000.0,15.424948670398354,0.0
1102502,Quentin Merlin,M,MID,Ligue 1,21,1419.0,6.923809523809524,0.0571428571428571,0.1650358773646444,1.2871531527987354,0.2107474503796879,0.1068606007771041,52.59393796388951,1.175035647173687,0.847936200074695,3.001846050001155,1.0048474594200667,1.1627751653646723,4.0,159.0,31.0,39.75,3.0,93.0,False,66.0,4.0,False,557613.0,Olympique de Marsella,Lateral izquierdo,Stade Rennais FC,2002.0,23.0,100.0,15000000.0,11600000.0,15000000.0,16.52356082573315,0.0
1104986,Alex Scott,M,MID,Premier League,3,190.0,7.133333333333333,0.0,0.0,0.0,,0.1176797767857142,39.78422619047619,2.3660714285714284,0.8370842589909527,12.32142857142857,2.849702380952381,5.215773809523809,2.0,184.0,32.0,92.0,2.0,184.0,False,115.0,3.0,False,855256.0,AFC Bournemouth,Mediocentro,AFC Bournemouth,2003.0,22.0,100.0,20000000.0,43000000.0,20000000.0,16.811242881518265,0.0
1105779,Andrey Santos,M,MID,Ligue 1,31,2767.0,7.445161290322581,0.3024430275866422,0.0967741935483871,1.4389874376617635,0.2304528333191525,0.0628134757474275,50.23278202133704,0.8709677419354839,0.8840368194826286,7.35212423458115,1.0,3.5605075437156746,1.0,16.0,3.0,16.0,0.0,0.0,False,16.0,6.0,False,743600.0,Chelsea FC,Mediocentro,Manchester United,2004.0,21.0,100.0,35000000.0,44000000.0,35000000.0,17.370858648025116,0.0
1131338,Robert Wagner,M,MID,Bundesliga,5,335.0,6.48,0.0,0.0,0.4,0.1095,0.0206063214416368,29.89105139898928,0.0,0.785869614256711,4.658523357574263,0.2,1.795772217428818,7.0,147.0,20.0,21.0,6.0,139.0,False,96.0,,False,690429.0,FC St. Pauli,Mediocentro,SG Dynamo Dresden,2003.0,22.0,100.0,3000000.0,2200000.0,3000000.0,14.914123179965662,0.0
1131339,Jordy Makengo,D,DEF,Bundesliga,8,640.0,6.5,0.0,0.0,0.0,,0.0342578739919995,29.42268193240679,0.125,0.8364241493273752,3.0125198728139906,1.3581593927893738,1.1814387917329094,6.0,60.0,10.0,10.0,4.0,41.0,False,16.0,3.0,False,815078.0,SC Friburgo,Lateral izquierdo,SC Friburgo,2001.0,24.0,100.0,6000000.0,5800000.0,6000000.0,15.607270193858982,0.0
1131541,Bamo Meïté,D,DEF,Ligue 1,6,413.0,6.333333333333333,0.0,0.0,0.2083333333333333,0.027,0.0042680751327723,33.38900187003272,0.0,0.8656403924734466,3.085051425899953,0.7419354838709676,0.7926601215521272,3.0,102.0,14.0,34.0,2.0,71.0,False,49.0,3.0,False,807165.0,Montpellier HSC,Defensa central,Olympique de Marsella,2001.0,24.0,100.0,4000000.0,3900000.0,4000000.0,15.201805169084134,0.0
1131909,Leo Román,G,GK,La Liga,7,630.0,7.828571428571428,0.0,0.0,0.0,,0.0023832314285714,31.714285714285715,0.0,0.5437799985847653,0.2857142857142857,0.0,0.0,1.0,38.0,6.0,38.0,0.0,0.0,False,38.0,6.0,False,562742.0,RCD Mallorca,Portero,RC Deportivo A Coruña,2000.0,25.0,100.0,5000000.0,5800000.0,5000000.0,15.424948670398354,5.7142857142857135
1134203,Kauã Santos,G,GK,Bundesliga,9,765.0,7.2555555555555555,0.0,0.0,0.0,,0.0013050922222222,30.22222222222222,0.1111111111111111,0.6635970761106877,1.0,0.0,0.0,3.0,195.0,15.0,65.0,1.0,119.0,True,119.0,5.0,False,997861.0,Eintracht Fráncfort​​,Portero,Eintracht Fráncfort​​,2003.0,22.0,100.0,2500000.0,6500000.0,2500000.0,14.731801689838347,4.352941176470589
1134351,Ismael Koné,M,MID,Ligue 1,11,636.0,6.781818181818181,0.1341281669150521,0.0,1.1113160909313342,0.0963847697985482,0.076610503948331,38.61020201996388,0.7455303240799211,0.7944694529783692,5.484849708693424,0.9608162937371952,2.177288422660389,4.0,250.0,10.0,62.5,2.0,45.0,False,199.0,5.0,False,921655.0,Stade Rennais FC,Mediocentro,US Sassuolo,2002.0,23.0,100.0,9000000.0,21000000.0,9000000.0,16.012735246411598,0.0
1135873,Alejandro Garnacho,F,FWD,Premier League,17,1276.0,6.81764705882353,0.2199122754311122,0.0,3.1329254341096786,0.2971633604344636,0.09081822894866,29.886945299496237,1.3889725895243294,0.8246643099575744,3.6845183481121206,0.5795437332360516,1.006578826260894,2.0,67.0,14.0,33.5,0.0,0.0,False,54.0,2.0,False,811779.0,Manchester United,Extremo izquierdo,Aston Villa,2004.0,21.0,100.0,45000000.0,37000000.0,45000000.0,17.622173069956816,0.0
1129935,Tom Bischof,M,MID,Bundesliga,29,2472.0,7.241379310344827,0.1379310344827586,0.0689655172413793,1.7124818658716925,0.0910800242077444,0.163888350184813,47.019402954250936,1.63523763074557,0.824010028297259,5.86761330841325,1.074199044526161,3.3703253485941844,5.0,89.0,14.0,17.8,1.0,33.0,False,33.0,4.0,False,822959.0,Bayern Múnich,Mediocentro,Bayern Múnich,2005.0,20.0,100.0,30000000.0,39000000.0,30000000.0,17.216707972959764,0.0
1130067,Fabio Chiarodia,D,DEF,Bundesliga,3,238.0,6.933333333333334,0.3846153846153846,0.0,1.47985347985348,0.1122245421245421,0.1143630162271062,47.472527472527474,0.3333333333333333,0.8649084833295358,3.43956043956044,1.5238095238095235,1.95970695970696,6.0,124.0,21.0,20.666666666666668,1.0,3.0,False,66.0,3.0,False,724104.0,Borussia Mönchengladbach,Defensa central,Borussia Mönchengladbach,2005.0,20.0,100.0,2000000.0,2900000.0,2000000.0,14.508658238524095,0.0
1130647,Jonas Urbig,G,GK,Bundesliga,8,720.0,6.7,0.0,0.0,0.0,,0.01844948875,31.625,0.0,0.7874300625096465,0.25,0.0,0.0,8.0,68.0,5.0,8.5,4.0,25.0,False,25.0,4.0,False,607720.0,Bayern Múnich,Portero,Bayern Múnich,2003.0,22.0,100.0,12000000.0,16399999.0,12000000.0,16.300417291085605,2.125
1130939,Maghnes Akliouche,M,MID,Ligue 1,26,2228.0,7.342307692307693,0.1575984990619137,0.349906191369606,2.276168472246493,0.3586065405571734,0.2793947369710999,41.92674757835,1.7156972243540023,0.8512929263854901,5.0005531400754695,0.5464873879508025,1.796651191461201,5.0,26.0,6.0,5.2,2.0,13.0,False,8.0,3.0,False,745200.0,AS Mónaco,Extremo derecho,AS Mónaco,2002.0,23.0,100.0,45000000.0,49000000.0,45000000.0,17.622173069956816,0.0
1130942,Félix Lemaréchal,F,FWD,Ligue 1,21,1620.0,7.057142857142857,0.2174695922769645,0.156905067959775,1.361391372726774,0.2665120485430771,0.1055887659858584,33.96971891256844,1.6922668631863511,0.8211600878379803,4.2338964575080045,0.5750623832996778,1.775883537469768,2.0,23.0,3.0,11.5,2.0,23.0,False,17.0,4.0,False,659518.0,Racing Club de Estrasburgo,Mediocentro ofensivo,Club Brujas KV,2003.0,22.0,100.0,10000000.0,8700000.0,10000000.0,16.118095750958314,0.0
1130946,Elias Saad,F,FWD,Bundesliga,13,835.0,6.9692307692307685,0.2629749768303985,0.23725671918443,2.721804250428813,0.297521390565643,0.1055217832335477,21.464105325639014,1.225186289180561,0.7763686360091042,6.496695436828555,0.1739412273120138,1.8930758723068115,8.0,286.0,35.0,35.75,4.0,169.0,True,87.0,2.0,False,526466.0,FC St. Pauli,Extremo izquierdo,Nashville SC,1999.0,26.0,100.0,4000000.0,2700000.0,4000000.0,15.201805169084134,0.0
1130986,Paul Joly,D,DEF,Ligue 1,11,782.0,6.545454545454546,0.0,0.0909090909090909,0.8789158061921962,0.0944503162107835,0.1439206667897423,41.85356300253439,1.4803144075907977,0.6981148142617054,6.875208958977879,1.8098154876588517,3.297808115498377,2.0,45.0,5.0,22.5,1.0,38.0,False,38.0,4.0,False,806168.0,AJ Auxerre,Lateral derecho,1.FC Kaiserslautern,2000.0,25.0,100.0,1800000.0,2300000.0,1800000.0,14.403297778421797,0.0
1131337,Max Rosenfelder,D,DEF,Bundesliga,13,1040.0,6.792307692307692,0.0975081256771397,0.0,0.3646637045142272,0.1549590376201683,0.0130376686008819,45.44410116353208,0.2587412587412587,0.8634084630751988,4.45759372516111,0.5055348815299825,1.564305259957434,17.0,757.0,104.0,44.52941176470589,8.0,363.0,True,153.0,,False,599419.0,SC Friburgo,Defensa central,SC Friburgo,2003.0,22.0,100.0,8000000.0,6300000.0,8000000.0,15.894952224644102,0.0
1127313,Tom Louchet,D,DEF,Ligue 1,7,566.0,7.228571428571429,0.0,0.0,1.1938775510204085,0.2427261904761904,0.1815001245268379,37.05806741516591,2.147370661582515,0.8501239045574022,5.57044319231612,1.578011849901251,2.7279699899214456,0.0,0.0,0.0,0.0,0.0,0.0,False,0.0,2.0,False,750904.0,OGC Niza,Interior derecho,OGC Niza,2003.0,22.0,100.0,2500000.0,7200000.0,2500000.0,14.731801689838347,0.0
1127590,Mohamed Kaba,M,MID,Serie A,8,357.0,6.6625,0.0,0.0,0.625,0.1109,0.0110154412447908,34.409534650409014,0.0,0.8007574791050023,6.544316252508104,0.5460526315789473,2.681683130112672,4.0,261.0,24.0,65.25,3.0,246.0,False,219.0,2.0,False,911328.0,US Lecce,Mediocentro,US Lecce,2001.0,24.0,100.0,2000000.0,1400000.0,2000000.0,14.508658238524095,0.0
1127823,Luca Jaquez,D,DEF,Bundesliga,3,215.0,6.6000000000000005,0.0,0.0,0.5263157894736842,0.3378947368421052,0.0155585480491769,70.58270676691728,0.0,0.9061883207452828,1.8634423897581796,0.7142857142857143,0.4054054054054054,14.0,260.0,31.0,18.571428571428573,3.0,27.0,False,91.0,4.0,False,539798.0,VfB Stuttgart,Defensa central,VfB Stuttgart,2003.0,22.0,100.0,6000000.0,10700000.0,6000000.0,15.607270193858982,0.0
1128063,Federico Gatti,D,DEF,Serie A,25,2133.0,7.068,0.04,0.0,1.0603490606560713,0.1619345659631949,0.0116139043775749,60.02214851983329,0.2666666666666666,0.948365183325502,3.6072072952971,0.7028023793787177,1.2483865216616152,6.0,116.0,17.0,19.33333333333333,3.0,59.0,False,44.0,5.0,False,509022.0,Juventus de Turín,Defensa central,Juventus de Turín,1998.0,27.0,100.0,24000000.0,15100000.0,24000000.0,16.993564429978885,0.0
1128530,Neil El Aynaoui,M,MID,Ligue 1,18,1418.0,7.277777777777778,0.4797509254030994,0.0555555555555555,1.104476441432963,0.335125420231942,0.1246945983062966,50.61861628709455,1.1246784616349832,0.8664609916394336,5.670123204090595,1.6759108946608947,2.214324926281448,4.0,116.0,12.0,29.0,4.0,116.0,False,53.0,5.0,False,901019.0,RC Lens,Mediocentro,AS Roma,2001.0,24.0,100.0,15000000.0,19000000.0,15000000.0,16.52356082573315,0.0
1128532,Habib Diarra,M,MID,Ligue 1,27,2223.0,6.962962962962963,0.1522633744855966,0.1481481481481481,1.0058844440677648,0.1757368653565645,0.1351606339308207,35.205279275307234,0.9054520358868184,0.8651421370587452,3.947565362371512,0.5029239766081871,0.8729811809161278,8.0,245.0,26.0,30.625,5.0,83.0,False,89.0,5.0,False,876631.0,Racing Club de Estrasburgo,Mediocentro,Sunderland AFC,2004.0,21.0,100.0,20000000.0,34000000.0,20000000.0,16.811242881518265,0.0
1129527,Bilal Nadir,F,FWD,Ligue 1,5,272.0,7.0,0.4,0.0,2.1064039408866995,0.2222842364532019,0.0719718229895824,55.20521682952435,1.1862230477267222,0.887530860386548,4.768973592828878,0.5807962529274004,1.6911410805136076,5.0,309.0,37.0,61.8,2.0,251.0,False,249.0,4.0,False,659520.0,Olympique de Marsella,Mediocentro,Hamburgo SV,2003.0,22.0,100.0,5000000.0,260000.0,5000000.0,15.424948670398354,0.0
1129751,Julien Le Cardinal,D,DEF,Ligue 1,16,1379.0,7.04375,0.0,0.0625,0.652027027027027,0.0576239864864864,0.0230480675,51.81587837837838,0.375,0.8668385584951604,4.755067567567568,2.277027027027027,1.8125,5.0,124.0,17.0,24.8,2.0,78.0,False,48.0,3.0,False,794349.0,Stade Brestois 29,Defensa central,AS Saint-Étienne,1997.0,28.0,100.0,2000000.0,1500000.0,2000000.0,14.508658238524095,0.0
1122488,Adrián Pica,D,DEF,La Liga,5,440.0,6.9,0.0,0.0,0.825,0.085971875,0.008299749,35.975,0.2,0.7635114182972961,5.6,1.425,1.65,0.0,0.0,0.0,0.0,0.0,0.0,False,0.0,2.0,False,895458.0,Deportivo Alavés,Defensa central,FC Penafiel,2002.0,23.0,100.0,1200000.0,1000000.0,1200000.0,13.997832948091215,0.0
1122806,Arthur Chaves,D,DEF,Bundesliga,24,2091.0,6.775,0.0416666666666666,0.0,0.3333333333333333,0.1034857142857142,0.0158647081325173,45.99642938562362,0.2302259887005649,0.816636725413573,5.967191438894698,1.5394993626843048,2.1373497140691744,3.0,24.0,5.0,8.0,1.0,1.0,False,13.0,4.0,False,875332.0,TSG 1899 Hoffenheim,Defensa central,TSG 1899 Hoffenheim,2001.0,24.0,100.0,5000000.0,3900000.0,5000000.0,15.424948670398354,0.0
1126175,Saba Goglichidze,D,DEF,Serie A,32,2522.0,6.625,0.0,0.0316011235955056,0.2194700460829493,0.0737795391705069,0.0073764363635174,32.862731380901714,0.0984523894182904,0.7719205751677755,4.481159918543722,1.1657094251934752,2.1726227603438937,4.0,50.0,8.0,12.5,1.0,16.0,False,16.0,5.0,False,906160.0,Empoli FC,Defensa central,Udinese,2004.0,21.0,100.0,8000000.0,4300000.0,8000000.0,15.894952224644102,0.0
1126521,Lucas Stassin,F,FWD,Ligue 1,22,1710.0,7.218181818181819,0.5557062595460217,0.1714647711838723,2.120203341753418,0.4123582956341873,0.1634766106574039,21.770753834320573,0.7751597440912849,0.7699412810824416,4.010962492731473,0.142692750287687,0.8623113344849386,4.0,121.0,16.0,30.25,3.0,96.0,False,63.0,3.0,False,655012.0,AS Saint-Étienne,Delantero centro,AS Saint-Étienne,2004.0,21.0,100.0,18000000.0,15700000.0,18000000.0,16.705882371415992,0.0
1126569,Bilal El Khannouss,M,MID,Premier League,16,1206.0,7.01875,0.1490654615654615,0.0760135135135135,1.0234302383104168,0.0572060786158638,0.1266606829274407,40.65880666084112,1.5874132882769223,0.7799387145453133,5.524573536739743,0.3159311655405405,2.4544914115773144,0.0,0.0,0.0,0.0,0.0,0.0,False,0.0,5.0,False,654982.0,Leicester City,Mediocentro ofensivo,VfB Stuttgart,2004.0,21.0,100.0,28000000.0,30000000.0,28000000.0,17.147715103853763,0.0
1126779,Williot Swedberg,F,FWD,La Liga,19,1124.0,6.747368421052631,0.3289473684210526,0.3209586466165413,1.521935841338217,0.2924518535303208,0.0855403903058751,22.27531396547464,0.8570674011514464,0.751233096109257,4.149960381754496,0.1992481203007518,1.394599092129227,4.0,80.0,11.0,20.0,4.0,80.0,False,50.0,4.0,False,764859.0,RC Celta de Vigo,Extremo izquierdo,RC Celta de Vigo,2004.0,21.0,100.0,5000000.0,14000000.0,5000000.0,15.424948670398354,0.0
1127057,Valentín Barco,M,MID,Ligue 1,17,1387.0,7.017647058823529,0.0,0.1203363949221688,1.0281559814937211,0.0846803370786516,0.0998483255118977,51.31865739003414,0.7700389725824464,0.8280073375560031,6.32673351754977,0.9216642622739556,3.1185589941658045,6.0,70.0,14.0,11.666666666666666,3.0,36.0,False,20.0,4.0,False,849410.0,Racing Club de Estrasburgo,Mediocentro,Racing Club de Estrasburgo,2004.0,21.0,100.0,12000000.0,27000000.0,12000000.0,16.300417291085605,0.0
1142566,Gabriel Misehouy,M,MID,La Liga,3,154.0,6.866666666666667,0.0,0.0,0.9090909090909092,0.0676363636363636,0.2306534369501466,34.27565982404692,1.935483870967742,0.9107142857142856,7.054740957966764,0.0,0.9090909090909092,6.0,386.0,60.0,64.33333333333333,1.0,67.0,False,174.0,3.0,False,646698.0,Girona FC,Mediocentro ofensivo,Girona FC,2005.0,20.0,100.0,1000000.0,875000.0,1000000.0,13.815511557963774,0.0
1142588,Pablo Barrios,M,MID,La Liga,28,2231.0,7.067857142857143,0.0357142857142857,0.1655844155844155,1.241187183602914,0.1131627515742684,0.0942073196057095,56.96808607778041,1.126431472808233,0.867153224297487,5.1938698954635365,1.1974559697752176,1.7950861876585995,10.0,286.0,52.0,28.6,6.0,171.0,False,52.0,5.0,False,775605.0,Atlético de Madrid,Mediocentro,Atlético de Madrid,2003.0,22.0,100.0,55000000.0,66000000.0,55000000.0,17.822843761378564,0.0
1142636,Stefan Bajčetić,M,MID,La Liga,13,951.0,6.761538461538462,0.0795755968169761,0.0,0.460380059631517,0.0630651655529488,0.0259304055184006,37.17111727878507,0.6922728017482124,0.7130644284490438,6.666957293403958,1.3565414105799638,2.760542933524605,5.0,881.0,134.0,176.2,3.0,642.0,True,443.0,2.0,False,864799.0,UD Las Palmas,Pivote,Liverpool FC,2004.0,21.0,100.0,9000000.0,4900000.0,9000000.0,16.012735246411598,0.0
1142672,Warren Zaïre-Emery,M,MID,Ligue 1,23,1813.0,7.004347826086956,0.0501672240802675,0.1027667984189723,0.8345325893216674,0.224285830555604,0.0618850009759469,68.46048074493092,0.7268936981240052,0.9295537061659184,4.31419494827356,1.00964254051238,2.360065629343754,5.0,68.0,18.0,13.6,4.0,62.0,False,27.0,4.0,False,810092.0,París Saint-Germain FC,Mediocentro,París Saint-Germain FC,2006.0,19.0,100.0,55000000.0,49000000.0,55000000.0,17.822843761378564,0.0
1142679,Wilson Odobert,F,FWD,Premier League,3,207.0,6.666666666666667,0.0,0.0,2.971689464226777,0.2645480582346254,0.0347699378598408,37.28739594411236,0.85995085995086,0.8181481481481482,6.10436759690491,0.4477611940298507,2.1744471744471743,3.0,438.0,51.0,146.0,2.0,146.0,False,292.0,4.0,False,743498.0,Tottenham Hotspur,Extremo izquierdo,Tottenham Hotspur,2004.0,21.0,100.0,20000000.0,21000000.0,20000000.0,16.811242881518265,0.0
1143587,Ahmed Hassan,F,FWD,Ligue 1,10,696.0,6.69,0.3547846889952153,0.140625,2.0807466499368603,0.6898651965615153,0.0345119156779245,18.03160103678234,0.3977678571428571,0.779707686104745,3.5682300173776134,0.1343283582089552,0.3568825910931174,24.0,721.0,98.0,30.041666666666668,2.0,29.0,False,141.0,,True,184816.0,Le Havre AC,Delantero centro,Sin equipo,1993.0,32.0,100.0,800000.0,655000.0,800000.0,13.592368256649284,0.0
1144630,Cristhian Mosquera,D,DEF,La Liga,35,3140.0,6.854285714285714,0.0285714285714285,0.0,0.1428571428571428,0.08458,0.0074727166428571,54.75714285714286,0.0,0.9030355006216734,3.492857142857143,1.0071428571428571,1.5464285714285717,1.0,40.0,10.0,40.0,0.0,0.0,False,40.0,5.0,False,646750.0,Valencia CF,Defensa central,Arsenal FC,2004.0,21.0,100.0,30000000.0,33000000.0,30000000.0,17.216707972959764,0.0
1145100,Yoel Lago,D,DEF,La Liga,7,570.0,6.628571428571428,0.0,0.1428571428571428,0.0,,0.00838221,68.45714285714286,0.1428571428571428,0.9198761386155146,4.4,0.5714285714285714,1.9142857142857144,0.0,0.0,0.0,0.0,0.0,0.0,False,0.0,4.0,False,939374.0,RC Celta de Vigo,Defensa central,RC Celta de Vigo,2004.0,21.0,100.0,1000000.0,2300000.0,1000000.0,13.815511557963774,0.0
1142175,Kobbie Mainoo,M,MID,Premier League,17,1281.0,6.811764705882353,0.0,0.0,0.6796543694877332,0.0723177200353825,0.0919400026884414,45.69754972422405,0.9643182350339516,0.8596791434384781,6.105522510861929,1.059873949579832,2.703542485105497,6.0,203.0,42.0,33.833333333333336,3.0,171.0,False,88.0,6.0,False,820374.0,Manchester United,Mediocentro,Manchester United,2005.0,20.0,100.0,50000000.0,52000000.0,50000000.0,17.72753358339242,0.0
1142211,Hugo Larsson,M,MID,Bundesliga,30,2357.0,6.913333333333333,0.1019607843137254,0.0333333333333333,0.7431991346753934,0.2151767272934764,0.0793481630280065,46.76767286135507,0.9253795937247168,0.8687639869597363,2.795032826039033,1.06157843252347,1.7264750944231104,10.0,112.0,23.0,11.2,6.0,72.0,False,23.0,4.0,False,931838.0,Eintracht Fráncfort​​,Mediocentro,Eintracht Fráncfort​​,2004.0,21.0,100.0,40000000.0,42000000.0,40000000.0,17.50439003707821,0.0
1142233,Diego Moreira,M,MID,Ligue 1,30,2469.0,7.0633333333333335,0.0670411985018726,0.2446561990612905,0.9025839683626196,0.11789321493438,0.2538695242701304,39.65614988569389,1.039972515689749,0.8052378861713497,5.8662925228747005,1.0947804488170367,1.6084172803974552,5.0,70.0,13.0,14.0,3.0,23.0,False,38.0,4.0,False,655006.0,Racing Club de Estrasburgo,Interior izquierdo,Racing Club de Estrasburgo,2004.0,21.0,100.0,18000000.0,24000000.0,18000000.0,16.705882371415992,0.0
1142238,Álex Valle,D,DEF,Serie A,13,1022.0,6.838461538461538,0.0,0.0,0.7456347425280369,0.0436554266796667,0.0455890706221741,45.83518468366968,1.0169665509849777,0.8401691641794617,5.00040448440495,0.6564177136878904,2.2167560240262008,3.0,71.0,9.0,23.666666666666668,2.0,49.0,False,25.0,4.0,False,709957.0,Como 1907,Lateral izquierdo,Como 1907,2004.0,21.0,100.0,6000000.0,10800000.0,6000000.0,15.607270193858982,0.0
1142251,Aleksandar Pavlović,M,MID,Bundesliga,17,1373.0,7.241176470588235,0.0588235294117647,0.0,0.5590962900522563,0.1009046565457578,0.1200846698367665,95.22668835172512,0.385395537525355,0.9291551193796344,3.920541889182525,0.3307736887858591,2.3685235950328174,12.0,243.0,40.0,20.25,8.0,148.0,False,59.0,4.0,False,792380.0,Bayern Múnich,Pivote,Bayern Múnich,2004.0,21.0,100.0,55000000.0,80000000.0,55000000.0,17.822843761378564,0.0
1142315,Jack Hinshelwood,M,MID,Premier League,14,1134.0,6.821428571428571,0.148881239242685,0.0,0.761663194129903,0.1631975178911133,0.0568786926964738,47.53886731299091,0.5245202558635395,0.8652259836584729,2.912230849305542,0.7297297297297297,1.6761974647601996,5.0,342.0,47.0,68.4,2.0,258.0,False,181.0,4.0,False,867688.0,Brighton & Hove Albion,Pivote,Brighton & Hove Albion,2005.0,20.0,100.0,24000000.0,21000000.0,24000000.0,16.993564429978885,0.0
1142335,Archie Gray,D,DEF,Premier League,11,989.0,6.609090909090909,0.0,0.0,0.0,,0.0069594526251276,68.68130745658836,0.0909090909090909,0.908743616748075,1.912155260469867,0.6363636363636364,0.4545454545454545,1.0,25.0,6.0,25.0,0.0,0.0,False,25.0,5.0,False,922693.0,Tottenham Hotspur,Pivote,Tottenham Hotspur,2006.0,19.0,100.0,38000000.0,34000000.0,38000000.0,17.453096744006448,0.0
1142562,Mateus Fernandes,M,MID,Premier League,25,2089.0,6.892,0.04,0.0886486486486486,1.3086308516411602,0.2144500656119266,0.1104899551874373,38.96949487589756,1.028909968058806,0.8363486846167701,6.591015555486303,0.6586533955842867,2.9404604964955494,0.0,0.0,0.0,0.0,0.0,0.0,False,0.0,6.0,False,880245.0,Southampton FC,Mediocentro,Tottenham Hotspur,2004.0,21.0,100.0,15000000.0,34000000.0,15000000.0,16.52356082573315,0.0
1138352,Augustine Boakye,F,FWD,Ligue 1,10,547.0,6.85,0.5432432432432432,0.0,2.918754218754219,0.2550248947963233,0.1072973021621081,31.76729554229554,1.269948294948295,0.7471993620414673,3.0056288306288304,0.7767732267732267,0.3817047817047817,13.0,453.0,44.0,34.84615384615385,6.0,187.0,True,96.0,3.0,False,579263.0,AS Saint-Étienne,Mediocentro ofensivo,AS Saint-Étienne,2000.0,25.0,100.0,2500000.0,3600000.0,2500000.0,14.731801689838347,0.0
1138778,Tim Oermann,D,DEF,Bundesliga,23,1912.0,6.6695652173913045,0.0,0.0869565217391304,0.3048363458720078,0.0209333868378812,0.0321014714362181,33.97639388309161,0.2717391304347826,0.8124858196848114,3.841230068793196,0.8586035541816492,2.1618822427062394,9.0,133.0,15.0,14.77777777777778,6.0,106.0,False,31.0,4.0,False,696164.0,VfL Bochum,Defensa central,Bayer 04 Leverkusen,2003.0,22.0,100.0,5000000.0,4099999.0,5000000.0,15.424948670398354,0.0
1138804,Hakon Arnar Haraldsson,M,MID,Ligue 1,22,1644.0,7.268181818181818,0.2750232361792875,0.1586481700118064,1.85679271727992,0.2688677557941678,0.1376747412381712,46.06023075403984,1.654853521026524,0.819708274435659,4.695242082093516,0.3579693034238488,1.755217931755238,0.0,0.0,0.0,0.0,0.0,0.0,,0.0,,,652275.0,LOSC Lille,Mediocentro ofensivo,LOSC Lille,2003.0,22.0,100.0,18000000.0,23000000.0,18000000.0,16.705882371415992,0.0
1139409,Pablo Marín,M,MID,La Liga,16,1173.0,6.8125,0.0865384615384615,0.146455223880597,1.4603469242854552,0.1583481519070089,0.0538612328642379,32.07552807846437,0.9933636978218294,0.803616598660859,5.919917722519606,0.3865131578947368,1.913768870959388,0.0,0.0,0.0,0.0,0.0,0.0,False,0.0,4.0,False,907813.0,Real Sociedad,Mediocentro ofensivo,Real Sociedad,2003.0,22.0,100.0,8000000.0,8400000.0,8000000.0,15.894952224644102,0.0
1140362,Timon Weiner,G,GK,Bundesliga,24,2160.0,6.720833333333334,0.0,0.0,0.0,,0.0019176341666666,34.083333333333336,0.0,0.6540464441778185,0.5833333333333334,0.0,0.0,4.0,228.0,21.0,57.0,0.0,0.0,False,116.0,2.0,False,296428.0,Holstein Kiel,Portero,Holstein Kiel,1999.0,26.0,100.0,1000000.0,525000.0,1000000.0,13.815511557963774,3.375
1140599,Jamie Gittens,M,MID,Bundesliga,23,1636.0,7.086956521739131,0.4424571296941563,0.1521739130434782,2.1858489152566287,0.2475745213127989,0.2309633821369977,25.23117467580345,1.1896405321468213,0.8289845333601437,7.899831735178494,0.5658651460979423,1.5356526586462171,12.0,525.0,67.0,43.75,2.0,8.0,False,124.0,7.0,False,670882.0,Borussia Dortmund,Extremo izquierdo,Chelsea FC,2004.0,21.0,100.0,50000000.0,34000000.0,50000000.0,17.72753358339242,0.0
1141754,Issa Doumbia,M,MID,Serie A,11,736.0,6.636363636363637,0.0,0.0,1.030359096812443,0.113811644245365,0.0203114197529254,22.36019226172581,0.3829760931823332,0.7679076814138734,5.375968787221472,1.0184682580885698,1.0405834379906351,1.0,11.0,2.0,11.0,1.0,11.0,False,11.0,6.0,False,924349.0,Venezia FC,Mediocentro,Sporting de Lisboa,2003.0,22.0,100.0,2400000.0,7600000.0,2400000.0,14.690979711984754,0.0
1142149,Medon Berisha,M,MID,Serie A,10,600.0,6.98,0.0,0.1636363636363636,2.598339635048496,0.1281945891359996,0.0822462197359341,40.352002506986686,1.5632746999835607,0.7983469937584845,4.254227971395693,1.742823750616472,1.63312047920434,6.0,324.0,44.0,54.0,3.0,114.0,False,101.0,3.0,False,583046.0,US Lecce,Mediocentro,US Lecce,2003.0,22.0,100.0,1500000.0,5800000.0,1500000.0,14.220976332738882,0.0
1135884,Lewis Holtby,M,MID,Bundesliga,16,1051.0,6.64375,0.0,0.065406976744186,0.4820068730433705,0.1055087586876642,0.1237844313467044,46.832418706388594,1.1878332793074513,0.7903258932309065,5.1141182161443215,1.3126092101639375,2.5419462228689964,37.0,643.0,68.0,17.37837837837838,2.0,54.0,False,99.0,,False,55508.0,Holstein Kiel,Mediocentro,Retirado,1990.0,35.0,100.0,500000.0,420000.0,500000.0,13.122365377402328,0.0
1136409,Jordan James,M,MID,Ligue 1,15,1060.0,7.006666666666666,0.0,0.0821917808219178,1.0133206856672077,0.103281381825958,0.1096206437299388,41.25036452037263,1.732027545233081,0.8889870839252985,4.82632693630381,0.9479293181062872,2.16755033386154,1.0,37.0,7.0,37.0,0.0,0.0,False,37.0,3.0,False,667517.0,Stade Rennais FC,Mediocentro,Stade Rennais FC,2004.0,21.0,100.0,8000000.0,11000000.0,8000000.0,15.894952224644102,0.0
1136721,Willy Kambwala,D,DEF,La Liga,12,978.0,6.716666666666666,0.0,0.0,0.3342696629213483,0.1058479400749063,0.0071888522310719,47.342412174655095,0.0842696629213483,0.8701672359063052,3.0250794102308824,0.75,1.3342696629213482,2.0,306.0,41.0,153.0,1.0,92.0,False,214.0,4.0,False,780630.0,Villarreal CF,Defensa central,Villarreal CF,2004.0,21.0,100.0,4000000.0,4099999.0,4000000.0,15.201805169084134,0.0
1136730,Lewis Hall,D,DEF,Premier League,25,2149.0,7.26,0.0,0.1749948927477017,0.44,0.0687499999999999,0.14790344001564,54.112316990227015,1.3938728977104875,0.8384038975279111,4.928568844784937,0.8152515036067223,2.4071102627550816,2.0,190.0,34.0,95.0,1.0,157.0,True,157.0,4.0,False,670858.0,Newcastle United,Lateral izquierdo,Newcastle United,2004.0,21.0,100.0,32000000.0,33000000.0,32000000.0,17.281246492014,0.0
1136731,Rico Lewis,D,DEF,Premier League,18,1531.0,6.988888888888889,0.0595238095238095,0.1111111111111111,0.5800828300828301,0.1575934676434676,0.046885450153997,52.920576789490646,0.3888888888888889,0.9178113277795632,3.79099239586131,0.6436821436821437,1.611393444726778,1.0,18.0,5.0,18.0,0.0,0.0,False,18.0,5.0,False,701057.0,Manchester City,Lateral derecho,Manchester City,2004.0,21.0,100.0,40000000.0,29000000.0,40000000.0,17.50439003707821,0.0
1137814,Sergi Altimira,M,MID,La Liga,25,1792.0,6.932,0.0,0.0444444444444444,0.9017045969269042,0.1323876332998401,0.047017852081278,56.44520201576791,0.9716942580117096,0.8958465383367964,5.783467343869667,1.0545225408399923,3.0289062213925604,3.0,45.0,4.0,15.0,1.0,22.0,False,22.0,6.0,False,466801.0,Real Betis Balompié,Mediocentro,Sporting de Lisboa,2001.0,24.0,100.0,15000000.0,19300000.0,15000000.0,16.52356082573315,0.0
1138150,Nikolas Veratschnig,D,DEF,Bundesliga,3,218.0,6.8,0.0,0.0,1.2687108134571794,0.0316671598513413,0.0344083931361676,23.50121447853159,0.4477611940298507,0.7816951566951568,4.70165482843124,0.8209496194273287,2.164233201516881,4.0,79.0,11.0,19.75,2.0,50.0,False,30.0,5.0,False,601143.0,1.FSV Mainz 05,Lateral derecho,Red Bull Salzburgo,2003.0,22.0,100.0,1500000.0,1400000.0,1500000.0,14.220976332738882,0.0
1154687,Nathan Zeze,D,DEF,Ligue 1,16,1405.0,7.01875,0.0,0.0,0.3303571428571428,0.0505857142857142,0.0096102454464285,52.25178571428572,0.0625,0.8347931561955608,5.233928571428572,1.3125,2.267857142857143,3.0,143.0,19.0,47.66666666666666,3.0,143.0,False,85.0,5.0,False,923832.0,FC Nantes,Defensa central,NEOM SC,2005.0,20.0,100.0,15000000.0,17200000.0,15000000.0,16.52356082573315,0.0
1154935,Hugo Álvarez,M,MID,La Liga,21,1482.0,6.866666666666666,0.2397372742200328,0.1731601731601731,1.543440433301473,0.2540024364852851,0.1136052977240533,50.22680974275531,1.0146290491118075,0.800512781950905,4.726929779895931,0.4588744588744589,1.6012574929923136,0.0,0.0,0.0,0.0,0.0,0.0,False,0.0,3.0,False,892929.0,RC Celta de Vigo,Extremo izquierdo,RC Celta de Vigo,2003.0,22.0,100.0,7500000.0,7800000.0,7500000.0,15.830413711839864,0.0
1155116,Alex Padilla,G,GK,La Liga,4,315.0,6.9,0.0,0.0,0.0,,0.00272071,28.5,0.0,0.4541847041847042,0.5,0.0,0.0,0.0,0.0,0.0,0.0,0.0,0.0,,0.0,,,834483.0,Athletic Club,Portero,Athletic Club,2003.0,22.0,100.0,3000000.0,3100000.0,3000000.0,14.914123179965662,3.292682926829268
1155226,Saël Kumbedi,D,DEF,Ligue 1,11,874.0,6.718181818181819,0.0,0.0,0.4725780975780976,0.1262957368082368,0.0725831797030148,40.26073215411028,0.4692697980960351,0.8474663406418238,4.42627899688077,0.68952134521924,2.625165188515558,3.0,20.0,3.0,6.666666666666667,0.0,0.0,False,12.0,4.0,False,951579.0,Olympique de Lyon,Lateral derecho,VfL Wolfsburgo,2005.0,20.0,100.0,7000000.0,12400000.0,7000000.0,15.76142084987672,0.0
1155423,Alessandro Circati,D,DEF,Serie A,6,540.0,6.833333333333333,0.0,0.0,0.3333333333333333,0.1359,0.00298588,38.16666666666666,0.1666666666666666,0.854415486418882,4.833333333333333,0.5,1.1666666666666667,2.0,248.0,40.0,124.0,1.0,196.0,False,196.0,4.0,False,867137.0,Parma,Defensa central,Parma,2003.0,22.0,100.0,8000000.0,8700000.0,8000000.0,15.894952224644102,0.0
1155432,Anas Haj Mohamed,M,MID,Serie A,5,264.0,6.76,0.2571428571428571,0.0,0.9142857142857144,0.11235,0.0776573028571428,19.07701863354037,1.9503105590062115,0.8056410256410256,4.422360248447205,0.2571428571428571,1.036024844720497,2.0,12.0,0.0,6.0,1.0,5.0,False,7.0,4.0,False,883122.0,Parma,Extremo derecho,Beerschot VA,2005.0,20.0,100.0,1800000.0,735000.0,1800000.0,14.403297778421797,0.0
1155571,Iker Bravo,F,FWD,Serie A,5,294.0,6.92,0.3272727272727272,0.3272727272727272,2.346212121212121,0.1210804924242424,0.0363091619696969,20.80454545454545,0.9818181818181818,0.8309623709623709,5.084090909090909,0.0,1.1856060606060606,3.0,20.0,4.0,6.666666666666667,1.0,7.0,False,7.0,,False,741292.0,Udinese,Delantero centro,Watford FC,2005.0,20.0,100.0,3000000.0,4400000.0,3000000.0,14.914123179965662,0.0
1154549,Mario Martín,M,MID,La Liga,23,1630.0,6.721739130434782,0.0,0.0434782608695652,1.858231366943745,0.202755549054653,0.0611085454611786,40.20858506025554,0.7242723492723492,0.842610122163854,8.955516455677632,1.1004987223832043,3.378932256225348,1.0,8.0,1.0,8.0,0.0,0.0,False,8.0,5.0,False,948273.0,Real Madrid CF,Pivote,Getafe CF,2004.0,21.0,100.0,1500000.0,10700000.0,1500000.0,14.220976332738882,0.0
1154587,Álvaro Rodriguez,F,FWD,La Liga,10,587.0,6.970000000000001,0.12,0.0,2.7191762447893177,0.2432991427377273,0.0508312722196205,20.533051543682934,0.5847631408176509,0.4415814156603631,13.207322697581674,0.402247191011236,0.9792792124241276,1.0,54.0,7.0,54.0,1.0,54.0,False,54.0,,False,948275.0,Getafe CF,Delantero centro,AFC Bournemouth,2004.0,21.0,100.0,2500000.0,4600000.0,2500000.0,14.731801689838347,0.0
1154597,Anrie Chase,D,DEF,Bundesliga,8,675.0,6.85,0.0,0.0,0.5,0.0394666666666666,0.05371459125,67.5,0.0,0.9143922627737168,4.25,1.25,1.375,3.0,374.0,50.0,124.66666666666669,1.0,304.0,True,304.0,5.0,False,948537.0,VfB Stuttgart,Defensa central,Red Bull Salzburgo,2004.0,21.0,100.0,3000000.0,1900000.0,3000000.0,14.914123179965662,0.0
1154605,Désiré Doué,F,FWD,Ligue 1,21,1426.0,7.442857142857143,0.3228283187238411,0.3583527989509057,2.4171683769242573,0.2780161927871902,0.259539311195025,53.28840746913064,2.4023503660488337,0.8624757053992547,8.565329584582805,0.5681048443294147,2.480262140996297,9.0,192.0,31.0,21.33333333333333,3.0,22.0,False,51.0,4.0,False,914562.0,París Saint-Germain FC,Extremo derecho,París Saint-Germain FC,2005.0,20.0,100.0,90000000.0,93000000.0,90000000.0,18.31532023940565,0.0
1154630,Guillaume Restes,G,GK,Ligue 1,28,2455.0,6.703571428571428,0.0,0.0357142857142857,0.0,,0.0007644985299003,26.11129568106312,0.0357142857142857,0.6922673959145241,0.1428571428571428,0.0357142857142857,0.0714285714285714,2.0,34.0,4.0,17.0,2.0,34.0,False,29.0,3.0,False,912902.0,Toulouse FC,Portero,Toulouse FC,2005.0,20.0,100.0,20000000.0,18100000.0,20000000.0,16.811242881518265,2.089613034623218
1154632,Ilyes Housni,F,FWD,Ligue 1,3,187.0,6.666666666666667,0.0,0.0,1.463359164420485,0.0816267857142857,0.14326027819407,19.199797843665767,0.46875,0.7277777777777779,4.899006064690027,0.4285714285714285,2.4410377358490565,1.0,9.0,1.0,9.0,1.0,9.0,False,9.0,4.0,False,825437.0,Le Havre AC,Delantero centro,AS Nancy-Lorraine,2005.0,20.0,100.0,1500000.0,1500000.0,1500000.0,14.220976332738882,0.0
1154657,Mamadou Sarr,D,DEF,Ligue 1,26,2278.0,6.880769230769231,0.0,0.0384615384615384,0.2040133779264214,0.1673834782608695,0.011862908932369,64.09960557607967,0.1538461538461538,0.931626401983426,3.4745748593276886,1.0074240827665486,1.4666822159377253,6.0,87.0,16.0,14.5,4.0,55.0,False,25.0,8.0,False,910905.0,Chelsea FC,Defensa central,Chelsea FC,2005.0,20.0,100.0,20000000.0,27000000.0,20000000.0,16.811242881518265,0.0
1150952,Oliver Scarles,D,DEF,Premier League,3,169.0,6.9,0.0,0.0,1.3333333333333333,0.1706,0.0194677384313725,47.19607843137255,0.0,0.8126984126984126,5.098039215686274,2.333333333333333,2.6666666666666665,2.0,76.0,7.0,38.0,0.0,0.0,False,64.0,3.0,False,922563.0,West Ham United,Lateral izquierdo,West Ham United,2005.0,20.0,100.0,8000000.0,9100000.0,8000000.0,15.894952224644102,0.0
1151803,Kévin Danois,M,MID,Ligue 1,16,1341.0,7.05625,0.0,0.0,1.0182926829268293,0.1666130081300812,0.1227839886857197,40.33411063022344,1.5121951219512195,0.8311346618910485,6.1922677170390585,1.2945377792938768,2.947707018591165,3.0,89.0,11.0,29.666666666666668,3.0,89.0,False,49.0,4.0,False,743496.0,AJ Auxerre,Mediocentro,AJ Auxerre,2004.0,21.0,100.0,8000000.0,12600000.0,8000000.0,15.894952224644102,0.0
1152139,Angel Ortiz,D,DEF,La Liga,4,345.0,7.050000000000001,0.0,0.25,0.25,0.0138,0.057645581,41.2,0.75,0.7809586247086248,6.4,1.3,2.5,0.0,0.0,0.0,0.0,0.0,0.0,,0.0,,,933908.0,Real Betis Balompié,Lateral derecho,Real Betis Balompié,2004.0,21.0,100.0,2500000.0,4400000.0,2500000.0,14.731801689838347,0.0
1152505,Nelson Weiper,F,FWD,Bundesliga,7,501.0,6.885714285714286,0.3548316928598619,0.169172932330827,2.9043320320772943,0.6187631108908572,0.0991384708658806,21.01605101553101,1.3310524212408414,0.6696436150217663,5.93817052069157,0.3429181060760008,0.7340547606139587,5.0,247.0,40.0,49.4,2.0,219.0,False,200.0,2.0,False,796213.0,1.FSV Mainz 05,Delantero centro,SK Sturm Graz,2005.0,20.0,100.0,10000000.0,12700000.0,10000000.0,16.118095750958314,0.0
1152923,Kosta Nedeljković,D,DEF,Bundesliga,7,490.0,6.771428571428571,0.0,0.0,0.3431011258799908,0.0184507205123643,0.0478532720363513,30.376791792256228,0.3431011258799908,0.8589779501544207,3.3042415388476463,0.3098330241187384,2.6778061981265915,3.0,187.0,34.0,62.333333333333336,1.0,99.0,False,99.0,4.0,False,848682.0,RB Leipzig,Lateral derecho,Aston Villa,2005.0,20.0,100.0,10000000.0,6600000.0,10000000.0,16.118095750958314,0.0
1153265,Badredine Bouanani,F,FWD,Ligue 1,13,935.0,7.199999999999999,0.2648914101858516,0.2864253393665158,2.832321419733012,0.2596530557370981,0.2008386466190246,31.157406235709853,2.000181531818676,0.8090021645785958,3.0944358764295967,1.1880173370411813,0.5713516806308854,2.0,34.0,4.0,17.0,1.0,30.0,False,30.0,5.0,False,707242.0,OGC Niza,Extremo derecho,VfB Stuttgart,2004.0,21.0,100.0,7000000.0,12600000.0,7000000.0,15.76142084987672,0.0
1153270,Fermín López,M,MID,La Liga,14,943.0,7.142857142857143,0.2857142857142857,0.3102345415778251,2.8108852039249235,0.378917934709222,0.3585384767968115,43.00763090846622,1.7598881460628777,0.8406756620051371,4.3492089089940125,0.0714285714285714,0.907182088956815,5.0,159.0,24.0,31.8,2.0,45.0,False,76.0,6.0,False,636703.0,FC Barcelona,Mediocentro ofensivo,FC Barcelona,2003.0,22.0,100.0,50000000.0,103000000.0,50000000.0,17.72753358339242,0.0
1153315,Leny Yoro,D,DEF,Premier League,9,588.0,6.577777777777778,0.0,0.0,0.6666666666666666,0.3319666666666667,0.0065437195921485,53.46172377010753,0.0,0.920646296739164,4.183876261366559,2.0789641667887144,2.6574098484150066,6.0,181.0,34.0,30.166666666666668,5.0,167.0,False,126.0,4.0,False,923831.0,Manchester United,Defensa central,Manchester United,2005.0,20.0,100.0,55000000.0,46000000.0,55000000.0,17.822843761378564,0.0
1146018,Paul Wanner,M,MID,Bundesliga,23,1626.0,6.730434782608696,0.1476880607315389,0.0993788819875776,1.1375389814610803,0.252554424085645,0.0916825132438815,32.693984917820714,1.1555794057630722,0.7576503920943878,4.744944415843833,0.2146928393101081,2.0330665460349144,6.0,150.0,20.0,25.0,2.0,20.0,False,94.0,5.0,False,900909.0,1.FC Heidenheim 1846,Mediocentro,PSV Eindhoven,2005.0,20.0,100.0,18000000.0,18800000.0,18000000.0,16.705882371415992,0.0
1146148,Jean-Mattéo Bahoya,F,FWD,Bundesliga,12,752.0,7.025,0.2225274725274725,0.3272727272727273,0.9383131236579512,0.3862296419098143,0.2466924665252773,29.96226982089051,2.0290321747218303,0.7770301571947992,5.4211135478376855,0.4617049617049617,2.178207944587254,8.0,87.0,8.0,10.875,4.0,32.0,False,23.0,4.0,False,939964.0,Eintracht Fráncfort​​,Extremo izquierdo,Eintracht Fráncfort​​,2005.0,20.0,100.0,17000000.0,24000000.0,17000000.0,16.648723960844016,0.0
1146225,Stefan Leković,D,DEF,Serie A,4,315.0,6.35,0.0,0.0,0.75,0.05755,0.0062321175,47.0,0.0,0.8708372493734335,4.5,1.5,1.75,1.0,6.0,1.0,6.0,1.0,6.0,False,6.0,4.0,False,797572.0,AC Monza,Defensa central,CF Estrela Amadora,2004.0,21.0,100.0,1700000.0,2700000.0,1700000.0,14.346139397261563,0.0
1149011,Kenan Yıldız,M,MID,Serie A,30,2305.0,7.273333333333331,0.1685915860987719,0.1340823970037453,2.2290788391111622,0.1637954497420896,0.1772942213864725,36.94758498491435,2.16060971923167,0.8581654154325757,5.876488941727731,0.2634408602150537,1.8825199241375248,7.0,134.0,8.0,19.142857142857142,2.0,8.0,False,88.0,5.0,False,845654.0,Juventus de Turín,Extremo izquierdo,Juventus de Turín,2005.0,20.0,100.0,50000000.0,72000000.0,50000000.0,17.72753358339242,0.0
1149113,Oscar Højlund,M,MID,Bundesliga,9,546.0,6.722222222222222,0.0,0.0,0.6822301655778791,0.1274908572661161,0.0288694454814632,52.094912143747344,0.5500910746812386,0.9108391846252704,4.155939027897613,0.2,1.9497076023391813,5.0,139.0,28.0,27.8,3.0,101.0,False,77.0,4.0,False,846310.0,Eintracht Fráncfort​​,Mediocentro,Eintracht Fráncfort​​,2005.0,20.0,100.0,7500000.0,7300000.0,7500000.0,15.830413711839864,0.0
1149127,Arthur Vermeeren,M,MID,Bundesliga,20,1381.0,6.68,0.0,0.1133802816901408,0.2642590866728798,0.1767728487107797,0.0787666786092587,56.79396850409413,0.6799291545233067,0.8694285355236223,2.624878971427274,1.18280533118203,1.7204251314317447,1.0,27.0,0.0,27.0,0.0,0.0,False,27.0,4.0,False,926694.0,RB Leipzig,Pivote,RB Leipzig,2005.0,20.0,100.0,22000000.0,27000000.0,22000000.0,16.906553056777135,0.0
1149294,Tiago Pereira Cardoso,G,GK,Bundesliga,4,360.0,7.775,0.0,0.0,0.0,,0.0009663575,36.25,0.0,0.7220227141279772,1.25,0.0,0.25,2.0,44.0,11.0,22.0,0.0,0.0,False,40.0,2.0,False,926301.0,Borussia Mönchengladbach,Portero,RAAL La Louvière,2006.0,19.0,100.0,1500000.0,1600000.0,1500000.0,14.220976332738882,4.74934036939314
1184317,Yarek Gasiorowski,D,DEF,La Liga,10,782.0,6.890000000000001,0.0,0.0,0.3108796930665936,0.3889389513108614,0.034753467468898,44.73714153584152,0.4,0.831307876148227,4.166497670594684,2.154032415926085,1.938327526132404,0.0,0.0,0.0,0.0,0.0,0.0,False,0.0,5.0,False,895334.0,Valencia CF,Defensa central,PSV Eindhoven,2005.0,20.0,100.0,7500000.0,14700000.0,7500000.0,15.830413711839864,0.0
1184855,Konstantinos Koulierakis,D,DEF,Bundesliga,27,2352.0,6.907407407407407,0.0,0.1064814814814814,0.8307433307433307,0.0688873501498501,0.0283987385546706,53.36582707416041,0.4036195286195286,0.8168815519073207,4.398871190537857,1.1404428904428905,1.4718768885435551,7.0,45.0,9.0,6.428571428571429,4.0,20.0,False,16.0,4.0,False,669380.0,VfL Wolfsburgo,Defensa central,VfL Wolfsburgo,2003.0,22.0,100.0,25000000.0,24000000.0,25000000.0,17.034386422832473,0.0
1188191,Oumar Diakité,F,FWD,Ligue 1,21,1499.0,6.695238095238095,0.2259551335750101,0.0579150579150579,1.5547792405193417,0.5094076893923677,0.0663391632561103,18.989515692445472,0.65683879059659,0.8456285732089531,5.306797238272184,0.211068211068211,1.2401551513575408,1.0,65.0,4.0,65.0,0.0,0.0,False,65.0,3.0,False,847279.0,Stade de Reims,Delantero centro,Stade de Reims,2003.0,22.0,100.0,6000000.0,4900000.0,6000000.0,15.607270193858982,0.0
1190933,João Neves,M,MID,Ligue 1,23,1700.0,7.543478260869565,0.1371237458193979,0.5685056631348191,1.3285870986665609,0.221438827133168,0.1936392500286764,74.88953033125291,1.7837387245342993,0.9165943981543264,6.176989196228254,1.1322580871813608,2.891193039118294,5.0,65.0,15.0,13.0,1.0,7.0,False,25.0,4.0,False,670681.0,París Saint-Germain FC,Mediocentro,París Saint-Germain FC,2004.0,21.0,100.0,80000000.0,116000000.0,80000000.0,18.197537205138158,0.0
1192318,Farès Chaïbi,M,MID,Bundesliga,12,803.0,7.033333333333334,0.1666666666666666,0.196969696969697,1.894902006531996,0.2968572938629065,0.2327371320891775,32.60871404809016,2.2522155436510225,0.7427604829350232,3.6117339920366143,0.8630952380952381,0.912729866835764,5.0,37.0,7.0,7.4,1.0,3.0,False,14.0,3.0,False,855015.0,Eintracht Fráncfort​​,Mediocentro ofensivo,Eintracht Fráncfort​​,2002.0,23.0,100.0,9000000.0,14500000.0,9000000.0,16.012735246411598,0.0
1194333,Abdukodir Khusanov,D,DEF,Ligue 1,16,1373.0,7.10625,0.0,0.0,0.4791666666666666,0.0545,0.019609710293079,55.6864406779661,0.25,0.8842068703124843,3.577683615819209,1.7828389830508475,1.3156779661016949,2.0,59.0,12.0,29.5,0.0,0.0,False,53.0,6.0,False,763079.0,Manchester City,Defensa central,Manchester City,2004.0,21.0,100.0,35000000.0,33000000.0,35000000.0,17.370858648025116,0.0
1195241,Yassin Belkhdim,M,MID,Ligue 1,17,1294.0,6.670588235294118,0.0588235294117647,0.0588235294117647,0.439407341884122,0.0774150912996777,0.0350337549975771,26.92746222487954,0.3348206155527226,0.823637236665908,4.322271232713996,1.3515295960927265,2.903835518699855,3.0,139.0,6.0,46.333333333333336,1.0,23.0,False,111.0,3.0,False,807688.0,Angers SCO,Mediocentro,Angers SCO,2002.0,23.0,100.0,1000000.0,6800000.0,1000000.0,13.815511557963774,0.0
1195700,Junior Ndiaye,F,FWD,Ligue 1,4,296.0,6.675,0.0,0.0,0.8933823529411764,0.0635313725490196,0.1216498596089572,13.788770053475936,1.252673796791444,0.7606209150326797,4.361965240641712,0.0,0.25,0.0,0.0,0.0,0.0,0.0,0.0,False,0.0,3.0,False,986262.0,Montpellier HSC,Delantero centro,Montpellier HSC,2005.0,20.0,100.0,150000.0,145000.0,150000.0,11.918397239722838,0.0
1173598,Tomás Palacios,D,DEF,Serie A,5,407.0,6.58,0.0,0.0,0.0,,0.0141174272150776,74.45321507760532,0.0,0.8797498509691186,6.4119733924611975,1.3467849223946786,1.2195121951219512,1.0,93.0,21.0,93.0,0.0,0.0,False,93.0,1.5,False,993645.0,Inter de Milán,Defensa central,Club Estudiantes de La Plata,2003.0,22.0,100.0,4000000.0,3200000.0,4000000.0,15.201805169084134,0.0
1174472,Tyler Dibling,M,MID,Premier League,21,1407.0,6.814285714285714,0.1020986954055587,0.0,1.4258711558538184,0.1671178275581869,0.0882767998388919,26.28282067791303,1.0829765625037542,0.8124630031895825,6.491887798314669,0.5312805910349597,1.620494628528771,3.0,80.0,11.0,26.666666666666668,2.0,65.0,True,52.0,4.0,False,866655.0,Southampton FC,Extremo derecho,Everton FC,2006.0,19.0,100.0,25000000.0,20000000.0,25000000.0,17.034386422832473,0.0
1174937,Endrick,F,FWD,La Liga,4,228.0,6.525,0.0,0.0,2.915380358807083,0.5885855224836907,0.0471628833891542,10.639598380708296,0.6919850885368126,0.8870192307692308,2.6699746621621623,0.304054054054054,0.0,2.0,90.0,15.0,45.0,1.0,62.0,True,62.0,5.0,False,971570.0,Real Madrid CF,Delantero centro,Real Madrid CF,2006.0,19.0,100.0,35000000.0,37000000.0,35000000.0,17.370858648025116,0.0
1175821,Niccolò Pisilli,M,MID,Serie A,16,1029.0,6.91875,0.3412224264705882,0.1654411764705882,2.3130644922409123,0.2838895502038823,0.0887058480338361,42.10568786365189,0.7816927527631481,0.8509258420132761,3.1935444057204787,0.9255757050326724,1.4370207779393027,1.0,42.0,6.0,42.0,0.0,0.0,False,42.0,4.0,False,813137.0,AS Roma,Mediocentro,AS Roma,2004.0,21.0,100.0,13000000.0,21000000.0,13000000.0,16.380459992348886,0.0
1176744,Dean Huijsen,D,DEF,Premier League,15,1350.0,7.306666666666667,0.0666666666666666,0.0,0.4666666666666667,0.10045,0.0355923686666666,56.86666666666667,0.5333333333333333,0.8474797196656189,4.466666666666667,2.2,1.2666666666666666,9.0,88.0,18.0,9.77777777777778,1.0,6.0,False,18.0,5.0,False,890290.0,Real Madrid CF,Defensa central,Real Madrid CF,2005.0,20.0,100.0,60000000.0,71000000.0,60000000.0,17.909855136853043,0.0
1177401,Alan Matturro,D,DEF,Serie A,10,844.0,6.68,0.0,0.0,0.4,0.044675,0.0138859404705882,32.12352941176471,0.2,0.730380928439752,3.994117647058823,1.4,1.2647058823529411,9.0,334.0,39.0,37.11111111111112,7.0,246.0,False,86.0,3.0,False,861981.0,Génova,Defensa central,Génova,2004.0,21.0,100.0,7000000.0,4099999.0,7000000.0,15.76142084987672,0.0
1184308,Álex Jiménez,M,MID,Serie A,17,1092.0,6.858823529411764,0.0,0.0814479638009049,1.0480466350732265,0.191321519661845,0.1022064824554432,33.08414340196695,0.7792683545302401,0.82293108716602,4.9038528613967545,0.6843750125780746,1.0410964856550535,2.0,62.0,14.0,31.0,1.0,50.0,False,50.0,2.0,False,741257.0,AC Milan,Lateral derecho,Fiorentina,2005.0,20.0,100.0,15000000.0,19900000.0,15000000.0,16.52356082573315,0.0
1165722,Skelly Alvero,M,MID,Bundesliga,3,158.0,6.633333333333333,0.0,0.0,0.0,,0.0044032433121811,28.21015304217992,0.0,0.687101787101787,6.271618763220107,0.5263157894736842,3.498817966903073,6.0,72.0,12.0,12.0,5.0,66.0,False,26.0,3.0,False,855134.0,SV Werder Bremen,Pivote,SV Werder Bremen,2002.0,23.0,100.0,2500000.0,2400000.0,2500000.0,14.731801689838347,0.0
1169436,Frank Magri,F,FWD,Ligue 1,17,1324.0,6.882352941176471,0.304953560371517,0.0615595075239398,2.3923956336969603,0.351042081016093,0.1115803769499886,13.287416311046726,0.5041565821319584,0.7001150643201272,4.651559226518745,0.2517287258962202,0.4705066353036584,3.0,88.0,13.0,29.33333333333333,1.0,10.0,False,72.0,,True,807689.0,Toulouse FC,Delantero centro,Sin equipo,1999.0,26.0,100.0,3000000.0,4200000.0,3000000.0,14.914123179965662,0.0
1170197,Abakar Sylla,D,DEF,Ligue 1,11,858.0,6.836363636363637,0.1818181818181818,0.0,0.5454545454545454,0.0964,0.0071233751305282,61.44141584766585,0.0,0.9036785881625922,5.263283169533169,1.1474969287469288,2.476812039312039,9.0,137.0,23.0,15.22222222222222,3.0,56.0,False,46.0,3.0,False,962555.0,Racing Club de Estrasburgo,Defensa central,Racing Club de Estrasburgo,2002.0,23.0,100.0,10000000.0,2900000.0,10000000.0,16.118095750958314,0.0
1170532,Jacques Ekomié,D,DEF,Ligue 1,8,572.0,6.6125,0.0,0.0,0.1323529411764706,0.0199058823529411,0.0089001451556327,19.988511998203258,0.0,0.7872362549945754,5.975213448072974,0.4939675632911392,2.226274603044568,3.0,51.0,7.0,17.0,2.0,31.0,False,29.0,2.0,False,970279.0,Angers SCO,Lateral izquierdo,Angers SCO,2003.0,22.0,100.0,800000.0,3700000.0,800000.0,13.592368256649284,0.0
1170536,Yael Mouanga,D,DEF,Ligue 1,12,902.0,6.625,0.0,0.0,0.0,,0.0098301186953624,45.91251101564222,0.0833333333333333,0.8605153137567912,3.5252698832341927,0.9612304472350738,1.4060393258426966,3.0,93.0,13.0,31.0,0.0,0.0,False,37.0,3.0,False,970364.0,Montpellier HSC,Defensa central,Montpellier HSC,2005.0,20.0,100.0,600000.0,475000.0,600000.0,13.304686600863562,0.0
1170560,Soungoutou Magassa,M,MID,Ligue 1,13,930.0,6.869230769230769,0.0,0.1116625310173697,0.5480769230769231,0.1171937499999999,0.0492494003204014,55.23047272937841,0.4082601641534644,0.8615624099844708,8.104455578714646,1.7674150333175342,3.695160149048821,2.0,57.0,10.0,28.5,2.0,57.0,False,48.0,6.0,False,745181.0,AS Mónaco,Pivote,West Ham United,2003.0,22.0,100.0,12000000.0,18400000.0,12000000.0,16.300417291085605,0.0
1171451,Nico Paz,M,MID,Serie A,30,2581.0,7.276666666666667,0.1746061167747915,0.2710422946926098,3.4273840134231444,0.2688588845176859,0.148133017856031,39.42209647379237,1.804788513020015,0.833991887218058,5.841001470391043,0.7536926313392601,1.603761054280798,2.0,23.0,2.0,11.5,0.0,0.0,False,15.0,3.0,False,948294.0,Como 1907,Mediocentro ofensivo,Como 1907,2004.0,21.0,100.0,35000000.0,70000000.0,35000000.0,17.370858648025116,0.0
1172936,Louis Mouton,M,MID,Ligue 1,12,799.0,6.758333333333333,0.0,0.0842696629213483,1.2149603705514125,0.2541381795260816,0.072108423758094,41.75164031398543,1.0994001317035025,0.8208459122687041,4.850061339595452,0.7831380262290683,2.692692058034957,3.0,136.0,9.0,45.333333333333336,1.0,26.0,False,81.0,3.0,False,904662.0,AS Saint-Étienne,Mediocentro ofensivo,Angers SCO,2002.0,23.0,100.0,700000.0,4600000.0,700000.0,13.45883704259595,0.0
1156353,Kamory Doumbia,M,MID,Ligue 1,14,998.0,7.085714285714286,0.2487577400469386,0.2297297297297297,1.4259621039587345,0.3379344002941724,0.1035912450462885,39.57442720570818,1.6964778921016537,0.8422806142265672,5.1903257777971925,1.5989530754595076,2.400436703092548,3.0,80.0,12.0,26.666666666666668,0.0,0.0,False,38.0,4.0,False,671594.0,Stade Brestois 29,Mediocentro ofensivo,Stade Brestois 29,2003.0,22.0,100.0,4000000.0,7600000.0,4000000.0,15.201805169084134,0.0
1156586,James Hill,D,DEF,Premier League,4,297.0,6.85,0.0,0.274390243902439,1.225840336134454,0.0876554621848739,0.0589585015482168,39.91378868620619,0.5487804878048781,0.7162176487513818,6.369389219102275,1.664326706292273,2.5590541094486574,4.0,265.0,41.0,66.25,2.0,82.0,False,174.0,4.0,False,611793.0,AFC Bournemouth,Defensa central,AFC Bournemouth,2002.0,23.0,100.0,3000000.0,15800000.0,3000000.0,14.914123179965662,0.0
1156645,Raúl Asencio,D,DEF,La Liga,20,1648.0,7.029999999999999,0.0,0.075,0.1661764705882353,0.0435931372549019,0.0291150248968759,52.33698929159838,0.3421641791044776,0.9325712565708169,3.963611900284684,0.931936475409836,1.106640508965871,6.0,47.0,8.0,7.833333333333333,1.0,4.0,False,21.0,6.0,False,935245.0,Real Madrid CF,Defensa central,Real Madrid CF,2003.0,22.0,100.0,40000000.0,23000000.0,40000000.0,17.50439003707821,0.0
1157713,Isak Hien,D,DEF,Serie A,28,2296.0,6.9071428571428575,0.0,0.0,0.2857142857142857,0.1664666666666666,0.0078966832792207,48.582096474953616,0.0357142857142857,0.8867988563644527,5.627551020408164,1.2119666048237476,1.9545454545454544,11.0,254.0,30.0,23.09090909090909,6.0,95.0,False,93.0,3.0,False,503075.0,Atalanta de Bérgamo,Defensa central,Atalanta de Bérgamo,1999.0,26.0,100.0,30000000.0,24000000.0,30000000.0,17.216707972959764,0.0
1159759,Nathaniel Brown,M,MID,Bundesliga,22,1810.0,7.277272727272727,0.141711229946524,0.2606072299300159,0.62629152597435,0.2262394854812789,0.1921433136448667,32.29611621018452,1.764236426291996,0.844555534164743,4.960795790541622,0.6262401068052839,3.0898963636188266,6.0,84.0,7.0,14.0,4.0,78.0,True,51.0,6.0,False,691892.0,Eintracht Fráncfort​​,Lateral izquierdo,Bayern Múnich,2003.0,22.0,100.0,22000000.0,32000000.0,22000000.0,16.906553056777135,0.0
1160957,Alberto Costa,D,DEF,Serie A,5,281.0,6.959999999999999,0.0,0.4,1.3556962025316457,0.0805092827004219,0.0185118316055532,52.1812576561862,0.4,0.8487173579109063,7.71751735402205,0.6278481012658228,4.872682727643936,1.0,17.0,2.0,17.0,0.0,0.0,False,17.0,5.0,False,877139.0,Juventus de Turín,Lateral derecho,FC Oporto,2003.0,22.0,100.0,10000000.0,14000000.0,10000000.0,16.118095750958314,0.0
1160960,Álvaro Djaló,F,FWD,La Liga,10,524.0,6.640000000000001,0.0,0.0,2.3788961038961043,0.2681491071428571,0.1184216159927841,14.741762609480038,0.7124069478908188,0.6711946532999165,6.5987909495342425,0.1384615384615384,1.0449628556244193,4.0,58.0,6.0,14.5,4.0,58.0,False,20.0,4.0,False,671649.0,Athletic Club,Extremo izquierdo,Athletic Club,1999.0,26.0,100.0,5000000.0,4900000.0,5000000.0,15.424948670398354,0.0
1165371,Luca Marianucci,D,DEF,Serie A,12,1009.0,6.816666666666666,0.0,0.0,0.7307692307692308,0.1356815384615384,0.0174032196290694,36.33527801786229,0.250936329588015,0.7647129415879416,4.935105157015269,1.7307692307692308,2.149308556611927,2.0,54.0,2.0,27.0,1.0,8.0,False,46.0,5.0,False,814446.0,Empoli FC,Defensa central,SSC Nápoles,2004.0,21.0,100.0,7500000.0,8000000.0,7500000.0,15.830413711839864,0.0
1389689,Reda Belahyane,M,MID,Serie A,21,1739.0,6.780952380952381,0.0,0.0952380952380952,0.2857142857142857,0.056825,0.0319978317602588,38.67827950606429,0.7236394557823129,0.8368641117716097,4.882868535356341,0.5847143906651019,2.1340341185562584,2.0,20.0,1.0,10.0,1.0,6.0,False,14.0,4.0,False,982855.0,SS Lazio,Pivote,SS Lazio,2004.0,21.0,100.0,10000000.0,8199999.0,10000000.0,16.118095750958314,0.0
1389846,Lamine Camara,M,MID,Ligue 1,25,1948.0,7.312,0.04,0.2656196777987163,1.0015556149266038,0.1401619137571752,0.2257015749656297,61.01277184272235,1.9029502910792249,0.8810596912225469,6.04422009985784,1.4123711809185056,2.876394173647941,7.0,102.0,15.0,14.571428571428571,6.0,49.0,False,53.0,4.0,False,918969.0,AS Mónaco,Mediocentro,AS Mónaco,2004.0,21.0,100.0,22000000.0,31000000.0,22000000.0,16.906553056777135,0.0
1390682,Mert Kömür,F,FWD,Bundesliga,7,396.0,6.728571428571429,0.0,0.0,1.000915475287321,0.1439733089881502,0.2666954551504294,21.743591362949847,1.5886485422240777,0.734861434861435,4.762544321285867,0.0,0.2008928571428571,2.0,11.0,1.0,5.5,0.0,0.0,False,8.0,4.0,False,777005.0,FC Augsburgo,Mediocentro ofensivo,FC Augsburgo,2005.0,20.0,100.0,5000000.0,11600000.0,5000000.0,15.424948670398354,0.0
1391251,Lucas Bergvall,M,MID,Premier League,10,738.0,6.83,0.0,0.0,0.7871323529411764,0.1049070955882353,0.031607248056333,51.76011622390892,0.440625,0.8943239020754501,5.788549573055029,1.4427122865275144,2.72530834914611,5.0,156.0,28.0,31.2,2.0,73.0,False,55.0,6.0,False,866246.0,Tottenham Hotspur,Mediocentro,Tottenham Hotspur,2006.0,19.0,100.0,38000000.0,41000000.0,38000000.0,17.453096744006448,0.0
1391375,Unai Gómez,M,MID,La Liga,19,1044.0,6.6000000000000005,0.0789473684210526,0.1380518265485955,1.3450272234669929,0.2076826034462027,0.0596492305038412,19.517252900606383,0.789507019555035,0.7669983525246683,4.604770056756411,0.1435406698564593,1.0085448203968526,2.0,11.0,1.0,5.5,2.0,11.0,False,7.0,6.0,False,834752.0,Athletic Club,Mediocentro ofensivo,Udinese,2003.0,22.0,100.0,6000000.0,5200000.0,6000000.0,15.607270193858982,0.0
1391541,Ngal'ayel Mukau,M,MID,Ligue 1,15,1105.0,6.886666666666667,0.0,0.0666666666666666,0.8278615418922778,0.1202296581845175,0.0529266787443252,47.057618204258645,0.9197013383760372,0.8866549598144643,5.064152853895349,1.0330694517441503,2.498881012495568,4.0,68.0,8.0,17.0,3.0,56.0,False,43.0,3.0,False,1016015.0,LOSC Lille,Pivote,LOSC Lille,2004.0,21.0,100.0,15000000.0,11400000.0,15000000.0,16.52356082573315,0.0
1392054,Coba da Costa,M,MID,La Liga,14,878.0,6.807142857142857,0.0722311396468699,0.0722311396468699,2.081487901531102,0.1255220872432047,0.1899011239731205,23.90772757881937,0.7429316670488421,0.7042101563091938,6.645673386562833,0.7981432766535714,2.7372984536000304,0.0,0.0,0.0,0.0,0.0,0.0,False,0.0,,False,1033005.0,Getafe CF,Extremo izquierdo,Al-Kholood Club,2002.0,23.0,100.0,3000000.0,2600000.0,3000000.0,14.914123179965662,0.0
1392592,Roberto Fernández,F,FWD,La Liga,17,1390.0,6.847058823529412,0.3171913267365815,0.0,1.1380909434810125,0.2607312613385336,0.032055614046037,15.534975995482297,0.4393928349569198,0.7244609042563007,4.023435781524834,0.2023270846800258,0.2571833658034048,1.0,31.0,2.0,31.0,0.0,0.0,False,31.0,6.0,False,720518.0,RCD Espanyol,Delantero centro,RCD Espanyol,2002.0,23.0,100.0,6000000.0,10300000.0,6000000.0,15.607270193858982,0.0
1382235,Bertuğ Yıldırım,F,FWD,La Liga,14,935.0,6.857142857142857,0.1428571428571428,0.0,1.7358427872071531,0.3598961954261954,0.0533284111730048,14.620570917521158,0.6565120056291806,0.5129213048855906,8.80860047071925,0.0,0.7998818672975976,4.0,32.0,6.0,8.0,2.0,13.0,False,15.0,4.0,False,672803.0,Getafe CF,Delantero centro,Basaksehir FK,2002.0,23.0,100.0,2000000.0,3800000.0,2000000.0,14.508658238524095,0.0
1384847,Daniele Ghilardi,D,DEF,Serie A,24,2031.0,6.904166666666666,0.0,0.0,0.5,0.071225,0.0177285392695614,34.27553020025278,0.25,0.797504616152514,5.282397583515961,1.301164759221252,1.9532067114249605,1.0,4.0,1.0,4.0,1.0,4.0,False,4.0,5.0,False,701819.0,Hellas Verona,Defensa central,AS Roma,2003.0,22.0,100.0,5000000.0,8800000.0,5000000.0,15.424948670398354,0.0
1386639,Ibrahim Salah,F,FWD,Ligue 1,4,252.0,6.975,0.6818181818181819,0.3571428571428571,3.616883116883117,0.1924561688311688,0.0753701579545454,25.613636363636363,1.4642857142857142,0.7884740259740259,5.214285714285714,0.0,0.25,1.0,80.0,12.0,80.0,1.0,80.0,False,80.0,4.0,False,928323.0,Stade Brestois 29,Extremo izquierdo,FC Basilea,2001.0,24.0,100.0,3000000.0,1800000.0,3000000.0,14.914123179965662,0.0
1386651,Leo Scienza,M,MID,Bundesliga,17,990.0,7.270588235294118,0.1432141484044598,0.1176470588235294,2.626134298597067,0.2467904152366278,0.2895533210609529,23.4417420101138,2.536640134686409,0.7297611958079087,9.602469441118322,0.315606634810787,1.2099674799240263,9.0,134.0,21.0,14.88888888888889,2.0,8.0,False,66.0,4.0,False,804219.0,1.FC Heidenheim 1846,Mediocentro ofensivo,Southampton FC,1998.0,27.0,100.0,3000000.0,2900000.0,3000000.0,14.914123179965662,0.0
1387156,Clement Akpa,D,DEF,Ligue 1,29,2384.0,6.886206896551724,0.0,0.0344827586206896,0.2377966860725481,0.0446564935064935,0.0325622534191607,41.999119219413934,0.3228840125391849,0.8258200230210001,4.920494694875904,1.5642015489198513,1.9014062905879807,6.0,94.0,7.0,15.666666666666666,2.0,27.0,False,40.0,3.0,False,806793.0,AJ Auxerre,Defensa central,AJ Auxerre,2001.0,24.0,100.0,5000000.0,7800000.0,5000000.0,15.424948670398354,0.0
1387157,Khalil Fayad,M,MID,Ligue 1,12,846.0,6.866666666666667,0.0,0.0,1.705325243554812,0.0971975356048494,0.0461278089379473,45.41719954785685,0.5942877715162952,0.8416418232250941,7.0753727460256295,0.7656369183829138,2.584170777940985,6.0,169.0,22.0,28.166666666666668,4.0,97.0,False,53.0,2.0,False,782630.0,Montpellier HSC,Mediocentro,Montpellier HSC,2004.0,21.0,100.0,3000000.0,1900000.0,3000000.0,14.914123179965662,0.0
1387163,Tom Pouilly,D,DEF,Ligue 1,4,241.0,6.85,0.0,0.0,1.0555555555555556,0.0579888888888888,0.1149254658730158,56.44444444444444,0.5,0.7495675620675621,4.932539682539683,1.1428571428571428,3.111111111111111,0.0,0.0,0.0,0.0,0.0,0.0,False,0.0,3.0,False,917817.0,RC Lens,Lateral derecho,Pau FC,2003.0,22.0,100.0,800000.0,1100000.0,800000.0,13.592368256649284,0.0
1388438,Joel Schingtienne,D,DEF,Serie A,14,1092.0,6.557142857142857,0.0,0.0,0.0,,0.0117349023239087,37.98852040816326,0.2433035714285714,0.8526385043366596,3.2652706916099774,1.0988520408163265,2.2512400793650795,2.0,32.0,4.0,16.0,2.0,32.0,False,18.0,4.0,False,707809.0,Venezia FC,Defensa central,Venezia FC,2002.0,23.0,100.0,3500000.0,3300000.0,3500000.0,15.068273812173889,0.0
1202024,Ernest Nuamah,M,MID,Ligue 1,11,787.0,6.9363636363636365,0.0909090909090909,0.0909090909090909,1.6483781177176562,0.1003756812080406,0.0882073033306162,33.14588163789048,1.4369109451700588,0.8189467168850058,5.970601608381921,0.8976275694719095,2.0378975150560263,3.0,423.0,69.0,141.0,3.0,423.0,True,388.0,3.0,False,955070.0,Olympique de Lyon,Extremo derecho,Olympique de Lyon,2003.0,22.0,100.0,15000000.0,11500000.0,15000000.0,16.52356082573315,0.0
1210666,Tom Rothe,M,MID,Bundesliga,19,1481.0,6.831578947368421,0.167590027700831,0.1578947368421052,1.1932547292658096,0.1936579127305443,0.0808377653401765,30.68926273389531,0.6518218623481782,0.694297714751416,5.781978786024975,1.0856778375686529,2.529218777592521,4.0,166.0,26.0,41.5,1.0,15.0,False,80.0,,False,798043.0,1.FC Unión Berlín,Lateral izquierdo,1.FC Unión Berlín,2004.0,21.0,100.0,10000000.0,10300000.0,10000000.0,16.118095750958314,0.0
1210848,Pietro Comuzzo,D,DEF,Serie A,26,2105.0,6.907692307692307,0.0438169425511197,0.0,0.2030185004868549,0.1076956962025316,0.0079436405062726,49.99552258657208,0.236124634858812,0.8446021741135981,4.7056501453432045,1.1507114481799523,1.6996711099366375,4.0,51.0,2.0,12.75,3.0,42.0,True,31.0,4.0,False,746712.0,Fiorentina,Defensa central,Fiorentina,2005.0,20.0,100.0,25000000.0,24000000.0,25000000.0,17.034386422832473,0.0
1211005,Yellu Santiago,M,MID,La Liga,4,198.0,6.45,0.0,0.0,0.5,0.0464,0.0089617314285714,26.07142857142857,0.0,0.7322916666666667,2.857142857142857,0.0,0.8571428571428571,2.0,40.0,4.0,20.0,0.0,0.0,False,23.0,3.0,False,941869.0,Getafe CF,Mediocentro,Hellas Verona,2004.0,21.0,100.0,900000.0,810000.0,900000.0,13.71015115341694,0.0
1214359,David Torres,D,DEF,La Liga,16,1353.0,6.575,0.0,0.0,0.1990131578947368,0.0896087719298245,0.0074463717539943,44.77055921052632,0.0625,0.7902203697601977,2.557918233082707,0.6365131578947368,0.9021381578947368,0.0,0.0,0.0,0.0,0.0,0.0,False,0.0,5.0,False,857832.0,Real Valladolid CF,Defensa central,Real Valladolid CF,2003.0,22.0,100.0,1500000.0,1600000.0,1500000.0,14.220976332738882,0.0
1215071,Ümit Akdağ,D,DEF,Ligue 1,7,496.0,6.728571428571429,0.0,0.0,0.3552351130173933,0.0546655921900902,0.0156357118183085,61.91059547203346,0.307210923055042,0.7783694900215059,5.296425943003071,1.7412846632842025,1.4925156066101797,3.0,21.0,4.0,7.0,1.0,11.0,False,11.0,3.0,False,958647.0,Toulouse FC,Defensa central,Alanyaspor,2003.0,22.0,100.0,600000.0,4300000.0,600000.0,13.304686600863562,0.0
1216080,Damián Rodríguez,M,MID,La Liga,12,863.0,6.875,0.0,0.0,0.2666666666666666,0.0183266666666666,0.1303067825110016,73.3459126507294,1.745273631840796,0.9140369091793448,2.2578089425752594,0.7390589425752593,1.4625353107344632,0.0,0.0,0.0,0.0,0.0,0.0,False,0.0,3.0,False,715628.0,RC Celta de Vigo,Pivote,RC Celta de Vigo,2003.0,22.0,100.0,3000000.0,1900000.0,3000000.0,14.914123179965662,0.0
1217613,Gift Orban,F,FWD,Bundesliga,12,778.0,6.741666666666667,0.6718408925539655,0.0,1.736455554208101,0.5329182536313903,0.0417659826554805,16.52987587024246,0.1726190476190476,0.703465515965516,2.7582186057677656,0.0,0.2723214285714285,4.0,86.0,6.0,21.5,2.0,17.0,False,45.0,2.0,False,1018259.0,TSG 1899 Hoffenheim,Delantero centro,Amed SK,2002.0,23.0,100.0,10000000.0,10400000.0,10000000.0,16.118095750958314,0.0
1195784,Malick Fofana,F,FWD,Ligue 1,18,1392.0,7.094444444444445,0.3173233762593431,0.279970097861544,1.3943577670109772,0.2589221331029814,0.249423580685335,29.77647838070605,1.1997789319145642,0.8144351621758904,4.622705501402538,0.5683758244695178,1.2668110400182713,6.0,199.0,37.0,33.166666666666664,3.0,52.0,False,133.0,3.0,False,743386.0,Olympique de Lyon,Extremo izquierdo,Olympique de Lyon,2005.0,20.0,100.0,30000000.0,29000000.0,30000000.0,17.216707972959764,0.0
1197153,Junior Mwanga,M,MID,Ligue 1,14,1183.0,6.778571428571429,0.0714285714285714,0.1428571428571428,1.1512605042016806,0.1594287581699346,0.1136679378239834,41.6382482018231,0.6470588235294118,0.8561231107122029,5.258506177894887,0.7554621848739496,3.2328639082751747,1.0,43.0,8.0,43.0,0.0,0.0,False,43.0,5.0,False,1011200.0,Le Havre AC,Pivote,Racing Club de Estrasburgo,2003.0,22.0,100.0,6000000.0,6400000.0,6000000.0,15.607270193858982,0.0
1197157,Mats Pannewig,M,MID,Bundesliga,3,167.0,6.566666666666666,0.0,0.0,0.3896103896103897,0.0426623376623376,0.0161424862337662,29.29004329004329,0.6666666666666666,0.8644257703081233,3.281385281385281,0.3896103896103897,2.225108225108225,6.0,260.0,14.0,43.333333333333336,2.0,91.0,False,82.0,3.0,False,796221.0,VfL Bochum,Mediocentro,VfL Bochum,2004.0,21.0,100.0,1000000.0,2900000.0,1000000.0,13.815511557963774,0.0
1198074,Aljoscha Kemlein,M,MID,Bundesliga,10,760.0,6.7,0.1034482758620689,0.0,0.6833810296754198,0.1488820010972044,0.054243705059819,41.61077490091279,0.94102166138066,0.7233039889749995,3.554760211478714,0.6032246792791893,0.8608364544880593,3.0,165.0,23.0,55.0,2.0,150.0,True,130.0,4.0,False,692737.0,1.FC Unión Berlín,Pivote,1.FC Unión Berlín,2004.0,21.0,100.0,7000000.0,11000000.0,7000000.0,15.76142084987672,0.0
1198075,Brajan Gruda,M,MID,Premier League,5,283.0,6.7,0.0,0.0,0.6686567164179105,0.2165611940298507,0.1202416733691986,26.727855650752325,2.3639732372619657,0.7536363636363637,5.020865247797524,0.6686567164179105,1.8627743634767344,13.0,182.0,29.0,14.0,9.0,92.0,False,46.0,2.0,False,700106.0,Brighton & Hove Albion,Mediocentro ofensivo,RB Leipzig,2004.0,21.0,100.0,25000000.0,29000000.0,25000000.0,17.034386422832473,0.0
1198264,Rafik Messali,M,MID,Ligue 1,5,317.0,6.74,0.0,0.3,0.6337662337662338,0.0594831168831168,0.1341797978391278,30.66985761785048,0.7706083390293916,0.6768183900611744,6.429676656973713,2.441216678058783,2.31584276561975,4.0,277.0,23.0,69.25,0.0,0.0,False,165.0,3.0,False,883865.0,Toulouse FC,Lateral derecho,Toulouse FC,2003.0,22.0,100.0,800000.0,1500000.0,800000.0,13.592368256649284,0.0
1199043,Carlos Baleba,M,MID,Premier League,23,1853.0,7.060869565217391,0.0869565217391304,0.0434782608695652,1.5718648551120074,0.1697828936348161,0.0464425128705035,40.1227182035317,0.8488109284396534,0.8675810221204293,6.905362793128342,1.835256077040193,2.737998935760991,1.0,8.0,1.0,8.0,1.0,8.0,False,8.0,3.0,False,973085.0,Brighton & Hove Albion,Pivote,Brighton & Hove Albion,2004.0,21.0,100.0,40000000.0,53000000.0,40000000.0,17.50439003707821,0.0
1199282,Murillo,D,DEF,Premier League,27,2390.0,7.207407407407407,0.037037037037037,0.0,0.7156862745098039,0.0883886554621848,0.0407618813943355,39.18300653594771,0.4286492374727669,0.7846675224317481,3.807189542483661,1.005446623093682,1.5740740740740742,3.0,70.0,11.0,23.33333333333333,1.0,9.0,False,44.0,5.0,False,1005649.0,Nottingham Forest,Defensa central,Nottingham Forest,2002.0,23.0,100.0,55000000.0,49000000.0,55000000.0,17.822843761378564,0.0
1914318,Marc Domenech,M,MID,La Liga,3,179.0,6.566666666666666,0.0,0.0,1.5672043010752688,0.1653626344086021,0.0886326077956989,12.774193548387096,0.4838709677419355,0.6547619047619048,3.6693548387096775,0.0,0.4166666666666667,0.0,0.0,0.0,0.0,0.0,0.0,False,0.0,4.0,False,1296876.0,RCD Mallorca,Delantero centro,RCD Mallorca,2006.0,19.0,100.0,1000000.0,1100000.0,1000000.0,13.815511557963774,0.0
1929542,Alvaro Garcia-Pascual,F,FWD,La Liga,6,370.0,6.8500000000000005,0.2027027027027027,0.0,2.528710028710029,0.3102972824472824,0.0183417888882288,16.811231561231562,0.3812741312741313,0.6774891774891775,5.172854172854173,0.3333333333333333,1.2503217503217503,0.0,0.0,0.0,0.0,0.0,0.0,,0.0,,,1305792.0,Sevilla FC,Delantero centro,Cádiz CF,2002.0,23.0,100.0,1000000.0,1100000.0,1000000.0,13.815511557963774,0.0
1930811,Abdoul Ouattara,M,MID,Ligue 1,4,268.0,6.65,0.0,0.4326923076923077,0.2777777777777778,0.0332222222222222,0.0149787627991452,37.43696581196581,0.4326923076923077,0.8739044540229886,1.5480769230769231,2.0277777777777777,1.1153846153846154,3.0,71.0,11.0,23.666666666666668,2.0,49.0,False,33.0,4.0,False,991487.0,Racing Club de Estrasburgo,Lateral derecho,Racing Club de Estrasburgo,2005.0,20.0,100.0,1200000.0,8300000.0,1200000.0,13.997832948091215,0.0
1958607,Djylian N'Guessan,F,FWD,Ligue 1,3,150.0,6.4,0.0,0.0,0.5,0.4341,0.0262992916666666,21.83333333333333,0.6666666666666666,0.8362193362193362,5.333333333333333,0.0,2.333333333333333,1.0,66.0,4.0,66.0,0.0,0.0,False,66.0,2.0,False,1200419.0,AS Saint-Étienne,Delantero centro,AS Saint-Étienne,2008.0,17.0,100.0,800000.0,,800000.0,13.592368256649284,0.0
1979970,Ameen Al-Dakhil,D,DEF,Bundesliga,6,426.0,6.95,0.0,0.0,0.1875,0.0640125,0.019705791009928,70.87936544944796,0.3541666666666667,0.920706339470578,3.8437810145548776,1.966537346833957,1.1798325262308311,11.0,387.0,65.0,35.18181818181818,7.0,316.0,False,229.0,3.0,False,620598.0,VfB Stuttgart,Defensa central,VfB Stuttgart,2002.0,23.0,100.0,7500000.0,4099999.0,7500000.0,15.830413711839864,0.0
1984921,Hafiz Umar Ibrahim,F,FWD,Ligue 1,5,259.0,6.6,0.0,0.5806451612903226,0.5806451612903226,0.2238387096774193,0.0136859608169045,12.487287849837022,0.8377880184331797,0.6016666666666667,3.971900640665393,0.2571428571428571,0.5806451612903226,3.0,205.0,16.0,68.33333333333333,0.0,0.0,False,134.0,3.0,False,1237306.0,Stade de Reims,Delantero centro,Stade de Reims,2005.0,20.0,100.0,500000.0,,500000.0,13.122365377402328,0.0
16632,Mats Hummels,D,DEF,Serie A,12,894.0,7.108333333333333,0.0,0.0,0.9320175438596492,0.1195188596491228,0.0089869821446142,41.28733034654088,0.1759259259259259,0.8874149380108717,6.701137372190004,2.5416570416570416,3.3063706418969576,71.0,942.0,133.0,13.267605633802816,6.0,29.0,False,137.0,,False,39728.0,AS Roma,Defensa central,Retirado,1988.0,37.0,100.0,2000000.0,,2000000.0,14.508658238524095,0.0
1613917,Jeff Ekhator,F,FWD,Serie A,9,557.0,6.666666666666667,0.0,0.2222222222222222,0.9435412096728836,0.2077421816841854,0.0479481294318513,15.285113765025866,0.9438753734528382,0.7087162350320244,3.453560973163664,0.3714759535655058,0.6745062565958089,4.0,98.0,8.0,24.5,1.0,32.0,False,41.0,6.0,False,934878.0,Génova,Delantero centro,Juventus de Turín,2006.0,19.0,100.0,5000000.0,7500000.0,5000000.0,15.424948670398354,0.0
1622129,Nicolas Pays,M,MID,Ligue 1,5,359.0,6.640000000000001,0.0,0.0,2.3330164217804668,0.1191421002592912,0.1117703051685393,29.35937770095073,0.8307692307692307,0.7820721187025534,5.6811149524632665,0.4307692307692307,2.177571305099395,1.0,72.0,4.0,72.0,1.0,72.0,True,72.0,3.0,False,1093482.0,Montpellier HSC,Extremo derecho,Montpellier HSC,2003.0,22.0,100.0,700000.0,725000.0,700000.0,13.45883704259595,0.0
1634980,Honest Ahanor,M,MID,Serie A,3,214.0,6.866666666666667,0.0,0.0,0.8323765786452353,0.3357588978185993,0.0031907182249288,17.886986472320668,0.8323765786452353,0.6833333333333332,4.557729745919233,0.3846153846153846,2.0995357659861225,3.0,149.0,21.0,49.66666666666666,2.0,145.0,False,138.0,3.0,False,1077175.0,Génova,Defensa central,Atalanta de Bérgamo,2008.0,17.0,100.0,5000000.0,26000000.0,5000000.0,15.424948670398354,0.0
1800245,Jesús Rodriguez,M,MID,La Liga,15,1022.0,6.8,0.182867697991226,0.0,1.8199385354483768,0.2287805194315691,0.054567089510795,24.63830724501845,0.6284187644786637,0.7515163478654527,6.178756869715339,0.4861937782776066,0.9692969904330986,1.0,19.0,4.0,19.0,0.0,0.0,False,19.0,5.0,False,1190411.0,Real Betis Balompié,Extremo izquierdo,Como 1907,2005.0,20.0,100.0,30000000.0,32000000.0,30000000.0,17.216707972959764,0.0
1824137,Timothee Pembele,D,DEF,Ligue 1,12,991.0,6.741666666666667,0.0833333333333333,0.0,0.4404761904761904,0.2726857142857143,0.02389715754329,34.06709956709957,0.25,0.8085947582801131,5.57900432900433,0.75,2.751082251082251,3.0,404.0,56.0,134.66666666666666,1.0,108.0,False,281.0,4.0,False,538998.0,Le Havre AC,Lateral derecho,Le Havre AC,2002.0,23.0,100.0,2500000.0,1900000.0,2500000.0,14.731801689838347,0.0
1863206,Pau Cabanes,F,FWD,La Liga,4,179.0,6.65,0.0,0.0,0.8813559322033898,0.0369983050847457,0.0885580877118644,32.733050847457626,1.25,0.7929998922645981,7.419491525423728,2.25,3.3940677966101696,1.0,244.0,75.0,244.0,0.0,0.0,False,244.0,3.0,False,1063553.0,Deportivo Alavés,Delantero centro,Villarreal CF B,2005.0,20.0,100.0,800000.0,775000.0,800000.0,13.592368256649284,0.0
1884145,Christantus Uche,F,FWD,La Liga,30,2355.0,6.906666666666666,0.1340823970037453,0.2381161848903784,1.6448687419847376,0.1727899507534074,0.1204097319718538,19.81131739700974,1.046986548933447,0.6717839534636323,8.12908460294756,0.3242551566080978,1.1466063283392822,0.0,0.0,0.0,0.0,0.0,0.0,False,0.0,3.0,False,1124005.0,Getafe CF,Delantero centro,Getafe CF,2003.0,22.0,100.0,15000000.0,16500000.0,15000000.0,16.52356082573315,0.0
1545409,Mahamadou Nagida,M,MID,Ligue 1,4,284.0,6.9,0.0,0.0,0.25,0.0462,0.0218365899193548,31.31395995550612,0.2586206896551724,0.8338392857142858,5.0344827586206895,1.6301446051167965,1.2672413793103448,1.0,136.0,26.0,136.0,1.0,136.0,False,136.0,4.0,False,1176345.0,Stade Rennais FC,Lateral izquierdo,Stade Rennais FC,2005.0,20.0,100.0,800000.0,145000.0,800000.0,13.592368256649284,0.0
1547260,Kevin Martins,F,FWD,Serie A,4,143.0,6.625,0.0,0.0,0.0,,0.0075106852022058,19.074448529411764,0.703125,0.8173076923076923,6.042279411764706,0.703125,1.203125,1.0,11.0,2.0,11.0,0.0,0.0,False,11.0,3.0,False,724069.0,AC Monza,Extremo derecho,AC Monza,2005.0,20.0,100.0,1400000.0,680000.0,1400000.0,14.151983508870948,0.0
1564180,Ayyoub Bouaddi,M,MID,Ligue 1,12,891.0,6.875,0.0,0.1666666666666666,0.09375,0.051525,0.1340497244575411,40.25488988473277,0.5295432947621443,0.8745450250875337,5.977463622314452,0.4631307746979389,3.693156278394391,0.0,0.0,0.0,0.0,0.0,0.0,False,0.0,4.0,False,1097139.0,LOSC Lille,Mediocentro,LOSC Lille,2007.0,18.0,100.0,28000000.0,44000000.0,28000000.0,17.147715103853763,0.0
1568123,Bazoumana Touré,M,MID,Bundesliga,7,527.0,6.9,0.0,0.5405897342555515,2.4415708210738667,0.2777197707561548,0.2109277388531095,19.436667240883637,1.8167454293495533,0.6948139579718527,3.765665685863094,0.0,1.3803204237193858,0.0,0.0,0.0,0.0,0.0,0.0,False,0.0,,False,1067904.0,TSG 1899 Hoffenheim,Extremo izquierdo,Newcastle United,2006.0,19.0,100.0,9000000.0,24000000.0,9000000.0,16.012735246411598,0.0
1586875,Amadou Koné,M,MID,Ligue 1,17,1198.0,7.023529411764706,0.0,0.0,0.8854849199466945,0.0760213188910965,0.0305642970546171,38.96011763333911,0.3849021279441018,0.8489946205064046,9.16754829683424,1.3284003033614704,3.417426041370239,1.0,27.0,4.0,27.0,1.0,27.0,False,27.0,4.0,False,1178474.0,Stade de Reims,Pivote,NEOM SC,2005.0,20.0,100.0,4000000.0,5700000.0,4000000.0,15.201805169084134,0.0
1590918,Ibrahim Mbaye,F,FWD,Ligue 1,4,286.0,6.4,0.0,0.25,2.987704918032787,0.2782258196721311,0.0618056258196721,38.11065573770492,0.9877049180327868,0.934885259013166,3.225409836065574,0.7377049180327869,0.75,1.0,29.0,9.0,29.0,1.0,29.0,False,29.0,3.0,False,1185888.0,París Saint-Germain FC,Extremo derecho,París Saint-Germain FC,2008.0,17.0,100.0,3000000.0,24000000.0,3000000.0,14.914123179965662,0.0
1592970,Sergiu Perciun,M,MID,Serie A,3,107.0,6.6000000000000005,0.0,0.0,1.6344086021505375,0.0527838709677419,0.2934713010752688,25.8494623655914,1.6344086021505375,0.7156862745098039,5.56989247311828,0.0,0.967741935483871,2.0,101.0,11.0,50.5,1.0,94.0,False,94.0,2.0,False,980632.0,Torino FC,Mediocentro ofensivo,Ascoli Calcio,2006.0,19.0,100.0,1500000.0,1600000.0,1500000.0,14.220976332738882,0.0
1597260,Noahkai Banks,D,DEF,Bundesliga,3,210.0,6.966666666666666,0.0,0.0,0.4285714285714285,0.0903857142857142,0.0126210899742092,60.92553286099665,0.0,0.9381551362683438,5.186078913823259,1.7919248213915158,3.520617792665936,2.0,21.0,3.0,10.5,2.0,21.0,False,17.0,4.0,False,923945.0,FC Augsburgo,Defensa central,FC Augsburgo,2006.0,19.0,100.0,6000000.0,14600000.0,6000000.0,15.607270193858982,0.0
1515917,Othmane Maamma,M,MID,Ligue 1,3,163.0,6.233333333333333,0.0,0.0,3.647822765469824,0.2074158390628978,0.0266891800229182,26.72523554876496,0.0,0.6707366707366708,4.172396231219761,0.0,0.9307359307359307,3.0,100.0,14.0,33.333333333333336,3.0,100.0,False,53.0,4.0,False,1081219.0,Montpellier HSC,Extremo derecho,Watford FC,2005.0,20.0,100.0,600000.0,5300000.0,600000.0,13.304686600863562,0.0
1518931,Johan Manzambi,F,FWD,Bundesliga,4,265.0,6.95,0.5,0.3260869565217391,1.8043478260869563,0.5045536231884058,0.1605382502598091,27.73647932131495,0.6521739130434783,0.7573863636363636,6.782078472958643,1.426564156945917,1.2009544008483564,1.0,25.0,2.0,25.0,0.0,0.0,False,25.0,,False,927353.0,SC Friburgo,Mediocentro ofensivo,Aston Villa,2005.0,20.0,100.0,8000000.0,38000000.0,8000000.0,15.894952224644102,0.0
1520799,Maroan Sannadi,F,FWD,La Liga,9,612.0,6.822222222222222,0.15625,0.2222222222222222,2.212088605499695,0.5600488134510127,0.0540430348058777,15.589273835635648,1.096049331103679,0.7571649029982362,6.842625433835613,0.1111111111111111,0.5684858212948101,1.0,149.0,30.0,149.0,0.0,0.0,False,149.0,4.0,False,1054934.0,Athletic Club,Delantero centro,Athletic Club,2001.0,24.0,100.0,10000000.0,4700000.0,10000000.0,16.118095750958314,0.0
1525863,Pau Navarro,D,DEF,La Liga,13,810.0,6.638461538461538,0.0,0.0,0.0769230769230769,0.0127,0.0145062603733072,48.955962312324765,0.0948366701791359,0.8859058428591612,4.594208241411011,0.4158653846153846,2.53176208120238,1.0,7.0,2.0,7.0,0.0,0.0,False,7.0,6.0,False,1061336.0,Villarreal CF,Defensa central,Villarreal CF,2005.0,20.0,100.0,3000000.0,9700000.0,3000000.0,14.914123179965662,0.0
1526575,Arkaitz Mariezkurrena,F,FWD,La Liga,3,161.0,6.6000000000000005,0.0,0.0,1.755868544600939,0.2141,0.0022546728638497,19.24882629107981,0.0,0.7730158730158729,3.511737089201878,0.6666666666666666,0.6666666666666666,0.0,0.0,0.0,0.0,0.0,0.0,False,0.0,4.0,False,962145.0,Real Sociedad,Extremo izquierdo,Real Sociedad B,2005.0,20.0,100.0,700000.0,1100000.0,700000.0,13.45883704259595,0.0
1526618,Marc Bernal,M,MID,La Liga,3,243.0,7.0,0.0,0.0,0.6741573033707865,0.0679550561797752,0.0326413109402318,59.66778333463622,0.3370786516853932,0.9257663719927872,5.219485315847979,0.3370786516853932,3.0628225832591327,3.0,411.0,65.0,137.0,1.0,345.0,True,345.0,4.0,False,1018920.0,FC Barcelona,Pivote,FC Barcelona,2007.0,18.0,100.0,5000000.0,29000000.0,5000000.0,15.424948670398354,0.0
1526627,Javi Rodríguez,D,DEF,La Liga,30,2407.0,6.9366666666666665,0.1,0.0666666666666666,0.4082170542635658,0.2239941395348837,0.0274894164416465,58.35509450396307,0.5483870967741936,0.855315462129008,4.588652058680802,1.135258252765439,1.9168287978896807,0.0,0.0,0.0,0.0,0.0,0.0,False,0.0,3.0,False,1076815.0,RC Celta de Vigo,Defensa central,RC Celta de Vigo,2003.0,22.0,100.0,15000000.0,14600000.0,15000000.0,16.52356082573315,0.0
1526628,Fer López,F,FWD,La Liga,9,544.0,6.844444444444445,0.1351351351351351,0.0,2.2734802295453327,0.3905422416907201,0.2305117043313527,30.65388558154141,1.6654543793393723,0.8562660075398038,4.073895900504727,0.3436692506459948,1.3274504396850202,0.0,0.0,0.0,0.0,0.0,0.0,False,0.0,5.0,False,1064471.0,RC Celta de Vigo,Mediocentro ofensivo,Wolverhampton Wanderers,2004.0,21.0,100.0,5000000.0,17500000.0,5000000.0,15.424948670398354,0.0
37318,Ante Budimir,F,FWD,La Liga,34,2874.0,7.211764705882352,0.650124053324254,0.1280306380925575,2.9942696650699747,0.676561986534677,0.0364129585617244,12.2809661666434,0.4891187934899401,0.5973262407324964,6.021858578920502,0.0658899923605806,0.5842565198573798,9.0,240.0,37.0,26.666666666666668,1.0,28.0,False,88.0,2.0,False,46413.0,CA Osasuna,Delantero centro,CA Osasuna,1991.0,34.0,100.0,5000000.0,2800000.0,5000000.0,15.424948670398354,0.0
38162,Duván Zapata,F,FWD,Serie A,7,589.0,7.028571428571429,0.4770048864616268,0.0,3.2351017300715488,0.5220249625164113,0.0685397402119279,18.350920192972502,1.3239436619718308,0.6984446253340472,5.504097946753882,0.2959183673469387,1.0484334578901984,19.0,870.0,105.0,45.78947368421053,2.0,319.0,True,310.0,3.0,False,73794.0,Torino FC,Delantero centro,Torino FC,1991.0,34.0,100.0,3500000.0,3100000.0,3500000.0,15.068273812173889,0.0
38440,Kevin Trapp,G,GK,Bundesliga,25,2205.0,7.0120000000000005,0.0,0.0,0.0,,0.0012797324,32.44,0.0,0.7072443117263526,0.24,0.0,0.0,23.0,564.0,90.0,24.52173913043478,6.0,94.0,False,127.0,3.0,False,45672.0,Eintracht Fráncfort​​,Portero,Paris FC,1990.0,35.0,100.0,2500000.0,2100000.0,2500000.0,14.731801689838347,3.3877551020408165
39182,Dani Parejo,M,MID,La Liga,27,2051.0,7.12962962962963,0.117933723196881,0.1272450983619147,0.5355034220165799,0.2341320378634523,0.0774188050102701,58.15202669438237,0.7614820138488303,0.8748303090845423,5.052198283710319,0.9845026424911324,2.1753696889633583,6.0,109.0,18.0,18.166666666666668,1.0,22.0,False,25.0,,True,59561.0,Villarreal CF,Mediocentro,Sin equipo,1989.0,36.0,100.0,1500000.0,1200000.0,1500000.0,14.220976332738882,0.0
39482,Milan Badelj,M,MID,Serie A,20,1425.0,6.93,0.0714285714285714,0.0,0.8964078391554319,0.1008486319414596,0.0507258863900843,49.79739345535008,0.7408713062319906,0.8166580555412398,4.03454205739198,1.152232003458993,1.803490254094244,29.0,388.0,51.0,13.379310344827584,5.0,75.0,False,42.0,,False,40633.0,Génova,Pivote,Retirado,1989.0,36.0,100.0,800000.0,,800000.0,13.592368256649284,0.0
40244,Oliver Baumann,G,GK,Bundesliga,27,2430.0,7.037037037037037,0.0,0.0,0.0,,0.0245759118518518,32.851851851851855,0.1481481481481481,0.6454102320104772,0.6666666666666666,0.0,0.074074074074074,11.0,171.0,19.0,15.545454545454543,2.0,48.0,False,52.0,3.0,False,55089.0,TSG 1899 Hoffenheim,Portero,TSG 1899 Hoffenheim,1990.0,35.0,100.0,3000000.0,3200000.0,3000000.0,14.914123179965662,3.259259259259259
40672,Francis Coquelin,M,MID,Ligue 1,3,177.0,7.166666666666667,0.4166666666666667,0.0,2.1666666666666665,0.3172625,0.01004263,32.916666666666664,1.1666666666666667,0.8691756272401433,6.083333333333333,3.4166666666666665,4.75,28.0,1062.0,119.0,37.92857142857143,3.0,50.0,False,215.0,2.0,False,74869.0,FC Nantes,Pivote,Stade Lavallois,1991.0,34.0,100.0,900000.0,845000.0,900000.0,13.71015115341694,0.0
40973,Karl-Johan Johnsson,G,GK,Ligue 1,3,270.0,7.399999999999999,0.0,0.0,0.0,,0.0001374966666666,36.0,0.0,0.7888776200135226,0.3333333333333333,0.0,0.0,3.0,60.0,11.0,20.0,1.0,14.0,False,36.0,,True,112822.0,Racing Club de Estrasburgo,Portero,Sin equipo,1990.0,35.0,100.0,300000.0,230000.0,300000.0,12.611541086966117,5.333333333333334
32048,Cristhian Stuani,F,FWD,La Liga,11,641.0,6.854545454545455,0.576328851524456,0.2556818181818182,2.1198073126966217,0.2873327678171083,0.0604382745643634,12.890204753361536,0.6054075235109718,0.7088911088911088,3.0837736467030457,1.186427065142179,0.5492822463491093,23.0,327.0,52.0,14.217391304347826,1.0,31.0,False,43.0,2.0,False,59323.0,Girona FC,Delantero centro,Girona FC,1986.0,39.0,100.0,1000000.0,745000.0,1000000.0,13.815511557963774,0.0
33902,Danny Welbeck,F,FWD,Premier League,17,1415.0,7.041176470588235,0.3813663723393525,0.2436974789915966,2.416825629024665,0.3975277630354148,0.0585343735551356,19.967336860824417,0.9465427027704688,0.8324250458265804,3.513596242050016,0.3294830042020093,0.931576372329014,22.0,1290.0,225.0,58.63636363636363,2.0,88.0,False,239.0,2.0,False,67063.0,Brighton & Hove Albion,Delantero centro,Brighton & Hove Albion,1990.0,35.0,100.0,5000000.0,4200000.0,5000000.0,15.424948670398354,0.0
34120,Alexis Sánchez,F,FWD,Serie A,6,351.0,6.633333333333333,0.0,0.0,1.2323109380071406,0.2422097979552093,0.0686742929276209,28.183625446283678,0.8525641025641025,0.7848484848484848,2.9316780266147355,1.185897435897436,0.4206426484907498,34.0,905.0,154.0,26.61764705882353,6.0,177.0,False,112.0,,True,40433.0,Udinese,Mediapunta,Sin equipo,1988.0,37.0,100.0,1500000.0,1500000.0,1500000.0,14.220976332738882,0.0
35166,Thomas Müller,F,FWD,Bundesliga,17,1076.0,7.0588235294117645,0.1707779886148007,0.2749314779675311,2.4137748159774315,0.3790494419945165,0.301141608413551,41.22205230556432,2.234563973918598,0.7619949580429122,3.664205761083168,0.2124183006535947,0.5107376283846872,23.0,215.0,46.0,9.347826086956522,1.0,5.0,False,36.0,1.5,False,58358.0,Bayern Múnich,Mediapunta,Vancouver Whitecaps FC,1989.0,36.0,100.0,6000000.0,4600000.0,6000000.0,15.607270193858982,0.0
35428,Pedro,F,FWD,Serie A,15,778.0,7.366666666666666,0.9830655830655832,0.0821917808219178,3.8297776270379007,0.5258189061031526,0.2000506253006602,44.08621228191184,2.0823601322519854,0.857377378886485,4.71490790911886,0.081081081081081,1.2736111722413093,33.0,456.0,60.0,13.818181818181818,2.0,35.0,False,57.0,,True,65278.0,SS Lazio,Extremo derecho,Sin equipo,1987.0,38.0,100.0,1000000.0,1000000.0,1000000.0,13.815511557963774,0.0
35612,Axel Witsel,D,DEF,La Liga,10,803.0,7.07,0.0,0.1,0.1,0.0291,0.0650633485263157,54.9421052631579,0.2,0.9057737839284776,4.273684210526316,1.1,1.5368421052631578,10.0,283.0,55.0,28.3,1.0,13.0,False,155.0,,True,35047.0,Atlético de Madrid,Pivote,Sin equipo,1989.0,36.0,100.0,2000000.0,1500000.0,2000000.0,14.508658238524095,0.0
37096,Péter Gulácsi,G,GK,Bundesliga,29,2542.0,7.296551724137931,0.0,0.0,0.0,,0.0007562012094698,26.190427174472465,0.0,0.8004302557197713,0.4719505918682449,0.0,0.0344827586206896,14.0,531.0,70.0,37.92857142857143,4.0,30.0,False,345.0,2.0,False,57071.0,RB Leipzig,Portero,RB Leipzig,1990.0,35.0,100.0,2000000.0,1900000.0,2000000.0,14.508658238524095,3.4343036978756887
37151,Henrikh Mkhitaryan,M,MID,Serie A,30,2367.0,7.093333333333334,0.0333333333333333,0.1333333333333333,0.877412172053427,0.083864372940929,0.1516529176897844,55.80371510258441,1.0677121636922886,0.8805896503042335,3.630091853914774,0.6348660397573441,1.6342668169845136,26.0,541.0,99.0,20.807692307692307,2.0,15.0,False,50.0,2.0,False,55735.0,Inter de Milán,Mediocentro,Inter de Milán,1989.0,36.0,100.0,4000000.0,3400000.0,4000000.0,15.201805169084134,0.0
22209,Ørjan Nyland,G,GK,La Liga,30,2674.0,6.78,0.0,0.0,0.0,,0.0027061339375,30.040625,0.1333333333333333,0.6005213675104617,0.4,0.0,0.1,5.0,429.0,61.0,85.8,2.0,115.0,False,183.0,,True,73517.0,Sevilla FC,Portero,Sin equipo,1990.0,35.0,100.0,900000.0,930000.0,900000.0,13.71015115341694,2.4906507105459985
26025,Robin Olsen,G,GK,Premier League,3,180.0,6.633333333333333,0.0,0.0,0.0,,0.0015504099999999,37.66666666666666,0.0,0.7674817674817674,0.6666666666666666,0.0,0.6666666666666666,3.0,87.0,14.0,29.0,0.0,0.0,False,78.0,4.5,False,75458.0,Aston Villa,Portero,Malmoe FF,1990.0,35.0,100.0,1000000.0,645000.0,1000000.0,13.815511557963774,2.5
26937,Pepe Reina,G,GK,Serie A,12,1035.0,6.641666666666667,0.0,0.0,0.0,,0.0013169141666666,27.916666666666668,0.0,0.7253226351166719,0.1666666666666666,0.0,0.0,8.0,212.0,36.0,26.5,0.0,0.0,False,71.0,,False,7825.0,Como 1907,Portero,Retirado,1982.0,43.0,100.0,500000.0,,500000.0,13.122365377402328,2.4347826086956523
27029,Steve Mandanda,G,GK,Ligue 1,17,1485.0,6.711764705882352,0.0,0.0,0.0,,0.0012340447058823,26.294117647058822,0.1176470588235294,0.6933180516835918,0.2352941176470588,0.0,0.0,12.0,395.0,58.0,32.916666666666664,0.0,0.0,False,154.0,,False,23951.0,Stade Rennais FC,Portero,Retirado,1985.0,40.0,100.0,500000.0,,500000.0,13.122365377402328,1.816958277254374
27035,André Ayew,F,FWD,Ligue 1,15,1120.0,6.866666666666666,0.2325962325962326,0.081081081081081,1.1737714609368692,0.5626792683969588,0.0066845359807069,13.521779270292622,0.483682563962107,0.800967880815751,5.335494362719373,0.1604166666666666,0.9083145368647524,9.0,329.0,61.0,36.55555555555556,0.0,0.0,False,92.0,,True,45403.0,Le Havre AC,Delantero centro,Sin equipo,1989.0,36.0,100.0,600000.0,280000.0,600000.0,13.304686600863562,0.0
30144,Jonny Evans,D,DEF,Premier League,4,268.0,6.925,0.0,0.0,0.25,0.1048,0.0076102038938238,58.152305559608926,0.0,0.8752962723550959,6.330229461549687,1.2053571428571428,1.50561797752809,30.0,953.0,155.0,31.766666666666666,3.0,153.0,False,144.0,,False,42412.0,Manchester United,Defensa central,Retirado,1988.0,37.0,100.0,1000000.0,,1000000.0,13.815511557963774,0.0
32023,Vicente Guaita,G,GK,La Liga,34,3060.0,6.897058823529412,0.0,0.0,0.0,,0.0003928252941176,22.794117647058822,0.0,0.7896111766214834,0.4411764705882353,0.0,0.0,8.0,387.0,30.0,48.375,0.0,0.0,False,198.0,,True,64399.0,RC Celta de Vigo,Portero,Sin equipo,1987.0,38.0,100.0,700000.0,430000.0,700000.0,13.45883704259595,2.3823529411764706
32040,Davide Faraoni,M,MID,Serie A,3,199.0,7.0,0.0,0.0,0.0,,0.0422552321212121,20.47619047619048,0.7792207792207794,0.783157894736842,4.562770562770563,1.0562770562770565,3.506493506493507,22.0,664.0,68.0,30.181818181818183,5.0,58.0,False,158.0,,True,73926.0,Hellas Verona,Lateral derecho,Sin equipo,1991.0,34.0,100.0,800000.0,540000.0,800000.0,13.592368256649284,0.0
17054,Adam Lallana,M,MID,Premier League,5,261.0,6.840000000000001,0.0,0.3050847457627118,0.3050847457627118,0.0390508474576271,0.0983569286120018,58.27732478240953,0.6050847457627119,0.8896468444585895,5.656115437471369,1.0966559780119105,1.4915712322491983,26.0,817.0,126.0,31.423076923076923,1.0,27.0,False,118.0,,False,43530.0,Southampton FC,Mediocentro ofensivo,Retirado,1988.0,37.0,100.0,750000.0,,750000.0,13.527829818844936,0.0
19314,Fraser Forster,G,GK,Premier League,6,540.0,6.9,0.0,0.0,0.0,,0.0002270066666666,22.83333333333333,0.0,0.8093227474260641,0.1666666666666666,0.0,0.0,6.0,577.0,70.0,96.16666666666669,3.0,253.0,False,288.0,2.0,False,52570.0,Tottenham Hotspur,Portero,AFC Bournemouth,1988.0,37.0,100.0,1000000.0,660000.0,1000000.0,13.815511557963774,3.666666666666667
19352,Matteo Darmian,M,MID,Serie A,22,1695.0,6.890909090909091,0.1477272727272727,0.0909090909090909,0.5100267379679144,0.2851649159663866,0.0548150460548844,42.206643978189945,0.7207792207792209,0.8466018515368028,2.7677015384016608,0.5067034438033158,1.2769682470639407,16.0,422.0,78.0,26.375,2.0,34.0,False,91.0,,True,54906.0,Inter de Milán,Lateral derecho,Sin equipo,1989.0,36.0,100.0,2500000.0,1400000.0,2500000.0,14.731801689838347,0.0
19356,Iago Aspas,F,FWD,La Liga,20,1547.0,7.334999999999999,0.3510402473535269,0.205295566502463,2.563734147778906,0.3525379848990175,0.1864080343537745,41.53032149780912,1.553373377004972,0.7644154831181217,3.3758641887000707,0.521774661759084,0.6653835929770373,9.0,267.0,36.0,29.666666666666668,1.0,28.0,False,48.0,2.0,False,72047.0,RC Celta de Vigo,Delantero centro,RC Celta de Vigo,1987.0,38.0,100.0,2000000.0,1700000.0,2000000.0,14.508658238524095,0.0
21555,César Azpilicueta,D,DEF,La Liga,12,843.0,7.008333333333333,0.0925925925925926,0.0,0.5925925925925926,0.0829222222222222,0.0397038949518999,57.67183742183742,0.2685185185185185,0.8713268328992086,4.588023088023088,0.4166666666666667,2.59018759018759,14.0,468.0,77.0,33.42857142857143,2.0,98.0,False,170.0,,False,57500.0,Atlético de Madrid,Defensa central,Retirado,1989.0,36.0,100.0,1500000.0,1100000.0,1500000.0,14.220976332738882,0.0
21608,Nicolas Viola,F,FWD,Serie A,19,1110.0,6.9,0.2317884876124737,0.068649885583524,2.217559348523363,0.2175076538309942,0.1771744697237156,26.49378580855937,2.0178524787211827,0.6519675174299163,5.727188217177489,0.226854277086158,0.902236063141077,12.0,273.0,38.0,22.75,2.0,36.0,False,60.0,3.0,False,85393.0,Cagliari,Mediocentro ofensivo,Ravenna FC,1989.0,36.0,100.0,1000000.0,515000.0,1000000.0,13.815511557963774,0.0
21927,Marko Arnautović,F,FWD,Serie A,6,400.0,7.316666666666666,1.047372724128172,0.2542372881355932,2.457391277003868,0.5621621641877089,0.1502388146221817,20.988826347179856,0.976997578692494,0.7996669388116757,3.213048855905999,0.0,0.0,41.0,635.0,90.0,15.48780487804878,4.0,96.0,False,102.0,2.0,False,41384.0,Inter de Milán,Delantero centro,Estrella Roja de Belgrado,1989.0,36.0,100.0,3000000.0,2600000.0,3000000.0,14.914123179965662,0.0
21949,Óscar Trejo,M,MID,La Liga,5,306.0,6.68,0.2903225806451613,0.0,1.1821489206888187,0.2759193952623494,0.036826483668041,36.65777346592287,0.3157894736842105,0.8248143084985191,5.997687767806613,0.5428571428571428,1.1919799498746866,5.0,75.0,12.0,15.0,0.0,0.0,False,32.0,,False,30321.0,Rayo Vallecano,Mediocentro ofensivo,Retirado,1988.0,37.0,100.0,500000.0,390000.0,500000.0,13.122365377402328,0.0
904991,Stanley N'Soki,D,DEF,Bundesliga,15,1159.0,6.78,0.0,0.0,0.2,0.0329,0.0362270838143506,56.66557362880504,0.472289156626506,0.8603916107071161,3.979427610009623,1.6697129983348025,1.4446468802037418,13.0,331.0,33.0,25.46153846153846,6.0,191.0,False,80.0,,False,371141.0,TSG 1899 Hoffenheim,Defensa central,1.FC Unión Berlín,1999.0,26.0,96.2962962962963,2500000.0,1800000.0,2500000.0,14.731801689838347,0.0
149593,Pierre Emile Hojbjerg,M,MID,Ligue 1,29,2576.0,7.334482758620689,0.0689655172413793,0.1379310344827586,1.037690457097033,0.1971457848837209,0.1457494160785886,96.25581395348836,1.396551724137931,0.9213226722592388,4.315156375300722,1.3981555733761029,2.142742582197273,16.0,184.0,30.0,11.5,2.0,31.0,False,50.0,3.0,False,167799.0,Olympique de Marsella,Pivote,Olympique de Marsella,1995.0,30.0,95.23809523809524,20000000.0,16300000.0,20000000.0,16.811242881518265,0.0
1605340,Lior Kasa,M,MID,Serie A,3,145.0,6.666666666666667,0.0,0.0,2.5454545454545454,0.7672969696969698,0.0064501042424242,28.0,0.0,0.8059163059163059,2.4242424242424243,0.0,1.0909090909090908,2.0,292.0,36.0,146.0,0.0,0.0,False,276.0,3.0,False,1083164.0,Génova,Mediocentro,Maccabi Haifa,2005.0,20.0,94.73684210526316,1500000.0,1300000.0,1500000.0,14.220976332738882,0.0
1499870,Luc Zogbé,D,DEF,Ligue 1,6,495.0,6.5,0.0,0.0,1.0,0.05795,0.0154569816666666,35.5,0.5,0.82440856291431,6.166666666666667,1.5,3.6666666666666665,0.0,0.0,0.0,0.0,0.0,0.0,False,0.0,4.0,False,1144999.0,Stade Brestois 29,Lateral derecho,Stade Brestois 29,2005.0,20.0,94.73684210526316,2500000.0,1600000.0,2500000.0,14.731801689838347,0.0
804909,Albert Guðmundsson,F,FWD,Serie A,15,1050.0,7.04,0.5538714450106855,0.073170731707317,2.0875558528719664,0.3822300392507495,0.0403069416219502,31.312287216745823,0.8655982968456825,0.8737297385223306,3.478212854285222,0.4104661406264126,0.7945225824893519,13.0,307.0,78.0,23.615384615384617,9.0,121.0,False,155.0,4.0,False,305947.0,Fiorentina,Mediapunta,Fiorentina,1997.0,28.0,94.44444444444444,18000000.0,11800000.0,18000000.0,16.705882371415992,0.0
135256,Christian Norgaard,M,MID,Premier League,24,1930.0,7.025,0.1737012987012987,0.0833333333333333,1.1987759702368137,0.1997626508738131,0.0298911709311681,45.59563726928919,0.596093044263776,0.8236941018220723,5.668837939576993,1.6119324896433331,2.8579022775338525,14.0,603.0,107.0,43.07142857142857,4.0,100.0,False,74.0,2.0,False,148367.0,Brentford FC,Pivote,Arsenal FC,1994.0,31.0,94.44444444444444,11000000.0,6700000.0,11000000.0,16.213405921671733,0.0
309078,Alexander Sorloth,F,FWD,La Liga,22,1282.0,7.004545454545454,0.9570909321537296,0.0481283422459893,4.388504770340468,0.892266976259825,0.0395662392898964,18.568943778345734,0.8808073459493495,0.7008772792863702,6.605589860574306,0.0693374422187981,0.5917587917343239,10.0,120.0,23.0,12.0,2.0,34.0,False,25.0,3.0,False,238407.0,Atlético de Madrid,Delantero centro,Atlético de Madrid,1995.0,30.0,94.11764705882352,25000000.0,21000000.0,25000000.0,17.034386422832473,0.0
288321,Pawel Dawidowicz,D,DEF,Serie A,23,1793.0,6.652173913043479,0.0,0.0,0.1304347826086956,0.0887999999999999,0.0072727481096423,36.68034560172791,0.0,0.810556845828011,4.442708398919856,1.0124223602484472,2.26145486984024,24.0,600.0,108.0,25.0,6.0,123.0,False,143.0,,True,248732.0,Hellas Verona,Defensa central,Sin equipo,1995.0,30.0,93.75,2500000.0,2100000.0,2500000.0,14.731801689838347,0.0
849114,Radosław Majecki,G,GK,Ligue 1,14,1260.0,6.864285714285714,0.0,0.0,0.0,,0.0011100685714285,21.928571428571427,0.0,0.7189783961263801,0.4285714285714285,0.0,0.0,7.0,230.0,35.0,32.857142857142854,2.0,84.0,False,62.0,1.92,False,346546.0,AS Mónaco,Portero,Pafos FC,1999.0,26.0,93.75,6000000.0,4300000.0,6000000.0,15.607270193858982,2.8571428571428568
1031658,Javier Hernández,D,DEF,La Liga,27,2326.0,6.707407407407407,0.074074074074074,0.037037037037037,0.6481358550781878,0.0647194420651405,0.0514484007565024,30.52892434417851,0.6423438363736871,0.7616045142147954,2.953048969343273,0.7969173993270379,0.9524401593824922,0.0,0.0,0.0,0.0,0.0,0.0,False,0.0,2.0,False,422466.0,CD Leganés,Lateral izquierdo,CD Leganés,1998.0,27.0,93.33333333333331,2500000.0,1900000.0,2500000.0,14.731801689838347,0.0
1031258,Yehor Yarmolyuk,M,MID,Premier League,9,636.0,6.966666666666667,0.0,0.0,1.0463873283395757,0.1105905337078651,0.0459440087217763,49.905989165329046,0.8229166666666666,0.8649040883396808,4.398818441234171,0.9853754235776708,2.0991405831995724,4.0,126.0,13.0,31.5,0.0,0.0,False,69.0,6.0,False,717411.0,Brentford FC,Mediocentro,Brentford FC,2004.0,21.0,93.33333333333331,15000000.0,29000000.0,15000000.0,16.52356082573315,0.0
547410,Martin Odegaard,M,MID,Premier League,18,1526.0,7.272222222222222,0.1270913770913771,0.1720867208672086,1.6884494542388182,0.228710809728099,0.2583084304437539,52.326663580699815,2.321314176928592,0.8610335396260671,3.292456597205516,0.1699346405228758,0.9969038225777068,22.0,490.0,89.0,22.272727272727277,3.0,82.0,False,90.0,3.0,False,316264.0,Arsenal FC,Mediocentro ofensivo,Arsenal FC,1998.0,27.0,93.33333333333331,85000000.0,71000000.0,85000000.0,18.258161826219297,0.0
886628,Þórir Jóhann Helgason,M,MID,Serie A,15,1047.0,6.793333333333334,0.0,0.2144144144144144,1.3191058414064718,0.1387832741336684,0.0657702145020907,24.45207929086102,1.5462370970797936,0.7245634724988945,2.995517857824809,0.5332309267793138,0.4646304904731871,2.0,16.0,2.0,8.0,2.0,16.0,False,10.0,4.0,False,488996.0,US Lecce,Mediocentro,Venezia FC,2000.0,25.0,93.02325581395348,3000000.0,2200000.0,3000000.0,14.914123179965662,0.0
138572,Dani Carvajal,D,DEF,La Liga,7,595.0,7.3428571428571425,0.2179176755447942,0.0,0.5036319612590799,0.6108435028248587,0.0404057645852115,59.19894216724377,0.7158908507223114,0.8876279887479442,3.654514786299208,1.5917549835686935,1.7207062600321028,36.0,1209.0,241.0,33.583333333333336,5.0,310.0,False,238.0,,True,138927.0,Real Madrid CF,Lateral derecho,Sin equipo,1992.0,33.0,92.85714285714286,8000000.0,5800000.0,8000000.0,15.894952224644102,0.0
346516,Adri Embarba,M,MID,La Liga,22,1422.0,6.6909090909090905,0.047568710359408,0.0454545454545454,2.0612035849744648,0.1781603000903239,0.1404526326203165,25.159249525340314,1.107775402485321,0.7231471876154111,4.741121297779149,0.7273565107465007,2.0143839746148977,4.0,91.0,9.0,22.75,0.0,0.0,False,32.0,3.0,False,288318.0,Rayo Vallecano,Extremo derecho,UD Almería,1992.0,33.0,92.3076923076923,1200000.0,910000.0,1200000.0,13.997832948091215,0.0
984789,Manuel Sánchez,D,DEF,La Liga,31,2604.0,6.706451612903226,0.032991202346041,0.0,0.4629681334818589,0.2084787614913176,0.0426461903754962,25.903352377319106,0.5300172019998044,0.7271643467983687,4.023542823880273,1.0365081209399327,2.808153359797537,1.0,13.0,3.0,13.0,0.0,0.0,False,13.0,2.0,False,618809.0,Deportivo Alavés,Lateral izquierdo,Levante UD,2000.0,25.0,92.3076923076923,6000000.0,6400000.0,6000000.0,15.607270193858982,0.0
889590,Marcin Bułka,G,GK,Ligue 1,33,2970.0,7.221212121212122,0.0,0.0,0.0,,0.0021827181818181,27.454545454545453,0.0303030303030303,0.7844827237512869,0.3939393939393939,0.0,0.0,3.0,404.0,56.0,134.66666666666666,0.0,0.0,False,231.0,4.0,False,465955.0,OGC Niza,Portero,NEOM SC,1999.0,26.0,91.66666666666666,20000000.0,16500000.0,20000000.0,16.811242881518265,3.4848484848484844
910978,Daniel Vivian,D,DEF,La Liga,29,2565.0,7.2379310344827585,0.1379310344827586,0.0,0.6896551724137931,0.1508153846153846,0.0279337086206896,61.0,0.3793103448275862,0.8684557543400118,4.0344827586206895,1.6206896551724137,1.4137931034482758,7.0,167.0,27.0,23.857142857142858,3.0,48.0,False,49.0,7.0,False,524000.0,Athletic Club,Defensa central,Athletic Club,1999.0,26.0,91.66666666666666,40000000.0,23000000.0,40000000.0,17.50439003707821,0.0
1122610,Javier Guerra,M,MID,La Liga,30,2444.0,6.806666666666667,0.1053160919540229,0.1188614852566436,1.502472475230663,0.0824950360596948,0.1192530567259166,43.40245298289224,0.8365898163684071,0.7844326265860684,4.334793964319769,0.7346247576937718,1.751509023090126,0.0,0.0,0.0,0.0,0.0,0.0,False,0.0,4.0,False,834764.0,Valencia CF,Mediocentro,Valencia CF,2003.0,22.0,91.66666666666666,25000000.0,26000000.0,25000000.0,17.034386422832473,0.0
78939,Christian Gytkjær,F,FWD,Serie A,7,474.0,6.614285714285714,0.0,0.1810865191146881,1.490666485824708,0.2391788408169665,0.0371471610734305,15.171788550065427,0.8512663793506832,0.5127966571243883,3.3919385932083848,0.0,0.3637873754152824,2.0,77.0,11.0,38.5,0.0,0.0,False,52.0,,True,76274.0,Venezia FC,Delantero centro,Sin equipo,1990.0,35.0,91.42857142857144,700000.0,360000.0,700000.0,13.45883704259595,0.0
592560,Giorgos Masouras,F,FWD,Bundesliga,14,1063.0,6.821428571428571,0.1461038961038961,0.0,2.356328794898844,0.409164270606435,0.1095018708706469,22.403554633550648,0.8361557468607713,0.7681771246510299,5.07531805248496,0.3179499072356215,1.685865863839757,5.0,78.0,17.0,15.6,1.0,24.0,False,27.0,2.0,False,329517.0,VfL Bochum,Extremo izquierdo,Olympiacos El Pireo,1994.0,31.0,90.9090909090909,2000000.0,2000000.0,2000000.0,14.508658238524095,0.0
876600,Mousa Tamari,F,FWD,Ligue 1,21,1534.0,6.880952380952381,0.1526991636394356,0.0476190476190476,2.4081838410087197,0.3372928658625687,0.1391371052276004,22.29402285980428,1.1416532230816976,0.824312532030356,5.2626518053446185,0.3048432324361874,0.9862125543585046,4.0,78.0,11.0,19.5,4.0,78.0,False,50.0,3.0,False,551505.0,Stade Rennais FC,Extremo derecho,Stade Rennais FC,1997.0,28.0,88.88888888888889,6000000.0,6500000.0,6000000.0,15.607270193858982,0.0
842364,Joakim Mæhle,D,DEF,Bundesliga,23,2048.0,6.834782608695652,0.0869565217391304,0.1304347826086956,0.7512777539232932,0.1429983866563509,0.1280383206238237,41.048824432152166,0.8285977209983981,0.80656984185054,3.5383512931923318,1.0899558060008407,1.481748673611979,11.0,271.0,37.0,24.63636363636364,3.0,60.0,False,136.0,2.0,False,369674.0,VfL Wolfsburgo,Lateral izquierdo,VfL Wolfsburgo,1997.0,28.0,88.0,14000000.0,9500000.0,14000000.0,16.454567959008102,0.0
1154611,Valentin Atangana Edoa,M,MID,Ligue 1,33,2775.0,6.857575757575758,0.0303030303030303,0.0,1.0545586653910262,0.1083217708136785,0.0221229674135672,32.41398520022592,0.3646655523570743,0.8505517087780583,5.832779655661773,1.1882970752168016,2.186172513894628,2.0,77.0,9.0,38.5,2.0,77.0,False,49.0,3.0,False,923759.0,Stade de Reims,Mediocentro,Al-Ahli SFC,2005.0,20.0,87.17948717948718,10000000.0,15800000.0,10000000.0,16.118095750958314,0.0
1002920,Joseph Scally,D,DEF,Bundesliga,30,2542.0,6.663333333333333,0.0,0.0,0.2072072072072072,0.0648441441441441,0.0433886827480285,44.06717378523852,0.3369598976888645,0.8430563704046224,5.134077480553411,0.5626487094241879,1.5405442247295278,3.0,19.0,1.0,6.333333333333333,1.0,3.0,False,12.0,2.0,False,504153.0,Borussia Mönchengladbach,Lateral derecho,Borussia Mönchengladbach,2002.0,23.0,86.95652173913044,10000000.0,6600000.0,10000000.0,16.118095750958314,0.0
262911,Andy Robertson,D,DEF,Premier League,22,1813.0,7.027272727272727,0.0,0.0,0.5217701845608822,0.1313649905719673,0.1335293413257146,56.31008431181943,1.352002421946048,0.8869082427580964,2.1575076646605926,0.6432034755175133,1.5606391802823096,17.0,273.0,49.0,16.058823529411764,4.0,121.0,False,103.0,5.0,False,234803.0,Liverpool FC,Lateral izquierdo,Tottenham Hotspur,1994.0,31.0,86.66666666666667,18000000.0,10700000.0,18000000.0,16.705882371415992,0.0
1010421,Josep Chavarría,D,DEF,La Liga,29,2489.0,6.951724137931034,0.0,0.0344827586206896,0.3922077922077922,0.1766179591836734,0.0686494414615295,42.43096756014229,0.8472010747872818,0.808784315480943,3.609671072824889,1.0786969713742285,1.595730035172112,1.0,10.0,1.0,10.0,0.0,0.0,False,10.0,5.0,False,596122.0,Rayo Vallecano,Lateral izquierdo,Rayo Vallecano,1998.0,27.0,85.71428571428572,5000000.0,9700000.0,5000000.0,15.424948670398354,0.0
978521,Victor Okoh Boniface,F,FWD,Bundesliga,13,939.0,6.961538461538462,0.6769759832537464,0.0805008944543828,4.2096133705405565,0.6960082447424066,0.0955731685717594,20.59050304422361,1.0093831671314906,0.7227176026501194,4.589096496553104,0.0,0.353137031507818,12.0,841.0,127.0,70.08333333333333,6.0,165.0,False,358.0,3.0,False,656681.0,Bayer 04 Leverkusen,Delantero centro,Bayer 04 Leverkusen,2000.0,25.0,85.71428571428572,40000000.0,13200000.0,40000000.0,17.50439003707821,0.0
980634,Valentino Livramento,D,DEF,Premier League,23,1805.0,6.813043478260869,0.0,0.0,0.1657608695652173,0.0581354166666666,0.0416192292480418,41.73858738789173,0.4782608695652174,0.8512824262080798,4.598701288741819,0.8495496497275659,1.899534168337826,11.0,658.0,100.0,59.81818181818182,4.0,62.0,False,354.0,3.0,False,503981.0,Newcastle United,Lateral derecho,Newcastle United,2002.0,23.0,85.71428571428572,40000000.0,39000000.0,40000000.0,17.50439003707821,0.0
907667,Faustino Anjorin,M,MID,Serie A,15,996.0,6.933333333333334,0.0,0.2654047976011994,1.803057428603246,0.0970842026340128,0.0975739926192018,34.611173741812,1.4591468754669654,0.8258823073784374,5.896576473274748,1.16558313297065,2.5264769213265565,12.0,509.0,72.0,42.41666666666666,5.0,105.0,False,174.0,3.0,False,433181.0,Empoli FC,Mediocentro,Torino FC,2001.0,24.0,85.71428571428572,6000000.0,4099999.0,6000000.0,15.607270193858982,0.0
1155358,Dailon Rocha Livramento,F,FWD,Serie A,12,691.0,6.558333333333334,0.1013513513513513,0.0,1.0337016865809876,0.304690742908607,0.0301055711566512,15.428991083575234,0.5961024586336585,0.6118483504512916,4.885084793691497,0.2352799227799228,1.5713256409458942,1.0,12.0,1.0,12.0,1.0,12.0,False,12.0,3.0,False,676411.0,Hellas Verona,Delantero centro,Hellas Verona,2001.0,24.0,85.0,800000.0,775000.0,800000.0,13.592368256649284,0.0
933203,Mikael Ellertsson,M,MID,Serie A,29,2269.0,6.841379310344828,0.0727969348659003,0.0788177339901477,0.7497533021449762,0.0808899274033177,0.0686517649325095,18.69693381773193,0.7106109589324231,0.7161546805721068,4.690109778183275,0.5663339325761625,2.1345733498219,2.0,98.0,20.0,49.0,1.0,8.0,False,90.0,4.0,False,566615.0,Venezia FC,Mediocentro,Génova,2002.0,23.0,85.0,3400000.0,5600000.0,3400000.0,15.039286283703994,0.0
979821,Finn Ole Becker,M,MID,Bundesliga,7,598.0,6.957142857142857,0.0,0.1428571428571428,0.476808905380334,0.0483714285714285,0.0455159359272518,49.33695680576968,1.191094619666048,0.8259756428222788,4.53920928166401,1.577386396299877,1.6720060623481146,8.0,250.0,29.0,31.25,3.0,153.0,False,111.0,,False,334999.0,TSG 1899 Hoffenheim,Mediocentro,1. FC Núremberg​,2000.0,25.0,84.61538461538461,2000000.0,1600000.0,2000000.0,14.508658238524095,0.0
1512339,Lucas Mincarelli Davin,D,DEF,Ligue 1,9,701.0,6.711111111111111,0.1111111111111111,0.0,0.8496732026143791,0.1129397058823529,0.0769181548828311,42.27307508369202,0.3441734417344173,0.8452553959095404,3.954088952654232,1.0,2.1938466443487963,3.0,205.0,16.0,68.33333333333333,3.0,205.0,False,103.0,2.0,False,982393.0,Montpellier HSC,Lateral izquierdo,Montpellier HSC,2004.0,21.0,84.21052631578947,900000.0,640000.0,900000.0,13.71015115341694,0.0
106337,Idrissa Gana Gueye,M,MID,Premier League,25,2096.0,7.056,0.0,0.08,1.0706262626262626,0.1105988417508417,0.0407679541539493,41.92105693751794,0.5745454545454546,0.8605149425259345,6.8214578401329895,1.4317492005314214,4.3223652620053805,12.0,153.0,24.0,12.75,0.0,0.0,False,24.0,,True,126665.0,Everton FC,Pivote,Sin equipo,1989.0,36.0,83.87096774193549,1500000.0,970000.0,1500000.0,14.220976332738882,0.0
2063925,Wilfried Ndollo Bille,D,DEF,Ligue 1,6,369.0,6.5,0.0,0.0,0.0,,0.0273790186048265,34.38084464555053,0.2307692307692307,0.8361111111111111,3.3205128205128207,1.564102564102564,1.1666666666666667,0.0,0.0,0.0,0.0,0.0,0.0,False,0.0,3.0,False,1203026.0,Montpellier HSC,Lateral derecho,Montpellier HSC,2005.0,20.0,83.33333333333334,200000.0,105000.0,200000.0,12.206077645517674,0.0
921789,Rasmus Kristensen,D,DEF,Bundesliga,29,2488.0,7.120689655172414,0.1724137931034483,0.1109040074557315,0.7999999999999999,0.203465,0.1668140464949015,48.60151295787174,0.7643805478740471,0.7709077731174155,4.783631786408408,0.717255511588468,2.0356152506378624,8.0,342.0,49.0,42.75,3.0,68.0,False,141.0,6.0,False,369684.0,Eintracht Fráncfort​​,Lateral derecho,FC Midtjylland,1997.0,28.0,82.92682926829268,14000000.0,12900000.0,14000000.0,16.454567959008102,0.0
929975,Francisco Vieites,G,GK,La Liga,4,360.0,6.825,0.0,0.0,0.25,0.0286,0.0008061625,25.75,0.0,0.6016233766233766,0.75,0.0,0.0,0.0,0.0,0.0,0.0,0.0,0.0,False,0.0,2.0,False,551182.0,Real Betis Balompié,Portero,Leicester City,1999.0,26.0,82.75862068965517,2000000.0,1600000.0,2000000.0,14.508658238524095,1.75
998950,Diego López,M,MID,La Liga,34,2571.0,6.75,0.2563453174454374,0.1866899474604528,1.3828575153970128,0.2829195353286156,0.1497715210973206,27.50284124758629,1.0651469440556889,0.7415271217698232,3.280705920887577,0.5028939744696674,1.012354261921468,4.0,140.0,28.0,35.0,2.0,101.0,False,69.0,5.0,False,996897.0,Brighton & Hove Albion,Mediocentro,Brighton & Hove Albion,2003.0,22.0,81.81818181818181,14000000.0,12800000.0,14000000.0,16.454567959008102,0.0
1101232,Abdelkabir Abqar,D,DEF,La Liga,29,2467.0,6.779310344827586,0.0,0.0344827586206896,0.4459911761519083,0.0947602857423409,0.0139603868773494,33.324171990854175,0.2940515209794945,0.7415065572469206,3.9392317717631937,1.472718207551584,1.2773315047021945,4.0,192.0,34.0,48.0,2.0,63.0,False,82.0,3.0,False,559979.0,Deportivo Alavés,Defensa central,Getafe CF,1999.0,26.0,81.4814814814815,7500000.0,5700000.0,7500000.0,15.830413711839864,0.0
858194,Edward Nketiah,F,FWD,Premier League,8,571.0,7.0125,0.0,0.375,4.067553593666608,0.4081495607987903,0.1223807416129247,20.81676970289984,2.355925324675325,0.7574810606060606,7.326259784735813,0.125,1.1542207792207793,7.0,395.0,61.0,56.42857142857143,1.0,6.0,False,115.0,4.0,False,340324.0,Crystal Palace,Delantero centro,Crystal Palace,1999.0,26.0,81.4814814814815,18000000.0,14400000.0,18000000.0,16.705882371415992,0.0
1026015,Orri Steinn Óskarsson,F,FWD,La Liga,12,711.0,6.525,0.0,0.0,0.8529153494906919,0.5045764752370916,0.0562942822317857,16.860790617944293,0.4772727272727273,0.6183630952380953,3.730533435712577,0.2001423234299947,0.5560914495340725,1.0,123.0,23.0,123.0,0.0,0.0,False,123.0,5.0,False,660438.0,Real Sociedad,Delantero centro,Real Sociedad,2004.0,21.0,80.0,15000000.0,12500000.0,15000000.0,16.52356082573315,0.0
1137584,Chuky,M,MID,La Liga,11,632.0,6.581818181818182,0.231974921630094,0.0,1.492438714810843,0.4621993663516754,0.1489398953308544,16.006017070184996,0.5155691100693283,0.7164141414141414,3.2949909131578377,0.0,1.169683021236531,0.0,0.0,0.0,0.0,0.0,0.0,False,0.0,5.0,False,926763.0,Real Valladolid CF,Mediocentro ofensivo,SV Werder Bremen,2004.0,21.0,80.0,1500000.0,4400000.0,1500000.0,14.220976332738882,0.0
